"Class","Family","File","Line","Priority","Details","Snippet"
"DEAD","comment-text","Lib_Network\ggsrv.cpp","18","-","commented-out / in /* */ block","//printf(""GGAuth version update [%s] : [%ld] -> [%ld] \n"","
"DEAD","comment-text","Lib_Network\ggsrv.h","108","-","commented-out / in /* */ block","printf(""GGAuth version update [%s] : [%ld] -> [%ld] \n"", // for examples"
"DEAD","comment-text","Lib_Network\s_CAgentServerMsg.cpp","875","-","commented-out / in /* */ block","CDebugSet::ToTracingFile( pCHAR_DATA->m_szUserName, ""Character Select!, [%s][%s], IP:[%s], Channel:[%d], UserNum:[%u], C"
"DEAD","comment-text","Lib_Network\s_CDbActionUser.cpp","543","-","commented-out / in /* */ block","CConsoleMessage::GetInstance()->Write(""CAgentDaumUserCheck::Execute pTemp==NULL"");"
"FALSE_POSITIVE","Format","Lib_Network\s_CHttpPatch.cpp","427","-","numeric-only dynamic SQL (not injectable): %d HTTP_STATUS_BAD_GATEWAY error response received | exec:N;esc:N","strError.Format(_T(""%d HTTP_STATUS_BAD_GATEWAY error response received from gateway""), dwErrCode);"
"FALSE_POSITIVE","printf","Lib_Network\s_COdbcGame.cpp","37","-","literal-only SQL (no interpolation): SELECT UserNum, SGNum, ChaName, ChaClass, ChaBrigh | exec:Y;esc:N","_snprintf( szTemp, 512, ""SELECT UserNum, SGNum, ChaName, ChaClass, ChaBright, ChaStartMap, """
"FALSE_POSITIVE","printf","Lib_Network\s_COdbcGame.cpp","197","-","numeric-only dynamic SQL (not injectable): SELECT TOP 16 ChaNum FROM ChaInfo WITH (NOLOCK) WH | exec:Y;esc:N","_snprintf( szTemp, 256, ""SELECT TOP 16 ChaNum FROM ChaInfo WITH (NOLOCK) WHERE UserNum=%d"""
"FALSE_POSITIVE","printf","Lib_Network\s_COdbcGame.cpp","268","-","numeric-only dynamic SQL (not injectable): {call InsertPartyMatch(%d,%d,%u,%u)} | exec:Y;esc:N","_snprintf( szTemp, 128, ""{call InsertPartyMatch(%d,%d,%u,%u)}"", nSGNum, nSvrNum, wWin, wLost );"
"PARAMETERIZED","printf","Lib_Network\s_COdbcGame.cpp","298","-","placeholder stmt: {call UpdateChaExp(%I64d,%d,?)} | exec:Y;esc:N","_snprintf( szTemp, 128, ""{call UpdateChaExp(%I64d,%d,?)}"", llExp, nChaNum );"
"FALSE_POSITIVE","printf","Lib_Network\s_COdbcGame.cpp","332","-","literal-only SQL (no interpolation): SELECT ChaExp From ChaInfo  | exec:Y;esc:N","_snprintf( szTemp, 128, ""SELECT ChaExp From ChaInfo """
"PARAMETERIZED","printf","Lib_Network\s_COdbcGame.cpp","396","-","placeholder stmt: {call UpdateChaLastCallPos(%u,%f,%f,%f,%d,?)} | exec:Y;esc:N","_snprintf( szTemp, 128, ""{call UpdateChaLastCallPos(%u,%f,%f,%f,%d,?)}"", dwMapID, vPos.x, vPos.y, vPos.z, nChaNum );"
"FALSE_POSITIVE","printf","Lib_Network\s_COdbcGame.cpp","416","-","numeric-only dynamic SQL (not injectable): {call UpdateChaOnline(%d,0)} | exec:Y;esc:N","_snprintf( szTemp, 128, ""{call UpdateChaOnline(%d,0)}"", nChaNum );"
"FALSE_POSITIVE","printf","Lib_Network\s_COdbcGame.cpp","436","-","numeric-only dynamic SQL (not injectable): {call UpdateChaOnline(%d,1)} | exec:Y;esc:N","_snprintf( szTemp, 128, ""{call UpdateChaOnline(%d,1)}"", nChaNum );"
"FALSE_POSITIVE","concat/stream","Lib_Network\s_COdbcGame.cpp","449","-","literal-only SQL (no interpolation): {call UpdateAllCharacterOffline} | exec:Y;esc:N","strTemp << ""{call UpdateAllCharacterOffline}"";"
"FALSE_POSITIVE","printf","Lib_Network\s_COdbcGame.cpp","453","-","literal-only SQL (no interpolation): {call UpdateAllCharacterOffline} | exec:Y;esc:N","_snprintf( szTemp, 128, ""{call UpdateAllCharacterOffline}"" );"
"FALSE_POSITIVE","printf","Lib_Network\s_COdbcGame.cpp","474","-","literal-only SQL (no interpolation): SELECT TOP 50  | exec:N;esc:N","_snprintf(szTemp, 256, ""SELECT TOP 50 """
"FALSE_POSITIVE","printf","Lib_Network\s_COdbcGame.cpp","484","-","literal-only SQL (no interpolation): SELECT TOP 50  | exec:N;esc:N","_snprintf(szTemp, 256, ""SELECT TOP 50 """
"FALSE_POSITIVE","printf","Lib_Network\s_COdbcGame.cpp","495","-","literal-only SQL (no interpolation): SELECT TOP 50  | exec:N;esc:N","_snprintf(szTemp, 256, ""SELECT TOP 50 """
"FALSE_POSITIVE","printf","Lib_Network\s_COdbcGame.cpp","506","-","literal-only SQL (no interpolation): SELECT TOP 50  | exec:N;esc:N","_snprintf(szTemp, 256, ""SELECT TOP 50 """
"FALSE_POSITIVE","printf","Lib_Network\s_COdbcGame.cpp","517","-","literal-only SQL (no interpolation): SELECT TOP 50  | exec:N;esc:N","_snprintf(szTemp, 256, ""SELECT TOP 50 """
"FALSE_POSITIVE","printf","Lib_Network\s_COdbcGame.cpp","528","-","literal-only SQL (no interpolation): SELECT TOP 50  | exec:N;esc:N","_snprintf(szTemp, 256, ""SELECT TOP 50 """
"FALSE_POSITIVE","printf","Lib_Network\s_COdbcGame.cpp","539","-","literal-only SQL (no interpolation): SELECT TOP 50  | exec:N;esc:N","_snprintf(szTemp, 256, ""SELECT TOP 50 """
"FALSE_POSITIVE","printf","Lib_Network\s_COdbcGame.cpp","550","-","literal-only SQL (no interpolation): SELECT TOP 50  | exec:Y;esc:N","_snprintf(szTemp, 256, ""SELECT TOP 50 """
"FALSE_POSITIVE","printf","Lib_Network\s_COdbcGame.cpp","561","-","literal-only SQL (no interpolation): SELECT TOP 50  | exec:Y;esc:N","_snprintf(szTemp, 256, ""SELECT TOP 50 """
"FALSE_POSITIVE","printf","Lib_Network\s_COdbcGame.cpp","572","-","literal-only SQL (no interpolation): SELECT TOP 50  | exec:Y;esc:N","_snprintf(szTemp, 256, ""SELECT TOP 50 """
"FALSE_POSITIVE","printf","Lib_Network\s_COdbcGame.cpp","662","-","literal-only SQL (no interpolation): SELECT TOP 50  | exec:Y;esc:N","_snprintf(szTemp, 256, ""SELECT TOP 50 """
"FALSE_POSITIVE","printf","Lib_Network\s_COdbcGame.cpp","742","-","literal-only SQL (no interpolation): SELECT TOP 50  | exec:Y;esc:N","_snprintf(szTemp, 256, ""SELECT TOP 50 """
"DEAD","concat/stream","Lib_Network\s_COdbcGame.cpp","28","-","commented-out / in /* */ block","//strTemp << ""SELECT UserNum, SGNum, ChaName, ChaClass, ChaBright, ChaStartMap, "";"
"DEAD","concat/stream","Lib_Network\s_COdbcGame.cpp","32","-","commented-out / in /* */ block","//strTemp << ""FROM ChaInfo WHERE ChaNum="" << nChaNum;"
"DEAD","concat/stream","Lib_Network\s_COdbcGame.cpp","192","-","commented-out / in /* */ block","//strTemp << ""SELECT TOP 16 ChaNum FROM ChaInfo WITH (NOLOCK) WHERE UserNum="";"
"DEAD","concat/stream","Lib_Network\s_COdbcGame.cpp","260","-","commented-out / in /* */ block","//strTemp << ""{call InsertPartyMatch("";"
"DEAD","concat/stream","Lib_Network\s_COdbcGame.cpp","292","-","commented-out / in /* */ block","//strTemp << ""{call UpdateChaExp("";"
"DEAD","concat/stream","Lib_Network\s_COdbcGame.cpp","327","-","commented-out / in /* */ block","//strTemp << ""SELECT ChaExp From ChaInfo "";"
"DEAD","concat/stream","Lib_Network\s_COdbcGame.cpp","328","-","commented-out / in /* */ block","//strTemp << ""WHERE ChaNum="" << nChaNum;"
"DEAD","concat/stream","Lib_Network\s_COdbcGame.cpp","387","-","commented-out / in /* */ block","//strTemp << ""{call UpdateChaLastCallPos("";"
"DEAD","concat/stream","Lib_Network\s_COdbcGame.cpp","411","-","commented-out / in /* */ block","//strTemp << ""{call UpdateChaOnline("";"
"DEAD","concat/stream","Lib_Network\s_COdbcGame.cpp","431","-","commented-out / in /* */ block","//strTemp << ""{call UpdateChaOnline("";"
"FALSE_POSITIVE","printf","Lib_Network\s_COdbcGameChaCreate.cpp","19","-","literal-only SQL (no interpolation): INSERT INTO ChaInfo(UserNum, SGNum, ChaName, ChaTr | exec:N;esc:N","_snprintf( szTemp, 2048, ""INSERT INTO ChaInfo(UserNum, SGNum, ChaName, ChaTribe, ChaClass, """
"PARAMETERIZED","printf","Lib_Network\s_COdbcGameChaCreate.cpp","193","-","placeholder stmt: UPDATE ChaInfo SET ChaInfo.ChaSkills=? WHERE (ChaN | exec:N;esc:N","_snprintf( szTemp, 128, ""UPDATE ChaInfo SET ChaInfo.ChaSkills=? WHERE (ChaNum=%d)"", nChaNewNum );"
"PARAMETERIZED","printf","Lib_Network\s_COdbcGameChaCreate.cpp","210","-","placeholder stmt: UPDATE ChaInfo SET ChaInfo.ChaSkillSlot=? WHERE (C | exec:N;esc:N","_snprintf( szTemp, 128, ""UPDATE ChaInfo SET ChaInfo.ChaSkillSlot=? WHERE (ChaNum=%d)"", nChaNewNum );"
"PARAMETERIZED","printf","Lib_Network\s_COdbcGameChaCreate.cpp","227","-","placeholder stmt: UPDATE ChaInfo SET ChaInfo.ChaActionSlot=? WHERE ( | exec:N;esc:N","_snprintf( szTemp, 128, ""UPDATE ChaInfo SET ChaInfo.ChaActionSlot=? WHERE (ChaNum=%d)"", nChaNewNum );"
"PARAMETERIZED","printf","Lib_Network\s_COdbcGameChaCreate.cpp","244","-","placeholder stmt: UPDATE ChaInfo SET ChaInfo.ChaPutOnItems=? WHERE ( | exec:N;esc:N","_snprintf( szTemp, 128, ""UPDATE ChaInfo SET ChaInfo.ChaPutOnItems=? WHERE (ChaNum=%d)"", nChaNewNum );"
"PARAMETERIZED","printf","Lib_Network\s_COdbcGameChaCreate.cpp","262","-","placeholder stmt: UPDATE ChaInfo SET ChaInfo.ChaInven=? WHERE (ChaNu | exec:N;esc:N","_snprintf( szTemp, 128, ""UPDATE ChaInfo SET ChaInfo.ChaInven=? WHERE (ChaNum=%d)"", nChaNewNum );"
"PARAMETERIZED","printf","Lib_Network\s_COdbcGameChaCreate.cpp","279","-","placeholder stmt: UPDATE ChaInfo SET ChaInfo.ChaQuest=? WHERE (ChaNu | exec:N;esc:N","_snprintf( szTemp, 128, ""UPDATE ChaInfo SET ChaInfo.ChaQuest=? WHERE (ChaNum=%d)"", nChaNewNum );"
"PARAMETERIZED","printf","Lib_Network\s_COdbcGameChaCreate.cpp","292","-","placeholder stmt: UPDATE ChaInfo SET ChaInfo.ChaItemFood=? WHERE (Ch | exec:N;esc:N","_snprintf( szTemp, 256, ""UPDATE ChaInfo SET ChaInfo.ChaItemFood=? WHERE (ChaNum=%d)"", nChaNewNum );"
"PARAMETERIZED","printf","Lib_Network\s_COdbcGameChaCreate.cpp","303","-","placeholder stmt: UPDATE ChaInfo SET ChaInfo.ChaActivity=? WHERE (Ch | exec:N;esc:N","_snprintf( szTemp, 128, ""UPDATE ChaInfo SET ChaInfo.ChaActivity=? WHERE (ChaNum=%d)"", nChaNewNum );"
"PARAMETERIZED","printf","Lib_Network\s_COdbcGameChaCreate.cpp","314","-","placeholder stmt: UPDATE ChaInfo SET ChaInfo.ChaCodex=? WHERE (ChaNu | exec:N;esc:N","_snprintf( szTemp, 128, ""UPDATE ChaInfo SET ChaInfo.ChaCodex=? WHERE (ChaNum=%d)"", nChaNewNum );"
"FALSE_POSITIVE","printf","Lib_Network\s_COdbcGameChaCreate.cpp","362","-","literal-only SQL (no interpolation): INSERT INTO ChaLastInfo(ChaNum, ChaLevel, ChaMoney | exec:Y;esc:N","_snprintf( szTemp, 256, ""INSERT INTO ChaLastInfo(ChaNum, ChaLevel, ChaMoney )"""
"DEAD","comment-text","Lib_Network\s_COdbcGameChaCreate.cpp","134","-","commented-out / in /* */ block","(SQLCHAR*) ""SELECT @@IDENTITY"","
"DEAD","concat/stream","Lib_Network\s_COdbcGameChaCreate.cpp","189","-","commented-out / in /* */ block","//strSkillls << ""UPDATE ChaInfo SET ChaInfo.ChaSkills=? WHERE (ChaNum="" <<  nChaNewNum << "")"";"
"DEAD","concat/stream","Lib_Network\s_COdbcGameChaCreate.cpp","206","-","commented-out / in /* */ block","//strSkillSlot << ""UPDATE ChaInfo SET ChaInfo.ChaSkillSlot=? WHERE (ChaNum="" <<  nChaNewNum << "")"";"
"DEAD","concat/stream","Lib_Network\s_COdbcGameChaCreate.cpp","223","-","commented-out / in /* */ block","//strActionSlot << ""UPDATE ChaInfo SET ChaInfo.ChaActionSlot=? WHERE (ChaNum="" <<  nChaNewNum << "")"";"
"DEAD","concat/stream","Lib_Network\s_COdbcGameChaCreate.cpp","240","-","commented-out / in /* */ block","//strPutOnItems << ""UPDATE ChaInfo SET ChaInfo.ChaPutOnItems=? WHERE (ChaNum="" <<  nChaNewNum << "")"";"
"DEAD","concat/stream","Lib_Network\s_COdbcGameChaCreate.cpp","258","-","commented-out / in /* */ block","//strInven << ""UPDATE ChaInfo SET ChaInfo.ChaInven=? WHERE (ChaNum="" <<  nChaNewNum << "")"";"
"DEAD","concat/stream","Lib_Network\s_COdbcGameChaCreate.cpp","275","-","commented-out / in /* */ block","//strQuest << ""UPDATE ChaInfo SET ChaInfo.ChaQuest=? WHERE (ChaNum="" <<  nChaNewNum << "")"";"
"PARAMETERIZED","printf","Lib_Network\s_COdbcGameChaDelete.cpp","25","-","placeholder stmt: {call sp_delete_character(%d, ?)} | exec:Y;esc:N","_snprintf( szTemp, 128, ""{call sp_delete_character(%d, ?)}"", nChaNum );"
"VULNERABLE","printf","Lib_Network\s_COdbcGameChaDelete.cpp","43","HIGH","{call sp_UserCheckPass(%d,'%s', ?)} | exec:Y;esc:N | interp:%s-family","_snprintf( szTemp, 128, ""{call sp_UserCheckPass(%d,'%s', ?)}"", nUsrNum, szPass2 );"
"VULNERABLE","printf","Lib_Network\s_COdbcGameChaDelete.cpp","66","HIGH","SELECT UserNum FROM UserInfo WITH (NOLOCK) WHERE U | exec:Y;esc:N | interp:%s-family","_snprintf( szTemp, 512, ""SELECT UserNum FROM UserInfo WITH (NOLOCK) WHERE UserNum=%d AND UserPass2='%s'"", nUsrNum, szPas"
"DEAD","concat/stream","Lib_Network\s_COdbcGameChaDelete.cpp","20","-","commented-out / in /* */ block","//strTemp << ""{call sp_delete_character("";"
"DEAD","concat/stream","Lib_Network\s_COdbcGameChaDelete.cpp","58","-","commented-out / in /* */ block","//strTemp << ""SELECT UserNum FROM UserInfo WITH (NOLOCK) WHERE UserNum="";"
"ESCAPED","printf","Lib_Network\s_COdbcGameChaEquipmentLock.cpp","34","MEDIUM","{call sp_InsertEquipmentPass(%d,'%s','%s',?)} | exec:Y;esc:Y | interp:%s-family","_snprintf( szTemp, 128, ""{call sp_InsertEquipmentPass(%d,'%s','%s',?)}"", dwChaNum, strName.GetString(), strEPin.GetStrin"
"ESCAPED","printf","Lib_Network\s_COdbcGameChaEquipmentLock.cpp","64","MEDIUM","{call sp_CheckEquipmentPass(%d,'%s','%s',?)} | exec:Y;esc:Y | interp:%s-family","_snprintf( szTemp, 128, ""{call sp_CheckEquipmentPass(%d,'%s','%s',?)}"", dwChaNum, strName.GetString(), strEPin.GetString"
"ESCAPED","printf","Lib_Network\s_COdbcGameChaEquipmentLock.cpp","91","MEDIUM","SELECT ChaEPass FROM ChaEquipmentPass WHERE ChaNum | exec:Y;esc:Y | interp:%s-family","_snprintf( szTemp, 256, ""SELECT ChaEPass FROM ChaEquipmentPass WHERE ChaNum=%u And ChaName='%s'"", dwChaNum, strName.GetS"
"ESCAPED","printf","Lib_Network\s_COdbcGameChaEquipmentLock.cpp","172","MEDIUM","{call sp_ChangeEquipmentPass(%d,'%s','%s',?)} | exec:Y;esc:Y | interp:%s-family","_snprintf( szTemp, 128, ""{call sp_ChangeEquipmentPass(%d,'%s','%s',?)}"", dwChaNum, strName.GetString(), strEPin.GetStrin"
"ESCAPED","printf","Lib_Network\s_COdbcGameChaEquipmentLock.cpp","193","MEDIUM","{call sp_DeleteEquipmentPass(%d,'%s',?)} | exec:Y;esc:Y | interp:%s-family","_snprintf( szTemp, 128, ""{call sp_DeleteEquipmentPass(%d,'%s',?)}"", dwChaNum, strName.GetString() );"
"FALSE_POSITIVE","printf","Lib_Network\s_COdbcGameChaGet.cpp","25","-","literal-only SQL (no interpolation): SELECT UserNum,SGNum,ChaName,ChaTribe,ChaClass, | exec:Y;esc:N","_snprintf( szTemp, 2048, ""SELECT UserNum,SGNum,ChaName,ChaTribe,ChaClass,"""
"FALSE_POSITIVE","printf","Lib_Network\s_COdbcGameChaGet.cpp","538","-","literal-only SQL (no interpolation): SELECT ChaName, ChaClass, ChaSchool, ChaDex, ChaIn | exec:Y;esc:N","_snprintf( szTemp, 512, ""SELECT ChaName, ChaClass, ChaSchool, ChaDex, ChaIntel, ChaPower,"""
"FALSE_POSITIVE","printf","Lib_Network\s_COdbcGameChaGet.cpp","702","-","numeric-only dynamic SQL (not injectable): SELECT ChaPhone FROM ChaSmsInfo WHERE ChaNum=%d | exec:Y;esc:N","_snprintf( szTemp, 128, ""SELECT ChaPhone FROM ChaSmsInfo WHERE ChaNum=%d"", nChaNum );"
"FALSE_POSITIVE","printf","Lib_Network\s_COdbcGameChaGet.cpp","764","-","numeric-only dynamic SQL (not injectable): SELECT saveMoney, saveExp, itemCount FROM ChaInfo  | exec:Y;esc:N","_snprintf( szTemp, 128, ""SELECT saveMoney, saveExp, itemCount FROM ChaInfo WHERE ChaNum=%d"", nChaNum );"
"FALSE_POSITIVE","printf","Lib_Network\s_COdbcGameChaGet.cpp","822","-","numeric-only dynamic SQL (not injectable): SELECT ChaMoney,ChaLevel FROM ChaLastInfo WHERE Ch | exec:Y;esc:N","_snprintf( szTemp, 128, ""SELECT ChaMoney,ChaLevel FROM ChaLastInfo WHERE ChaNum=%d"", nChaNum );"
"FALSE_POSITIVE","printf","Lib_Network\s_COdbcGameChaGet.cpp","894","-","numeric-only dynamic SQL (not injectable): SELECT UserMoney FROM UserLastInfo WHERE UserNum=% | exec:Y;esc:N","_snprintf( szTemp, 128, ""SELECT UserMoney FROM UserLastInfo WHERE UserNum=%d"", nUserNum );"
"DEAD","concat/stream","Lib_Network\s_COdbcGameChaGet.cpp","448","-","commented-out / in /* */ block","//strPutOnItems << ""SELECT ChaInfo.ChaPutOnItems FROM ChaInfo where (ChaNum="" <<  nChaNum << "")"";"
"DEAD","concat/stream","Lib_Network\s_COdbcGameChaGet.cpp","462","-","commented-out / in /* */ block","//strChaInven << ""SELECT ChaInfo.ChaInven FROM ChaInfo where (ChaNum="" <<  nChaNum << "")"";"
"DEAD","concat/stream","Lib_Network\s_COdbcGameChaGet.cpp","679","-","commented-out / in /* */ block","//strPutOnItems << ""SELECT ChaInfo.ChaPutOnItems FROM ChaInfo where (ChaNum="" <<  nChaNum << "")"";"
"PARAMETERIZED","printf","Lib_Network\s_COdbcGameChaHair.cpp","26","-","placeholder stmt: {call UpdateChaHairColor(%u,%d,?)} | exec:Y;esc:N","_snprintf( szTemp, 128, ""{call UpdateChaHairColor(%u,%d,?)}"", dwChaNum, nHairColor );"
"PARAMETERIZED","printf","Lib_Network\s_COdbcGameChaHair.cpp","52","-","placeholder stmt: {call UpdateChaHairStyle(%u,%d,?)} | exec:Y;esc:N","_snprintf( szTemp, 128, ""{call UpdateChaHairStyle(%u,%d,?)}"", dwChaNum, nHairStyle );"
"PARAMETERIZED","printf","Lib_Network\s_COdbcGameChaHair.cpp","75","-","placeholder stmt: {call UpdateChaFaceStyle(%u,%d,?)} | exec:Y;esc:N","_snprintf( szTemp, 128, ""{call UpdateChaFaceStyle(%u,%d,?)}"", dwChaNum, nFaceStyle );"
"PARAMETERIZED","printf","Lib_Network\s_COdbcGameChaHair.cpp","94","-","placeholder stmt: {call sp_UpdateChaGender(%u,%d,%d,%d,%d,%d,?)} | exec:Y;esc:N","_snprintf( szTemp, 128, ""{call sp_UpdateChaGender(%u,%d,%d,%d,%d,%d,?)}"","
"DEAD","concat/stream","Lib_Network\s_COdbcGameChaHair.cpp","19","-","commented-out / in /* */ block","//strTemp << ""{call UpdateChaHairColor("";"
"DEAD","concat/stream","Lib_Network\s_COdbcGameChaHair.cpp","45","-","commented-out / in /* */ block","//strTemp << ""{call UpdateChaHairStyle("";"
"DEAD","concat/stream","Lib_Network\s_COdbcGameChaHair.cpp","68","-","commented-out / in /* */ block","//strTemp << ""{call UpdateChaHairStyle("";"
"ESCAPED","printf","Lib_Network\s_COdbcGameChaRename.cpp","38","MEDIUM","{call RenameCharacter(%d,'%s',?)} | exec:Y;esc:Y | interp:%s-family","_snprintf( szTemp, 128, ""{call RenameCharacter(%d,'%s',?)}"", dwChaNum, strName.GetString() );"
"DEAD","concat/stream","Lib_Network\s_COdbcGameChaRename.cpp","31","-","commented-out / in /* */ block","//strTemp << ""{call RenameCharacter("";"
"ESCAPED","printf","Lib_Network\s_COdbcGameCharInventoryLock.cpp","34","MEDIUM","{call sp_InsertInventoryPass(%d,'%s','%s',?)} | exec:Y;esc:Y | interp:%s-family","_snprintf( szTemp, 128, ""{call sp_InsertInventoryPass(%d,'%s','%s',?)}"", dwChaNum, strName.GetString(), strSPin.GetStrin"
"ESCAPED","printf","Lib_Network\s_COdbcGameCharInventoryLock.cpp","64","MEDIUM","{call sp_CheckInventoryPass(%d,'%s','%s',?)} | exec:Y;esc:Y | interp:%s-family","_snprintf( szTemp, 128, ""{call sp_CheckInventoryPass(%d,'%s','%s',?)}"", dwChaNum, strName.GetString(), strSPin.GetString"
"ESCAPED","printf","Lib_Network\s_COdbcGameCharInventoryLock.cpp","91","MEDIUM","SELECT ChaIPass FROM ChaInventoryPass WHERE ChaNum | exec:Y;esc:Y | interp:%s-family","_snprintf( szTemp, 256, ""SELECT ChaIPass FROM ChaInventoryPass WHERE ChaNum=%u And ChaName='%s'"", dwChaNum, strName.GetS"
"ESCAPED","printf","Lib_Network\s_COdbcGameCharInventoryLock.cpp","172","MEDIUM","{call sp_ChangeInventoryPass(%d,'%s','%s',?)} | exec:Y;esc:Y | interp:%s-family","_snprintf( szTemp, 128, ""{call sp_ChangeInventoryPass(%d,'%s','%s',?)}"", dwChaNum, strName.GetString(), strSPin.GetStrin"
"ESCAPED","printf","Lib_Network\s_COdbcGameCharInventoryLock.cpp","193","MEDIUM","{call sp_DeleteInventoryPass(%d,'%s',?)} | exec:Y;esc:Y | interp:%s-family","_snprintf( szTemp, 128, ""{call sp_DeleteInventoryPass(%d,'%s',?)}"", dwChaNum, strName.GetString() );"
"FALSE_POSITIVE","printf","Lib_Network\s_COdbcGameChaSave.cpp","35","-","numeric-only dynamic SQL (not injectable): UPDATE ChaInfo SET ChaBright=%d, ChaLevel=%u, ChaM | exec:N;esc:N","_snprintf( szTemp, 2048, ""UPDATE ChaInfo SET ChaBright=%d, ChaLevel=%u, ChaMoney=%I64d, """
"PARAMETERIZED","printf","Lib_Network\s_COdbcGameChaSave.cpp","151","-","placeholder stmt: UPDATE ChaInfo SET ChaInfo.ChaSkills=? WHERE (ChaN | exec:N;esc:N","_snprintf( szTemp, 128, ""UPDATE ChaInfo SET ChaInfo.ChaSkills=? WHERE (ChaNum=%u)"", dwChaNum );"
"PARAMETERIZED","printf","Lib_Network\s_COdbcGameChaSave.cpp","169","-","placeholder stmt: UPDATE ChaInfo SET ChaInfo.ChaSkillSlot=? WHERE (C | exec:N;esc:N","_snprintf( szTemp, 128, ""UPDATE ChaInfo SET ChaInfo.ChaSkillSlot=? WHERE (ChaNum=%u)"", dwChaNum );"
"PARAMETERIZED","printf","Lib_Network\s_COdbcGameChaSave.cpp","188","-","placeholder stmt: UPDATE ChaInfo SET ChaInfo.ChaActionSlot=? WHERE ( | exec:N;esc:N","_snprintf( szTemp, 128, ""UPDATE ChaInfo SET ChaInfo.ChaActionSlot=? WHERE (ChaNum=%u)"", dwChaNum );"
"PARAMETERIZED","printf","Lib_Network\s_COdbcGameChaSave.cpp","206","-","placeholder stmt: UPDATE ChaInfo SET ChaInfo.ChaPutOnItems=? WHERE ( | exec:N;esc:N","_snprintf( szTemp, 128, ""UPDATE ChaInfo SET ChaInfo.ChaPutOnItems=? WHERE (ChaNum=%u)"", dwChaNum );"
"PARAMETERIZED","printf","Lib_Network\s_COdbcGameChaSave.cpp","225","-","placeholder stmt: UPDATE ChaInfo SET ChaInfo.ChaInven=? WHERE (ChaNu | exec:N;esc:N","_snprintf( szTemp, 128, ""UPDATE ChaInfo SET ChaInfo.ChaInven=? WHERE (ChaNum=%u)"", dwChaNum );"
"PARAMETERIZED","printf","Lib_Network\s_COdbcGameChaSave.cpp","245","-","placeholder stmt: UPDATE ChaInfo SET ChaInfo.VTAddInven=? WHERE (Cha | exec:Y;esc:N","_snprintf( szTemp, 128, ""UPDATE ChaInfo SET ChaInfo.VTAddInven=? WHERE (ChaNum=%u)"", dwChaNum );"
"VULNERABLE","printf","Lib_Network\s_COdbcGameChaSave.cpp","273","HIGH","Exec sp_InsertChaLastInfo %d, '%s', %u | exec:Y;esc:N | interp:%s-family","_snprintf( szTemp1, 512, ""Exec sp_InsertChaLastInfo %d, '%s', %u"","
"VULNERABLE","printf","Lib_Network\s_COdbcGameChaSave.cpp","295","HIGH","Exec sp_InsertUserLastInfo %u, '%s' | exec:Y;esc:N | interp:%s-family","_snprintf( szTemp2, 512, ""Exec sp_InsertUserLastInfo %u, '%s'"","
"PARAMETERIZED","printf","Lib_Network\s_COdbcGameChaSave.cpp","314","-","placeholder stmt: UPDATE ChaInfo SET ChaInfo.ChaQuest=? WHERE (ChaNu | exec:N;esc:N","_snprintf( szTemp, 128, ""UPDATE ChaInfo SET ChaInfo.ChaQuest=? WHERE (ChaNum=%u)"", dwChaNum );"
"PARAMETERIZED","printf","Lib_Network\s_COdbcGameChaSave.cpp","331","-","placeholder stmt: UPDATE ChaInfo SET ChaInfo.ChaCoolTime=? WHERE (Ch | exec:N;esc:N","_snprintf( szTemp, 128, ""UPDATE ChaInfo SET ChaInfo.ChaCoolTime=? WHERE (ChaNum=%u)"", dwChaNum );"
"PARAMETERIZED","printf","Lib_Network\s_COdbcGameChaSave.cpp","345","-","placeholder stmt: UPDATE ChaInfo SET ChaInfo.ChaItemFood=? WHERE (Ch | exec:N;esc:N","_snprintf( szTemp, 256, ""UPDATE ChaInfo SET ChaInfo.ChaItemFood=? WHERE (ChaNum=%u)"", dwChaNum );"
"PARAMETERIZED","printf","Lib_Network\s_COdbcGameChaSave.cpp","358","-","placeholder stmt: UPDATE ChaInfo SET ChaInfo.ChaActivity=? WHERE (Ch | exec:N;esc:N","_snprintf( szTemp, 128, ""UPDATE ChaInfo SET ChaInfo.ChaActivity=? WHERE (ChaNum=%u)"", dwChaNum );"
"PARAMETERIZED","printf","Lib_Network\s_COdbcGameChaSave.cpp","369","-","placeholder stmt: UPDATE ChaInfo SET ChaInfo.ChaCodex=? WHERE (ChaNu | exec:N;esc:N","_snprintf( szTemp, 128, ""UPDATE ChaInfo SET ChaInfo.ChaCodex=? WHERE (ChaNum=%u)"", dwChaNum );"
"PARAMETERIZED","printf","Lib_Network\s_COdbcGameChaSave.cpp","380","-","placeholder stmt: UPDATE ChaInfo SET ChaInfo.ChaPandora=? WHERE (Cha | exec:N;esc:N","_snprintf(szTemp, 128, ""UPDATE ChaInfo SET ChaInfo.ChaPandora=? WHERE (ChaNum=%u)"", dwChaNum);"
"FALSE_POSITIVE","printf","Lib_Network\s_COdbcGameChaSave.cpp","437","-","literal-only SQL (no interpolation): UPDATE ChaInfo SET  | exec:Y;esc:N","_snprintf( szTemp, 512, ""UPDATE ChaInfo SET """
"DEAD","concat/stream","Lib_Network\s_COdbcGameChaSave.cpp","147","-","commented-out / in /* */ block","//strSkills << _T(""UPDATE ChaInfo SET ChaInfo.ChaSkills=? WHERE (ChaNum="" <<  dwChaNum << "")"");"
"DEAD","concat/stream","Lib_Network\s_COdbcGameChaSave.cpp","165","-","commented-out / in /* */ block","//strSkillSlot << _T(""UPDATE ChaInfo SET ChaInfo.ChaSkillSlot=? WHERE (ChaNum="" <<  dwChaNum << "")"");"
"DEAD","concat/stream","Lib_Network\s_COdbcGameChaSave.cpp","184","-","commented-out / in /* */ block","//strActionSlot << _T(""UPDATE ChaInfo SET ChaInfo.ChaActionSlot=? WHERE (ChaNum="" <<  dwChaNum << "")"");"
"DEAD","concat/stream","Lib_Network\s_COdbcGameChaSave.cpp","202","-","commented-out / in /* */ block","//strPutOnItems << _T(""UPDATE ChaInfo SET ChaInfo.ChaPutOnItems=? WHERE (ChaNum="" <<  dwChaNum << "")"");"
"DEAD","concat/stream","Lib_Network\s_COdbcGameChaSave.cpp","221","-","commented-out / in /* */ block","//strChaInven << _T(""UPDATE ChaInfo SET ChaInfo.ChaInven=? WHERE (ChaNum="" <<  dwChaNum << "")"");"
"DEAD","concat/stream","Lib_Network\s_COdbcGameChaSave.cpp","241","-","commented-out / in /* */ block","//strChaInven << _T(""UPDATE ChaInfo SET ChaInfo.ChaInven=? WHERE (ChaNum="" <<  dwChaNum << "")"");"
"DEAD","concat/stream","Lib_Network\s_COdbcGameChaSave.cpp","310","-","commented-out / in /* */ block","//strQuest << ""UPDATE ChaInfo SET ChaInfo.ChaQuest=? WHERE (ChaNum="" <<  dwChaNum << "")"";"
"DEAD","concat/stream","Lib_Network\s_COdbcGameChaSave.cpp","327","-","commented-out / in /* */ block","//strQuest << ""UPDATE ChaInfo SET ChaInfo.ChaQuest=? WHERE (ChaNum="" <<  dwChaNum << "")"";"
"ESCAPED","printf","Lib_Network\s_COdbcGameChaStorageLock.cpp","34","MEDIUM","{call sp_InsertStoragePass(%d,'%s','%s',?)} | exec:Y;esc:Y | interp:%s-family","_snprintf( szTemp, 128, ""{call sp_InsertStoragePass(%d,'%s','%s',?)}"", dwChaNum, strName.GetString(), strSPin.GetString("
"ESCAPED","printf","Lib_Network\s_COdbcGameChaStorageLock.cpp","64","MEDIUM","{call sp_CheckStoragePass(%d,'%s','%s',?)} | exec:Y;esc:Y | interp:%s-family","_snprintf( szTemp, 128, ""{call sp_CheckStoragePass(%d,'%s','%s',?)}"", dwChaNum, strName.GetString(), strSPin.GetString()"
"ESCAPED","printf","Lib_Network\s_COdbcGameChaStorageLock.cpp","91","MEDIUM","SELECT ChaSPass FROM ChaStoragePass WHERE ChaNum=% | exec:Y;esc:Y | interp:%s-family","_snprintf( szTemp, 256, ""SELECT ChaSPass FROM ChaStoragePass WHERE ChaNum=%u And ChaName='%s'"", dwChaNum, strName.GetStr"
"ESCAPED","printf","Lib_Network\s_COdbcGameChaStorageLock.cpp","172","MEDIUM","{call sp_ChangeStoragePass(%d,'%s','%s',?)} | exec:Y;esc:Y | interp:%s-family","_snprintf( szTemp, 128, ""{call sp_ChangeStoragePass(%d,'%s','%s',?)}"", dwChaNum, strName.GetString(), strSPin.GetString("
"ESCAPED","printf","Lib_Network\s_COdbcGameChaStorageLock.cpp","193","MEDIUM","{call sp_DeleteStoragePass(%d,'%s',?)} | exec:Y;esc:Y | interp:%s-family","_snprintf( szTemp, 128, ""{call sp_DeleteStoragePass(%d,'%s',?)}"", dwChaNum, strName.GetString() );"
"VULNERABLE","printf","Lib_Network\s_COdbcGameClub.cpp","25","HIGH","{call sp_create_guild(%u,'%s',?)} | exec:Y;esc:N | interp:%s-family","_snprintf( szTemp, 128, ""{call sp_create_guild(%u,'%s',?)}"","
"PARAMETERIZED","printf","Lib_Network\s_COdbcGameClub.cpp","51","-","placeholder stmt: {call sp_delete_guild(%u,%u,?)} | exec:Y;esc:N","_snprintf( szTemp, 128, ""{call sp_delete_guild(%u,%u,?)}"", dwClub, dwChaNum );"
"PARAMETERIZED","printf","Lib_Network\s_COdbcGameClub.cpp","75","-","placeholder stmt: {call sp_update_guild_rank(%u,%u,?)} | exec:Y;esc:N","_snprintf( szTemp, 128, ""{call sp_update_guild_rank(%u,%u,?)}"", dwClub, dwRank );"
"VULNERABLE","printf","Lib_Network\s_COdbcGameClub.cpp","103","HIGH","UPDATE GuildInfo SET GuExpireTime='%s' WHERE GuNum | exec:Y;esc:N | interp:%s-family","_snprintf( szTemp, 128, ""UPDATE GuildInfo SET GuExpireTime='%s' WHERE GuNum=%u"","
"VULNERABLE","printf","Lib_Network\s_COdbcGameClub.cpp","133","HIGH","UPDATE GuildInfo SET GuAllianceSec='%s' WHERE GuNu | exec:Y;esc:N | interp:%s-family","_snprintf( szTemp, 128, ""UPDATE GuildInfo SET GuAllianceSec='%s' WHERE GuNum=%u"","
"VULNERABLE","printf","Lib_Network\s_COdbcGameClub.cpp","163","HIGH","UPDATE GuildInfo SET GuAllianceDis='%s' WHERE GuNu | exec:Y;esc:N | interp:%s-family","_snprintf( szTemp, 128, ""UPDATE GuildInfo SET GuAllianceDis='%s' WHERE GuNum=%u"","
"VULNERABLE","printf","Lib_Network\s_COdbcGameClub.cpp","185","HIGH","UPDATE GuildInfo SET GuAuthorityTime='%s' WHERE Gu | exec:Y;esc:N | interp:%s-family","_snprintf( szTemp, 128, ""UPDATE GuildInfo SET GuAuthorityTime='%s' WHERE GuNum=%u"","
"PARAMETERIZED","printf","Lib_Network\s_COdbcGameClub.cpp","210","-","placeholder stmt: {call sp_add_guild_member(%u,%u,?)} | exec:Y;esc:N","_snprintf( szTemp, 128, ""{call sp_add_guild_member(%u,%u,?)}"", dwClub, dwChaNum );"
"PARAMETERIZED","printf","Lib_Network\s_COdbcGameClub.cpp","230","-","placeholder stmt: {call sp_delete_guild_member(%u,?)} | exec:Y;esc:N","_snprintf( szTemp, 128, ""{call sp_delete_guild_member(%u,?)}"", dwChaNum );"
"FALSE_POSITIVE","printf","Lib_Network\s_COdbcGameClub.cpp","256","-","literal-only SQL (no interpolation): SELECT ChaNum, ChaName, GuPosition FROM viewGuildM | exec:Y;esc:N","_snprintf( szTemp, 128, ""SELECT ChaNum, ChaName, GuPosition FROM viewGuildMember """
"FALSE_POSITIVE","printf","Lib_Network\s_COdbcGameClub.cpp","342","-","literal-only SQL (no interpolation): SELECT GuNum, ChaNum, GuDeputy, ChaName, GuName,  | exec:Y;esc:N","_snprintf( szTemp, 512, ""SELECT GuNum, ChaNum, GuDeputy, ChaName, GuName, """
"FALSE_POSITIVE","printf","Lib_Network\s_COdbcGameClub.cpp","551","-","numeric-only dynamic SQL (not injectable): SELECT GuildInfo.GuMarkImage FROM GuildInfo where  | exec:Y;esc:N","_snprintf( szTemp, 128, ""SELECT GuildInfo.GuMarkImage FROM GuildInfo where (GuNum=%u)"", dwClub );"
"VULNERABLE","printf","Lib_Network\s_COdbcGameClub.cpp","615","HIGH","UPDATE GuildInfo SET GuNotice='%s' WHERE GuNum=%u | exec:Y;esc:N | interp:%s-family","_snprintf( szTemp, 1024, ""UPDATE GuildInfo SET GuNotice='%s' WHERE GuNum=%u"", szClubNotice, dwClub );"
"FALSE_POSITIVE","printf","Lib_Network\s_COdbcGameClub.cpp","641","-","numeric-only dynamic SQL (not injectable): UPDATE GuildInfo SET GuMarkVer=%u WHERE GuNum=%u | exec:Y;esc:N","_snprintf( szTemp, 128, ""UPDATE GuildInfo SET GuMarkVer=%u WHERE GuNum=%u"", dwMarkVer, dwClub );"
"PARAMETERIZED","printf","Lib_Network\s_COdbcGameClub.cpp","655","-","placeholder stmt: UPDATE GuildInfo SET GuMarkImage=? WHERE (GuNum=%u | exec:N;esc:N","_snprintf( szTemp, 128, ""UPDATE GuildInfo SET GuMarkImage=? WHERE (GuNum=%u)"", dwClub );"
"PARAMETERIZED","SQLBindParameter","Lib_Network\s_COdbcGameClub.cpp","674","-","bound-parameter mechanism","sReturn = ::SQLBindParameter(pConn->hStmt,"
"FALSE_POSITIVE","printf","Lib_Network\s_COdbcGameClub.cpp","736","-","numeric-only dynamic SQL (not injectable): SELECT GuNum FROM ChaInfo WHERE ChaNum=%u | exec:Y;esc:N","_snprintf( szTemp, 128, ""SELECT GuNum FROM ChaInfo WHERE ChaNum=%u"", dwChaNum );"
"FALSE_POSITIVE","printf","Lib_Network\s_COdbcGameClub.cpp","805","-","numeric-only dynamic SQL (not injectable): Update GuildInfo Set GuIncomeMoney=%I64d WHERE GuN | exec:Y;esc:N","_snprintf( szTemp, 128, ""Update GuildInfo Set GuIncomeMoney=%I64d WHERE GuNum=%u"", llMoney, dwClub );"
"FALSE_POSITIVE","printf","Lib_Network\s_COdbcGameClub.cpp","835","-","numeric-only dynamic SQL (not injectable): SELECT GuIncomeMoney From GuildInfo WHERE GuNum=%u | exec:Y;esc:N","_snprintf( szTemp, 128, ""SELECT GuIncomeMoney From GuildInfo WHERE GuNum=%u"", dwClub );"
"FALSE_POSITIVE","printf","Lib_Network\s_COdbcGameClub.cpp","903","-","numeric-only dynamic SQL (not injectable): Update GuildInfo Set GuMoney=%I64d WHERE GuNum=%u | exec:Y;esc:N","_snprintf( szTemp, 128, ""Update GuildInfo Set GuMoney=%I64d WHERE GuNum=%u"", llMoney, dwClub );"
"FALSE_POSITIVE","printf","Lib_Network\s_COdbcGameClub.cpp","933","-","numeric-only dynamic SQL (not injectable): SELECT GuMoney From GuildInfo WHERE GuNum=%u | exec:Y;esc:N","_snprintf( szTemp, 128, ""SELECT GuMoney From GuildInfo WHERE GuNum=%u"", dwClub );"
"FALSE_POSITIVE","printf","Lib_Network\s_COdbcGameClub.cpp","1005","-","numeric-only dynamic SQL (not injectable): SELECT GuildInfo.GuStorage FROM GuildInfo where (G | exec:Y;esc:N","_snprintf( szTemp, 128, ""SELECT GuildInfo.GuStorage FROM GuildInfo where (GuNum=%u)"", dwClub );"
"PARAMETERIZED","printf","Lib_Network\s_COdbcGameClub.cpp","1074","-","placeholder stmt: UPDATE GuildInfo SET GuStorage=? WHERE (GuNum=%u) | exec:N;esc:N","_snprintf( szTemp, 128, ""UPDATE GuildInfo SET GuStorage=? WHERE (GuNum=%u)"", dwClub );"
"PARAMETERIZED","SQLBindParameter","Lib_Network\s_COdbcGameClub.cpp","1093","-","bound-parameter mechanism","sReturn = ::SQLBindParameter(pConn->hStmt,"
"FALSE_POSITIVE","printf","Lib_Network\s_COdbcGameClub.cpp","1160","-","numeric-only dynamic SQL (not injectable): UPDATE ChaInfo SET GuPosition=%u | exec:Y;esc:N","_snprintf( szTemp, 128, ""UPDATE ChaInfo SET GuPosition=%u"""
"FALSE_POSITIVE","printf","Lib_Network\s_COdbcGameClub.cpp","1183","-","numeric-only dynamic SQL (not injectable): Update GuildInfo WITH (UPDLOCK) Set GuDeputy=%u WH | exec:Y;esc:N","_snprintf( szTemp, 128, ""Update GuildInfo WITH (UPDLOCK) Set GuDeputy=%u WHERE GuNum=%u"", dwDeputy, dwClub );"
"FALSE_POSITIVE","printf","Lib_Network\s_COdbcGameClub.cpp","1199","-","numeric-only dynamic SQL (not injectable): Update GuildInfo WITH (UPDLOCK) Set ChaNum=%u WHER | exec:Y;esc:N","_snprintf( szTemp, 128, ""Update GuildInfo WITH (UPDLOCK) Set ChaNum=%u WHERE GuNum=%u"", dwMasterID, dwClub );"
"FALSE_POSITIVE","printf","Lib_Network\s_COdbcGameClub.cpp","1219","-","literal-only SQL (no interpolation): SELECT RegionID, GuNum, RegionTax FROM GuildRegion | exec:Y;esc:N","_snprintf( szTemp, 128, ""SELECT RegionID, GuNum, RegionTax FROM GuildRegion WITH (NOLOCK) ORDER BY RegionID"" );"
"PARAMETERIZED","printf","Lib_Network\s_COdbcGameClub.cpp","1288","-","placeholder stmt: {call sp_add_guild_region(%u,%u,%f,?)} | exec:Y;esc:N","_snprintf( szTemp, 128, ""{call sp_add_guild_region(%u,%u,%f,?)}"", dwRegionID, dwClub, fTax );"
"PARAMETERIZED","printf","Lib_Network\s_COdbcGameClub.cpp","1309","-","placeholder stmt: {call sp_delete_guild_region(%u,%u,?)} | exec:Y;esc:N","_snprintf( szTemp, 128, ""{call sp_delete_guild_region(%u,%u,?)}"", dwRegionID, dwClub );"
"PARAMETERIZED","printf","Lib_Network\s_COdbcGameClub.cpp","1341","-","placeholder stmt: {call InsertGuildAlliance(%u,%u,?)} | exec:Y;esc:N","_snprintf( szTemp, 128, ""{call InsertGuildAlliance(%u,%u,?)}"", dwClubP, dwClubS );"
"PARAMETERIZED","printf","Lib_Network\s_COdbcGameClub.cpp","1368","-","placeholder stmt: {call DeleteGuildAlliance(%u,%u,?)} | exec:Y;esc:N","_snprintf( szTemp, 128, ""{call DeleteGuildAlliance(%u,%u,?)}"", dwClubP, dwClubS );"
"FALSE_POSITIVE","printf","Lib_Network\s_COdbcGameClub.cpp","1390","-","literal-only SQL (no interpolation): SELECT GuNumP, GuNumS FROM GuildAlliance WITH (NOL | exec:Y;esc:N","_snprintf( szTemp, 128, ""SELECT GuNumP, GuNumS FROM GuildAlliance WITH (NOLOCK) ORDER BY GuNumP"" );"
"PARAMETERIZED","printf","Lib_Network\s_COdbcGameClub.cpp","1453","-","placeholder stmt: {call sp_RequestGuBattle(%u,%u,%u,%u,?)} | exec:Y;esc:N","_snprintf( szTemp, 128, ""{call sp_RequestGuBattle(%u,%u,%u,%u,?)}"", dwClubP, dwClubS, dwEndTime, nAlliance );"
"PARAMETERIZED","printf","Lib_Network\s_COdbcGameClub.cpp","1483","-","placeholder stmt: {call sp_EndGuAllianceBattle(%u,%u,%u,%u,%u,?)} | exec:Y;esc:N","_snprintf( szTemp, 128, ""{call sp_EndGuAllianceBattle(%u,%u,%u,%u,%u,?)}"", dwClubP, dwClubS, nGuFlag, nGuKillNum, nGuDea"
"PARAMETERIZED","printf","Lib_Network\s_COdbcGameClub.cpp","1490","-","placeholder stmt: {call sp_EndGuBattle(%u,%u,%u,%u,%u,?)} | exec:Y;esc:N","_snprintf( szTemp, 128, ""{call sp_EndGuBattle(%u,%u,%u,%u,%u,?)}"", dwClubP, dwClubS, nGuFlag, nGuKillNum, nGuDeathNum );"
"PARAMETERIZED","printf","Lib_Network\s_COdbcGameClub.cpp","1515","-","placeholder stmt: {call sp_SaveGuBattle(%u,%u,%u,%u,?)} | exec:Y;esc:N","_snprintf( szTemp, 128, ""{call sp_SaveGuBattle(%u,%u,%u,%u,?)}"", dwClubP, dwClubS, nGuKillNum, nGuDeathNum );"
"PARAMETERIZED","printf","Lib_Network\s_COdbcGameClub.cpp","1537","-","placeholder stmt: {call sp_ResetAllianceBattle(%u,?)} | exec:Y;esc:N","_snprintf( szTemp, 128, ""{call sp_ResetAllianceBattle(%u,?)}"", dwClub );"
"FALSE_POSITIVE","printf","Lib_Network\s_COdbcGameClub.cpp","1558","-","literal-only SQL (no interpolation): SELECT GuSNum, GuFlag, GuKillNum, GuDeathNum, GuBa | exec:Y;esc:N","_snprintf( szTemp, 256, ""SELECT GuSNum, GuFlag, GuKillNum, GuDeathNum, GuBattleStartDate,"""
"DEAD","concat/stream","Lib_Network\s_COdbcGameClub.cpp","19","-","commented-out / in /* */ block","//strTemp << ""{call sp_create_guild("";"
"DEAD","concat/stream","Lib_Network\s_COdbcGameClub.cpp","45","-","commented-out / in /* */ block","//strTemp << ""{call sp_delete_guild("";"
"DEAD","concat/stream","Lib_Network\s_COdbcGameClub.cpp","69","-","commented-out / in /* */ block","//strTemp << ""{call sp_update_guild_rank("";"
"DEAD","concat/stream","Lib_Network\s_COdbcGameClub.cpp","97","-","commented-out / in /* */ block","//strTemp << ""UPDATE GuildInfo SET "";"
"DEAD","concat/stream","Lib_Network\s_COdbcGameClub.cpp","99","-","commented-out / in /* */ block","//strTemp << "" WHERE GuNum="" << dwClub;"
"DEAD","concat/stream","Lib_Network\s_COdbcGameClub.cpp","127","-","commented-out / in /* */ block","//strTemp << ""UPDATE GuildInfo SET "";"
"DEAD","concat/stream","Lib_Network\s_COdbcGameClub.cpp","129","-","commented-out / in /* */ block","//strTemp << "" WHERE GuNum="" << dwClub;"
"DEAD","concat/stream","Lib_Network\s_COdbcGameClub.cpp","157","-","commented-out / in /* */ block","//strTemp << ""UPDATE GuildInfo SET "";"
"DEAD","concat/stream","Lib_Network\s_COdbcGameClub.cpp","159","-","commented-out / in /* */ block","//strTemp << "" WHERE GuNum="" << dwClub;"
"DEAD","concat/stream","Lib_Network\s_COdbcGameClub.cpp","204","-","commented-out / in /* */ block","//strTemp << ""{call sp_add_guild_member("";"
"DEAD","concat/stream","Lib_Network\s_COdbcGameClub.cpp","225","-","commented-out / in /* */ block","//strTemp << ""{call sp_delete_guild_member("";"
"DEAD","concat/stream","Lib_Network\s_COdbcGameClub.cpp","250","-","commented-out / in /* */ block","//strTemp << ""SELECT ChaNum, ChaName, GuPosition FROM viewGuildMember "";"
"DEAD","concat/stream","Lib_Network\s_COdbcGameClub.cpp","251","-","commented-out / in /* */ block","//strTemp << ""WHERE GuNum="" << dwClub;"
"DEAD","concat/stream","Lib_Network\s_COdbcGameClub.cpp","547","-","commented-out / in /* */ block","//strTemp << ""SELECT GuildInfo.GuMarkImage FROM GuildInfo where (GuNum="" <<  dwClub << "")"";"
"DEAD","concat/stream","Lib_Network\s_COdbcGameClub.cpp","609","-","commented-out / in /* */ block","//strTemp << ""UPDATE GuildInfo SET GuNotice='"";"
"DEAD","concat/stream","Lib_Network\s_COdbcGameClub.cpp","611","-","commented-out / in /* */ block","//strTemp << "" WHERE GuNum="" << dwClub;"
"DEAD","concat/stream","Lib_Network\s_COdbcGameClub.cpp","635","-","commented-out / in /* */ block","//strTempVer << ""UPDATE GuildInfo SET GuMarkVer="";"
"DEAD","concat/stream","Lib_Network\s_COdbcGameClub.cpp","637","-","commented-out / in /* */ block","//   strTempVer << "" WHERE GuNum="" << dwClub;"
"DEAD","concat/stream","Lib_Network\s_COdbcGameClub.cpp","652","-","commented-out / in /* */ block","//strTemp << ""UPDATE GuildInfo SET GuMarkImage = ? WHERE (GuNum="" <<  dwClub << "") "";"
"DEAD","concat/stream","Lib_Network\s_COdbcGameClub.cpp","732","-","commented-out / in /* */ block","//strTemp << ""SELECT GuNum FROM ChaInfo WHERE ChaNum="" << dwChaNum;"
"DEAD","concat/stream","Lib_Network\s_COdbcGameClub.cpp","799","-","commented-out / in /* */ block","//strTemp << ""Update GuildInfo Set GuIncomeMoney="";"
"DEAD","concat/stream","Lib_Network\s_COdbcGameClub.cpp","801","-","commented-out / in /* */ block","//strTemp << "" WHERE GuNum="" << dwClub;"
"DEAD","concat/stream","Lib_Network\s_COdbcGameClub.cpp","830","-","commented-out / in /* */ block","//strTemp << ""SELECT GuIncomeMoney From GuildInfo "";"
"DEAD","concat/stream","Lib_Network\s_COdbcGameClub.cpp","831","-","commented-out / in /* */ block","//strTemp << ""WHERE GuNum="" << dwClub;"
"DEAD","concat/stream","Lib_Network\s_COdbcGameClub.cpp","897","-","commented-out / in /* */ block","//strTemp << ""Update GuildInfo Set GuMoney="";"
"DEAD","concat/stream","Lib_Network\s_COdbcGameClub.cpp","899","-","commented-out / in /* */ block","//strTemp << "" WHERE GuNum="" << dwClub;"
"DEAD","concat/stream","Lib_Network\s_COdbcGameClub.cpp","928","-","commented-out / in /* */ block","//strTemp << ""SELECT GuMoney From GuildInfo "";"
"DEAD","concat/stream","Lib_Network\s_COdbcGameClub.cpp","929","-","commented-out / in /* */ block","//strTemp << ""WHERE GuNum="" << dwClub;"
"DEAD","concat/stream","Lib_Network\s_COdbcGameClub.cpp","1001","-","commented-out / in /* */ block","//strTemp << ""SELECT GuildInfo.GuStorage FROM GuildInfo where (GuNum="" <<  dwClub << "")"";"
"DEAD","concat/stream","Lib_Network\s_COdbcGameClub.cpp","1070","-","commented-out / in /* */ block","//strTemp << ""UPDATE GuildInfo SET GuStorage = ? WHERE (GuNum="" <<  dwClub << "") "";"
"DEAD","concat/stream","Lib_Network\s_COdbcGameClub.cpp","1154","-","commented-out / in /* */ block","//   strTemp << ""UPDATE ChaInfo SET GuPosition="";"
"DEAD","concat/stream","Lib_Network\s_COdbcGameClub.cpp","1156","-","commented-out / in /* */ block","//   strTemp << "" WHERE GuNum="" << dwClub << "" AND ChaNum="" << dwChaNum;"
"DEAD","concat/stream","Lib_Network\s_COdbcGameClub.cpp","1177","-","commented-out / in /* */ block","//   strTemp << ""Update GuildInfo WITH (UPDLOCK) Set GuDeputy="";"
"DEAD","concat/stream","Lib_Network\s_COdbcGameClub.cpp","1179","-","commented-out / in /* */ block","//   strTemp << "" WHERE GuNum="" << dwClub;"
"DEAD","comment-text","Lib_Network\s_COdbcGameClub.cpp","1215","-","commented-out / in /* */ block","//strTemp = ""SELECT RegionID, GuNum, RegionTax FROM GuildRegion WITH (NOLOCK) "";"
"DEAD","concat/stream","Lib_Network\s_COdbcGameClub.cpp","1281","-","commented-out / in /* */ block","//strTemp << ""{call sp_add_guild_region("";"
"DEAD","concat/stream","Lib_Network\s_COdbcGameClub.cpp","1303","-","commented-out / in /* */ block","//strTemp << ""{call sp_delete_guild_region("";"
"DEAD","concat/stream","Lib_Network\s_COdbcGameClub.cpp","1335","-","commented-out / in /* */ block","//strTemp << ""{call InsertGuildAlliance("";"
"DEAD","concat/stream","Lib_Network\s_COdbcGameClub.cpp","1362","-","commented-out / in /* */ block","//strTemp << ""{call DeleteGuildAlliance("";"
"DEAD","comment-text","Lib_Network\s_COdbcGameClub.cpp","1387","-","commented-out / in /* */ block","//strTemp = ""SELECT GuNumP, GuNumS FROM GuildAlliance WITH (NOLOCK) ORDER BY GuNumP"";"
"FALSE_POSITIVE","printf","Lib_Network\s_COdbcGameFriend.cpp","26","-","literal-only SQL (no interpolation): SELECT ChaP, ChaS, ChaName, ChaFlag From viewChaFr | exec:Y;esc:N","_snprintf( szTemp, 128, ""SELECT ChaP, ChaS, ChaName, ChaFlag From viewChaFriend """
"FALSE_POSITIVE","printf","Lib_Network\s_COdbcGameFriend.cpp","30","-","literal-only SQL (no interpolation): SELECT TOP 100 ChaP, ChaS, ChaName, ChaFlag From v | exec:Y;esc:N","_snprintf( szTemp, 128, ""SELECT TOP 100 ChaP, ChaS, ChaName, ChaFlag From viewChaFriend """
"PARAMETERIZED","printf","Lib_Network\s_COdbcGameFriend.cpp","108","-","placeholder stmt: {call DeleteChaFriend(%d,%d,?)} | exec:Y;esc:N","_snprintf( szTemp, 128, ""{call DeleteChaFriend(%d,%d,?)}"", nChaP, nChaS );"
"PARAMETERIZED","printf","Lib_Network\s_COdbcGameFriend.cpp","127","-","placeholder stmt: {call InsertChaFriend(%d,%d,?)} | exec:Y;esc:N","_snprintf( szTemp, 128, ""{call InsertChaFriend(%d,%d,?)}"", nChaP, nChaS );"
"PARAMETERIZED","printf","Lib_Network\s_COdbcGameFriend.cpp","147","-","placeholder stmt: {call UpdateChaFriend(%d,%d,%d,?)} | exec:Y;esc:N","_snprintf( szTemp, 128, ""{call UpdateChaFriend(%d,%d,%d,?)}"", nChaP, nChaS, nFlag );"
"DEAD","concat/stream","Lib_Network\s_COdbcGameFriend.cpp","20","-","commented-out / in /* */ block","//strTemp << ""SELECT ChaP, ChaS, ChaName, ChaFlag From viewChaFriend "";"
"DEAD","concat/stream","Lib_Network\s_COdbcGameFriend.cpp","21","-","commented-out / in /* */ block","//strTemp << ""WHERE ChaP="" << nChaNum;"
"DEAD","concat/stream","Lib_Network\s_COdbcGameFriend.cpp","102","-","commented-out / in /* */ block","//strTemp << ""{call DeleteChaFriend("";"
"DEAD","concat/stream","Lib_Network\s_COdbcGameFriend.cpp","121","-","commented-out / in /* */ block","//strTemp << ""{call InsertChaFriend("";"
"DEAD","concat/stream","Lib_Network\s_COdbcGameFriend.cpp","140","-","commented-out / in /* */ block","//strTemp << ""{call UpdateChaFriend("";"
"VULNERABLE","printf","Lib_Network\s_COdbcGameInven.cpp","38","HIGH","Update UserInven Set ChaStorage2='%s' WHERE UserNu | exec:Y;esc:N | interp:%s-family","_snprintf( szTemp, 128, ""Update UserInven Set ChaStorage2='%s' WHERE UserNum=%d"", strTime.GetString(), nUserNum );"
"VULNERABLE","printf","Lib_Network\s_COdbcGameInven.cpp","42","HIGH","Update UserInven Set ChaStorage3='%s' WHERE UserNu | exec:Y;esc:N | interp:%s-family","_snprintf( szTemp, 128, ""Update UserInven Set ChaStorage3='%s' WHERE UserNum=%d"", strTime.GetString(), nUserNum );"
"VULNERABLE","printf","Lib_Network\s_COdbcGameInven.cpp","46","HIGH","Update UserInven Set ChaStorage4='%s' WHERE UserNu | exec:Y;esc:N | interp:%s-family","_snprintf( szTemp, 128, ""Update UserInven Set ChaStorage4='%s' WHERE UserNum=%d"", strTime.GetString(), nUserNum );"
"FALSE_POSITIVE","printf","Lib_Network\s_COdbcGameInven.cpp","87","-","numeric-only dynamic SQL (not injectable): Update ChaInfo Set ChaInvenLine=%u  WHERE ChaNum=% | exec:Y;esc:N","_snprintf( szTemp, 128, ""Update ChaInfo Set ChaInvenLine=%u  WHERE ChaNum=%d"", wInvenLine, nChaNum );"
"FALSE_POSITIVE","printf","Lib_Network\s_COdbcGameInven.cpp","118","-","numeric-only dynamic SQL (not injectable): SELECT UserMoney, ChaStorage2, ChaStorage3, ChaSto | exec:Y;esc:N","_snprintf( szTemp, 128, ""SELECT UserMoney, ChaStorage2, ChaStorage3, ChaStorage4 FROM UserInven WHERE UserNum=%u"", pChaD"
"FALSE_POSITIVE","printf","Lib_Network\s_COdbcGameInven.cpp","216","-","numeric-only dynamic SQL (not injectable): SELECT UserInven.UserInven FROM UserInven where (U | exec:Y;esc:N","_snprintf( szTemp, 128, ""SELECT UserInven.UserInven FROM UserInven where (UserNum=%u)"", dwUserNum );"
"PARAMETERIZED","printf","Lib_Network\s_COdbcGameInven.cpp","270","-","placeholder stmt: {call GetInvenCount(%u,?)} | exec:Y;esc:N","_snprintf( szTemp, 128, ""{call GetInvenCount(%u,?)}"", dwUserNum );"
"PARAMETERIZED","printf","Lib_Network\s_COdbcGameInven.cpp","294","-","placeholder stmt: {call MakeUserInven(%d,%u,?)} | exec:Y;esc:N","_snprintf( szTemp, 128, ""{call MakeUserInven(%d,%u,?)}"", SGNum, dwUserNum );"
"FALSE_POSITIVE","printf","Lib_Network\s_COdbcGameInven.cpp","333","-","numeric-only dynamic SQL (not injectable): {call UpdateUserMoney(%u,%I64d)} | exec:Y;esc:N","_snprintf( szTemp, 128, ""{call UpdateUserMoney(%u,%I64d)}"", dwUserNum, llMoney );"
"PARAMETERIZED","printf","Lib_Network\s_COdbcGameInven.cpp","346","-","placeholder stmt: UPDATE UserInven SET UserInven = ? WHERE (UserNum= | exec:N;esc:N","_snprintf( szTemp, 128, ""UPDATE UserInven SET UserInven = ? WHERE (UserNum=%u)"", dwUserNum );"
"PARAMETERIZED","SQLBindParameter","Lib_Network\s_COdbcGameInven.cpp","365","-","bound-parameter mechanism","sReturn = ::SQLBindParameter(pConn->hStmt,"
"PARAMETERIZED","printf","Lib_Network\s_COdbcGameInven.cpp","419","-","placeholder stmt: {call sp_UpdateUserMoneyAdd(%u,%I64d,?)} | exec:Y;esc:N","_snprintf( szTemp, 128, ""{call sp_UpdateUserMoneyAdd(%u,%I64d,?)}"", dwUserID, lnUserMoney );"
"FALSE_POSITIVE","printf","Lib_Network\s_COdbcGameInven.cpp","435","-","numeric-only dynamic SQL (not injectable): SELECT UserMoney FROM UserLastInfo WHERE UserNum=% | exec:Y;esc:N","_snprintf( szTemp, 128, ""SELECT UserMoney FROM UserLastInfo WHERE UserNum=%u"", dwUserID );"
"VULNERABLE","printf","Lib_Network\s_COdbcGameInven.cpp","505","HIGH","Exec sp_InsertUserLastInfo %u, '%s' | exec:Y;esc:N | interp:%s-family","_snprintf( szTemp2, 512, ""Exec sp_InsertUserLastInfo %u, '%s'"","
"DEAD","concat/stream","Lib_Network\s_COdbcGameInven.cpp","33","-","commented-out / in /* */ block","//strTemp << ""Update UserInven Set "";"
"DEAD","concat/stream","Lib_Network\s_COdbcGameInven.cpp","54","-","commented-out / in /* */ block","//strTemp << "" WHERE UserNum="" << nUserNum;"
"DEAD","concat/stream","Lib_Network\s_COdbcGameInven.cpp","81","-","commented-out / in /* */ block","//strTemp << ""Update ChaInfo Set ChaInvenLine="";"
"DEAD","concat/stream","Lib_Network\s_COdbcGameInven.cpp","83","-","commented-out / in /* */ block","//strTemp << "" WHERE ChaNum="" << nChaNum;"
"DEAD","concat/stream","Lib_Network\s_COdbcGameInven.cpp","113","-","commented-out / in /* */ block","//strTemp << ""SELECT UserMoney, ChaStorage2, ChaStorage3, ChaStorage4 FROM UserInven WHERE UserNum="" << pChaData2->m_dwU"
"DEAD","concat/stream","Lib_Network\s_COdbcGameInven.cpp","212","-","commented-out / in /* */ block","//strTemp << ""SELECT UserInven.UserInven FROM UserInven where (UserNum="" <<  dwUserNum << "")"";"
"DEAD","concat/stream","Lib_Network\s_COdbcGameInven.cpp","264","-","commented-out / in /* */ block","//strTemp << ""{call GetInvenCount("";"
"DEAD","concat/stream","Lib_Network\s_COdbcGameInven.cpp","287","-","commented-out / in /* */ block","//strTemp << ""{call MakeUserInven("";"
"DEAD","concat/stream","Lib_Network\s_COdbcGameInven.cpp","325","-","commented-out / in /* */ block","//strMoney << ""{call UpdateUserMoney("";"
"DEAD","concat/stream","Lib_Network\s_COdbcGameInven.cpp","343","-","commented-out / in /* */ block","//strTemp << ""UPDATE UserInven SET UserInven = ? WHERE (UserNum="" <<  dwUserNum << "") "";"
"VULNERABLE","printf","Lib_Network\s_COdbcGamePet.cpp","53","HIGH","{call sp_InsertPet('%s',%d,%d,%d,%d,%d,%d,%d,%d,?) | exec:Y;esc:N | interp:%s-family","_snprintf( szTemp, 128, ""{call sp_InsertPet('%s',%d,%d,%d,%d,%d,%d,%d,%d,?)}"","
"VULNERABLE","printf","Lib_Network\s_COdbcGamePet.cpp","97","HIGH","{call sp_RenamePet(%d,%d,'%s',?)} | exec:Y;esc:N | interp:%s-family","_snprintf( szTemp, 128, ""{call sp_RenamePet(%d,%d,'%s',?)}"", nChaNum, nPetNum, szPetNameTemp );"
"PARAMETERIZED","printf","Lib_Network\s_COdbcGamePet.cpp","127","-","placeholder stmt: {call sp_UpdatePetChaNum(%d,%d,?)} | exec:Y;esc:N","_snprintf( szTemp, 128, ""{call sp_UpdatePetChaNum(%d,%d,?)}"", nChaNum, nPetNum  );"
"PARAMETERIZED","printf","Lib_Network\s_COdbcGamePet.cpp","157","-","placeholder stmt: {call sp_UpdatePetColor(%d,%d,%d,?)} | exec:Y;esc:N","_snprintf( szTemp, 128, ""{call sp_UpdatePetColor(%d,%d,%d,?)}"", nChaNum, nPetNum, nPetColor );"
"PARAMETERIZED","printf","Lib_Network\s_COdbcGamePet.cpp","188","-","placeholder stmt: {call sp_UpdatePetStyle(%d,%d,%d,?)} | exec:Y;esc:N","_snprintf( szTemp, 128, ""{call sp_UpdatePetStyle(%d,%d,%d,?)}"", nChaNum, nPetNum, nPetStyle );"
"PARAMETERIZED","printf","Lib_Network\s_COdbcGamePet.cpp","219","-","placeholder stmt: {call sp_UpdatePetFull(%d,%d,%d,?)} | exec:Y;esc:N","_snprintf( szTemp, 128, ""{call sp_UpdatePetFull(%d,%d,%d,?)}"", nChaNum, nPetNum, nPetFull );"
"PARAMETERIZED","printf","Lib_Network\s_COdbcGamePet.cpp","247","-","placeholder stmt: {call sp_DeletePet(%d,%d,?)} | exec:Y;esc:N","_snprintf( szTemp, 128, ""{call sp_DeletePet(%d,%d,?)}"", nChaNum, nPetNum );"
"PARAMETERIZED","concat/stream","Lib_Network\s_COdbcGamePet.cpp","275","-","placeholder stmt: UPDATE PetInfo SET PetInfo.PetPutOnItems=? WHERE ( | exec:N;esc:N","strPetInven << _T(""UPDATE PetInfo SET PetInfo.PetPutOnItems=? WHERE (PetNum="" <<  nPetNum << ""And PetChaNum="" << nChaNum"
"PARAMETERIZED","printf","Lib_Network\s_COdbcGamePet.cpp","322","-","placeholder stmt: {call sp_UpdatePetInven(%d,%d,%d,%d,%d,%d,%d,%d,?) | exec:Y;esc:N","_snprintf( szTemp, 128, ""{call sp_UpdatePetInven(%d,%d,%d,%d,%d,%d,%d,%d,?)}"","
"FALSE_POSITIVE","printf","Lib_Network\s_COdbcGamePet.cpp","362","-","literal-only SQL (no interpolation): SELECT PetName, PetChaNum, PetType, PetMID, PetSID | exec:Y;esc:N","_snprintf( szTemp, 256, ""SELECT PetName, PetChaNum, PetType, PetMID, PetSID, PetCardMID, PetCardSID, PetStyle, PetColor,"
"FALSE_POSITIVE","printf","Lib_Network\s_COdbcGamePet.cpp","569","-","literal-only SQL (no interpolation): SELECT PetInvenMID, PetInvenSID, PetInvenAvailable | exec:Y;esc:N","_snprintf( szTemp, 256, ""SELECT PetInvenMID, PetInvenSID, PetInvenAvailable """
"PARAMETERIZED","printf","Lib_Network\s_COdbcGamePet.cpp","660","-","placeholder stmt: {call sp_GetPetFull(%d,%u,?)} | exec:Y;esc:N","_snprintf( szTemp, 128, ""{call sp_GetPetFull(%d,%u,?)}"", nChaNum, dwPetNum );"
"FALSE_POSITIVE","printf","Lib_Network\s_COdbcGamePet.cpp","689","-","literal-only SQL (no interpolation): SELECT PetNum, PetName, PetType, PetCardMID, PetCa | exec:Y;esc:N","_snprintf( szTemp, 256, ""SELECT PetNum, PetName, PetType, PetCardMID, PetCardSID """
"PARAMETERIZED","printf","Lib_Network\s_COdbcGamePet.cpp","776","-","placeholder stmt: {call sp_RestorePet(%u,%d,?)} | exec:Y;esc:N","_snprintf( szTemp, 128, ""{call sp_RestorePet(%u,%d,?)}"", dwPetNum, nChaNum );"
"PARAMETERIZED","printf","Lib_Network\s_COdbcGamePet.cpp","806","-","placeholder stmt: {call sp_UpdatePetSkin(%d,%u,%d,%d,%d,%d,?)} | exec:Y;esc:N","_snprintf( szTemp, 128, ""{call sp_UpdatePetSkin(%d,%u,%d,%d,%d,%d,?)}"","
"PARAMETERIZED","printf","Lib_Network\s_COdbcGamePet.cpp","832","-","placeholder stmt: {call sp_UpdatePetDualSkill(%d,%d,%d,?)} | exec:Y;esc:N","_snprintf( szTemp, 128, ""{call sp_UpdatePetDualSkill(%d,%d,%d,?)}"", nChaNum, nPetNum, bDualSkill );"
"DEAD","concat/stream","Lib_Network\s_COdbcGamePet.cpp","40","-","commented-out / in /* */ block","//strTemp << ""{call sp_InsertPet("";"
"DEAD","concat/stream","Lib_Network\s_COdbcGamePet.cpp","91","-","commented-out / in /* */ block","//strTemp << ""{call sp_RenamePet("";"
"DEAD","concat/stream","Lib_Network\s_COdbcGamePet.cpp","121","-","commented-out / in /* */ block","//strTemp << ""{call sp_UpdatePetChaNum("";"
"DEAD","concat/stream","Lib_Network\s_COdbcGamePet.cpp","151","-","commented-out / in /* */ block","//strTemp << ""{call sp_UpdatePetColor("";"
"DEAD","concat/stream","Lib_Network\s_COdbcGamePet.cpp","182","-","commented-out / in /* */ block","//strTemp << ""{call sp_UpdatePetStyle("";"
"DEAD","concat/stream","Lib_Network\s_COdbcGamePet.cpp","213","-","commented-out / in /* */ block","//strTemp << ""{call sp_UpdatePetFull("";"
"DEAD","concat/stream","Lib_Network\s_COdbcGamePet.cpp","242","-","commented-out / in /* */ block","//strTemp << ""{call sp_DeletePet("";"
"DEAD","concat/stream","Lib_Network\s_COdbcGamePet.cpp","311","-","commented-out / in /* */ block","//strTemp << ""{call sp_UpdatePetInven("";"
"DEAD","concat/stream","Lib_Network\s_COdbcGamePet.cpp","356","-","commented-out / in /* */ block","//strTemp << ""SELECT PetName, PetChaNum, PetType, PetMID, PetSID, PetCardMID, PetCardSID, PetStyle, PetColor, PetFull "";"
"DEAD","concat/stream","Lib_Network\s_COdbcGamePet.cpp","357","-","commented-out / in /* */ block","//strTemp << ""FROM PetInfo WHERE PetNum="" << dwPetNum;"
"DEAD","concat/stream","Lib_Network\s_COdbcGamePet.cpp","527","-","commented-out / in /* */ block","//strPutOnItems << ""SELECT PetInfo.PetPutOnItems FROM PetInfo WHERE (PetNum="" <<  dwPetNum << "")"";"
"DEAD","concat/stream","Lib_Network\s_COdbcGamePet.cpp","562","-","commented-out / in /* */ block","//strTemp << ""SELECT PetInvenMID, PetInvenSID, PetInvenAvailable "";"
"DEAD","concat/stream","Lib_Network\s_COdbcGamePet.cpp","563","-","commented-out / in /* */ block","//strTemp << "" FROM PetInven WHERE PetNum="" << dwPetNum;"
"DEAD","concat/stream","Lib_Network\s_COdbcGamePet.cpp","655","-","commented-out / in /* */ block","//strTemp << ""{call sp_GetPetFull("";"
"DEAD","concat/stream","Lib_Network\s_COdbcGamePet.cpp","683","-","commented-out / in /* */ block","//strTemp << ""SELECT PetNum, PetName, PetType, PetCardMID, PetCardSID "";"
"DEAD","concat/stream","Lib_Network\s_COdbcGamePet.cpp","684","-","commented-out / in /* */ block","//strTemp << ""From PetInfo Where PetChaNum="" << nChaNum;"
"DEAD","concat/stream","Lib_Network\s_COdbcGamePet.cpp","770","-","commented-out / in /* */ block","//strTemp << ""{call sp_RestorePet("";"
"ESCAPED","printf","Lib_Network\s_COdbcGameWeb.cpp","23","MEDIUM","{call user_forgotpass('%s','%s',?)} | exec:Y;esc:Y | interp:%s-family","_snprintf( szTemp, 512, ""{call user_forgotpass('%s','%s',?)}"","
"ESCAPED","printf","Lib_Network\s_COdbcGameWeb.cpp","51","MEDIUM","{call user_changepass('%s','%s','%s',?)} | exec:Y;esc:Y | interp:%s-family","_snprintf( szTemp, 512, ""{call user_changepass('%s','%s','%s',?)}"","
"ESCAPED","printf","Lib_Network\s_COdbcGameWeb.cpp","85","MEDIUM","{call selchar_changepass('%s','%s','%s','%s',?)} | exec:Y;esc:Y | interp:%s-family","_snprintf( szTemp, 512, ""{call selchar_changepass('%s','%s','%s','%s',?)}"","
"ESCAPED","printf","Lib_Network\s_COdbcGameWeb.cpp","120","MEDIUM","{call selchar_changepin('%s','%s','%s','%s',?)} | exec:Y;esc:Y | interp:%s-family","_snprintf( szTemp, 512, ""{call selchar_changepin('%s','%s','%s','%s',?)}"","
"ESCAPED","printf","Lib_Network\s_COdbcGameWeb.cpp","138","MEDIUM","{call sp_ReqGameTimeConvert('%s',?)} | exec:Y;esc:Y | interp:%s-family","_snprintf( szTemp, 512, ""{call sp_ReqGameTimeConvert('%s',?)}"", strUserID.GetString() );"
"ESCAPED","printf","Lib_Network\s_COdbcGameWeb.cpp","169","MEDIUM","{call selchar_resetpin('%s','%s','%s','%s',?)} | exec:Y;esc:Y | interp:%s-family","_snprintf( szTemp, 512, ""{call selchar_resetpin('%s','%s','%s','%s',?)}"","
"ESCAPED","printf","Lib_Network\s_COdbcGameWeb.cpp","199","MEDIUM","{call selchar_topup('%s','%s','%s',?)} | exec:Y;esc:Y | interp:%s-family","_snprintf( szTemp, 512, ""{call selchar_topup('%s','%s','%s',?)}"","
"ESCAPED","printf","Lib_Network\s_COdbcGameWeb.cpp","238","MEDIUM","{call selchar_changemail('%s','%s','%s','%s','%s', | exec:Y;esc:Y | interp:%s-family","_snprintf( szTemp, 512, ""{call selchar_changemail('%s','%s','%s','%s','%s',?)}"","
"FALSE_POSITIVE","printf","Lib_Network\s_COdbcLog.cpp","24","-","numeric-only dynamic SQL (not injectable): {call log_serverstate(%d,%d,%d,%d)} | exec:Y;esc:N","_snprintf( szTemp, 128, ""{call log_serverstate(%d,%d,%d,%d)}"", nUserNum, nUserMax, nSvrNum, nSGNum );"
"PARAMETERIZED","printf","Lib_Network\s_COdbcLog.cpp","62","-","placeholder stmt: {call sp_LogItemRandom_Insert(%d,%d,%d,%d,%d,%d,%I | exec:Y;esc:N","_snprintf( szTemp, 128, ""{call sp_LogItemRandom_Insert(%d,%d,%d,%d,%d,%d,%I64d,%d,%d,%d,%d,%d,%d,%d,%d,?)}"","
"PARAMETERIZED","printf","Lib_Network\s_COdbcLog.cpp","89","-","placeholder stmt: {call sp_LogPetAction_Insert(%d,%d,%d,%d,%d,?)} | exec:Y;esc:N","_snprintf( szTemp, 128, ""{call sp_LogPetAction_Insert(%d,%d,%d,%d,%d,?)}"", _sLOG.nPetNum, _sLOG.nItemMID,"
"PARAMETERIZED","printf","Lib_Network\s_COdbcLog.cpp","101","-","placeholder stmt: {call sp_LogVehicleAction_Insert(%d,%d,%d,%d,%d,?) | exec:Y;esc:N","_snprintf( szTemp, 128, ""{call sp_LogVehicleAction_Insert(%d,%d,%d,%d,%d,?)}"", _sLOG.nVehicleNum, _sLOG.nItemMID,"
"FALSE_POSITIVE","printf","Lib_Network\s_COdbcLog.cpp","139","-","numeric-only dynamic SQL (not injectable): {call sp_LogAction_Insert(%d,%d,%d,%d,%I64d,%d,%d, | exec:Y;esc:N","_snprintf( szTemp, 128, ""{call sp_LogAction_Insert(%d,%d,%d,%d,%I64d,%d,%d,%d)}"", _sLOG.m_nCHARID,"
"FALSE_POSITIVE","printf","Lib_Network\s_COdbcLog.cpp","178","-","numeric-only dynamic SQL (not injectable): INSERT INTO LogAppeal (SGNum, ChaNum, ApNote) VALU | exec:Y;esc:N","_snprintf( szTemp, 128, ""INSERT INTO LogAppeal (SGNum, ChaNum, ApNote) VALUES (%d, %d)"","
"VULNERABLE","printf","Lib_Network\s_COdbcLog.cpp","223","HIGH","{call InsertLogHackProgram(%d,%d,%d,%d,%d,'%s',?)} | exec:Y;esc:N | interp:%s-family","_snprintf( szTemp, 512, ""{call InsertLogHackProgram(%d,%d,%d,%d,%d,'%s',?)}"","
"DEAD","concat/stream","Lib_Network\s_COdbcLog.cpp","16","-","commented-out / in /* */ block","strTemp << ""{call log_serverstate("";"
"DEAD","concat/stream","Lib_Network\s_COdbcLog.cpp","37","-","commented-out / in /* */ block","strTemp << ""{call sp_LogItemRandom_Insert("";"
"DEAD","concat/stream","Lib_Network\s_COdbcLog.cpp","79","-","commented-out / in /* */ block","strTemp << ""{call sp_LogPetAction_Insert("";"
"DEAD","concat/stream","Lib_Network\s_COdbcLog.cpp","127","-","commented-out / in /* */ block","strTemp << ""{call sp_LogAction_Insert("";"
"DEAD","concat/stream","Lib_Network\s_COdbcLog.cpp","171","-","commented-out / in /* */ block","strTemp << ""INSERT INTO LogAppeal (SGNum, ChaNum, ApNote) VALUES ("";"
"DEAD","concat/stream","Lib_Network\s_COdbcLog.cpp","213","-","commented-out / in /* */ block","strTemp << ""{call InsertLogHackProgram("";"
"DEAD","concat/stream","Lib_Network\s_COdbcLog.cpp","249","-","commented-out / in /* */ block","strTemp << ""Insert Into LogChaDelete (SGNum, SvrNum, nUserNum, nChaNum) Values ("";"
"DEAD","concat/stream","Lib_Network\s_COdbcLog.cpp","271","-","commented-out / in /* */ block","strTemp << ""{call log_serverstate("";"
"VULNERABLE","printf","Lib_Network\s_COdbcLogEvent.cpp","22","HIGH","{call sp_lottery_check('%s','%s','%s',%d,?)} | exec:Y;esc:N | interp:%s-family","_snprintf( szTemp, 128, ""{call sp_lottery_check('%s','%s','%s',%d,?)}"","
"VULNERABLE","printf","Lib_Network\s_COdbcLogEvent.cpp","45","HIGH","{call sp_LogPungPung('%s','%s',%d,%d)} | exec:Y;esc:N | interp:%s-family","_snprintf( szTemp, 128, ""{call sp_LogPungPung('%s','%s',%d,%d)}"","
"VULNERABLE","printf","Lib_Network\s_COdbcLogEvent.cpp","71","HIGH","{call sp_PungPungCheck('%s',%d,?)} | exec:Y;esc:N | interp:%s-family","_snprintf( szTemp, 128, ""{call sp_PungPungCheck('%s',%d,?)}"","
"FALSE_POSITIVE","printf","Lib_Network\s_COdbcLogEvent.cpp","89","-","numeric-only dynamic SQL (not injectable): Exec sp_UserAttendLog %d | exec:Y;esc:N","_snprintf( szTemp, 128, ""Exec sp_UserAttendLog %d"", nUserNum );"
"PARAMETERIZED","printf","Lib_Network\s_COdbcLogEvent.cpp","162","-","placeholder stmt: {call sp_InsertAttendLog( %d,%d,%d,?)} | exec:Y;esc:N","_snprintf( szTemp, 128, ""{call sp_InsertAttendLog( %d,%d,%d,?)}"","
"VULNERABLE","printf","Lib_Network\s_COdbcLogEvent.cpp","174","HIGH","{call sp_InsertItem('%s','%s',%d,%d,?)} | exec:Y;esc:N | interp:%s-family","_snprintf( szTemp, 128, ""{call sp_InsertItem('%s','%s',%d,%d,?)}"","
"DEAD","concat/stream","Lib_Network\s_COdbcLogEvent.cpp","14","-","commented-out / in /* */ block","strTemp << ""{call sp_lottery_check("";"
"DEAD","concat/stream","Lib_Network\s_COdbcLogEvent.cpp","37","-","commented-out / in /* */ block","strTemp << ""{call sp_LogPungPung("";"
"DEAD","concat/stream","Lib_Network\s_COdbcLogEvent.cpp","65","-","commented-out / in /* */ block","strTemp << ""{call sp_PungPungCheck("";"
"FALSE_POSITIVE","printf","Lib_Network\s_COdbcLogItem.cpp","58","-","numeric-only dynamic SQL (not injectable): {call sp_logitemexchange_insert(%d,%d,%d,%d,%d,%d, | exec:Y;esc:N","_snprintf( szTemp, 512, ""{call sp_logitemexchange_insert(%d,%d,%d,%d,%d,%d,%I64d,%d,%d,%d,"""
"FALSE_POSITIVE","printf","Lib_Network\s_COdbcLogItem.cpp","117","-","numeric-only dynamic SQL (not injectable): {call sp_logitemexchange_insert(%d,%d,%d,%d,%d, | exec:Y;esc:N","_snprintf( szTemp, 256, ""{call sp_logitemexchange_insert(%d,%d,%d,%d,%d,"""
"FALSE_POSITIVE","printf","Lib_Network\s_COdbcLogItem.cpp","176","-","numeric-only dynamic SQL (not injectable): {call sp_logitemexchange_insert(%d,%d,%d,%d,%d, | exec:Y;esc:N","_snprintf( szTemp, 256, ""{call sp_logitemexchange_insert(%d,%d,%d,%d,%d,"""
"FALSE_POSITIVE","printf","Lib_Network\s_COdbcLogItem.cpp","232","-","literal-only SQL (no interpolation): SELECT MaxNum, NIDMain, NIDSub, MakeType FROM LogI | exec:Y;esc:N","_snprintf( szTemp, 128, ""SELECT MaxNum, NIDMain, NIDSub, MakeType FROM LogItemMax WITH (NOLOCK) WHERE """
"DEAD","concat/stream","Lib_Network\s_COdbcLogItem.cpp","25","-","commented-out / in /* */ block","strTemp << ""{call sp_logitemexchange_insert("";"
"DEAD","concat/stream","Lib_Network\s_COdbcLogItem.cpp","84","-","commented-out / in /* */ block","strTemp << ""{call sp_logitemexchange_insert("";"
"DEAD","concat/stream","Lib_Network\s_COdbcLogItem.cpp","143","-","commented-out / in /* */ block","strTemp << ""{call sp_logitemexchange_insert("";"
"DEAD","concat/stream","Lib_Network\s_COdbcLogItem.cpp","216","-","commented-out / in /* */ block","strTemp << ""SELECT MaxNum, NIDMain, NIDSub, MakeType FROM viewLogItemExchangeMax WHERE "";"
"DEAD","concat/stream","Lib_Network\s_COdbcLogItem.cpp","225","-","commented-out / in /* */ block","strTemp << ""SELECT MaxNum, NIDMain, NIDSub, MakeType FROM LogItemMax WITH (NOLOCK) WHERE "";"
"FALSE_POSITIVE","printf","Lib_Network\s_COdbcShop.cpp","25","-","literal-only SQL (no interpolation): SELECT Purkey, ItemMain, ItemSub FROM viewShopPurc | exec:Y;esc:N","_snprintf( szTemp, 128, ""SELECT Purkey, ItemMain, ItemSub FROM viewShopPurchase WHERE """
"VULNERABLE","printf","Lib_Network\s_COdbcShop.cpp","105","HIGH","{call sp_purchase_change_state('%s',%d,?)} | exec:Y;esc:N | interp:%s-family","_snprintf( szTemp, 256, ""{call sp_purchase_change_state('%s',%d,?)}"", strPurKey.GetString(), nFlag );"
"FALSE_POSITIVE","printf","Lib_Network\s_COdbcShop.cpp","121","-","literal-only SQL (no interpolation): SELECT ProductNum, ItemMain, ItemSub, ItemMoney, I | exec:Y;esc:N","_snprintf( szTemp, 256, ""SELECT ProductNum, ItemMain, ItemSub, ItemMoney, ItemStock, Category, ItemSec FROM ShopItemMap "
"FALSE_POSITIVE","printf","Lib_Network\s_COdbcShop.cpp","204","-","literal-only SQL (no interpolation): SELECT ProductNum, ItemMain, ItemSub, ItemMoney, I | exec:Y;esc:N","_snprintf( szTemp, 256, ""SELECT ProductNum, ItemMain, ItemSub, ItemMoney, Itemstock, ItemCtg, ItemSec FROM ShopItemMap W"
"VULNERABLE","printf","Lib_Network\s_COdbcShop.cpp","277","HIGH","{call sp_ItemMallBuy(%d,%d,%d,'%s',?)} | exec:Y;esc:N | interp:%s-family","_snprintf( szTemp, 128, ""{call sp_ItemMallBuy(%d,%d,%d,'%s',?)}"","
"PARAMETERIZED","printf","Lib_Network\s_COdbcShop.cpp","292","-","placeholder stmt: {call sp_GenerateTopUpCard(%d,%d,%d,%d,?)} | exec:Y;esc:N","_snprintf( szTemp, 128, ""{call sp_GenerateTopUpCard(%d,%d,%d,%d,?)}"","
"FALSE_POSITIVE","printf","Lib_Network\s_COdbcShop.cpp","309","-","numeric-only dynamic SQL (not injectable): SELECT CardID, CardCODE FROM TopUp WHERE ID=%d | exec:Y;esc:N","_snprintf( szTemp, 256, ""SELECT CardID, CardCODE FROM TopUp WHERE ID=%d"", dwID );"
"VULNERABLE","printf","Lib_Network\s_COdbcShop.cpp","366","HIGH","SELECT CardSTATUS, CardVALUE, UserTopUp FROM TopUp | exec:Y;esc:N | interp:%s-family","_snprintf( szTemp, 256, ""SELECT CardSTATUS, CardVALUE, UserTopUp FROM TopUp WHERE CardID='%s'"", strCode.GetString() );"
"DEAD","concat/stream","Lib_Network\s_COdbcShop.cpp","19","-","commented-out / in /* */ block","//   strTemp << ""SELECT Purkey, ItemMain, ItemSub FROM viewShopPurchase WHERE "";"
"DEAD","concat/stream","Lib_Network\s_COdbcShop.cpp","99","-","commented-out / in /* */ block","//strTemp << ""{call sp_purchase_change_state("";"
"VULNERABLE","printf","Lib_Network\s_COdbcSMS.cpp","43","HIGH","{call sp_LogSms_Insert(%d,'',%d,'%s','%s',?)} | exec:Y;esc:N | interp:%s-family","_snprintf( szTemp, 256, ""{call sp_LogSms_Insert(%d,'',%d,'%s','%s',?)}"","
"VULNERABLE","printf","Lib_Network\s_COdbcSMS.cpp","80","HIGH","{call UpdateChaFriendSms(%d,'%s',?)} | exec:Y;esc:N | interp:%s-family","_snprintf( szTemp, 128, ""{call UpdateChaFriendSms(%d,'%s',?)}"", nChaNum, szPhoneNumber );"
"FALSE_POSITIVE","printf","Lib_Network\s_COdbcSMS.cpp","109","-","numeric-only dynamic SQL (not injectable): SELECT ChaP, ChaS, ChaName, ChaFlag, ChaToPhone Fr | exec:Y;esc:N","_snprintf( szTemp, 128, ""SELECT ChaP, ChaS, ChaName, ChaFlag, ChaToPhone From viewChaFriendSms WHERE ChaP=%d"", nChaNum )"
"DEAD","concat/stream","Lib_Network\s_COdbcSMS.cpp","33","-","commented-out / in /* */ block","//strTemp << ""{call sp_LogSms_Insert("";"
"DEAD","concat/stream","Lib_Network\s_COdbcSMS.cpp","73","-","commented-out / in /* */ block","//strTemp << ""{call UpdateChaFriendSms("";"
"DEAD","concat/stream","Lib_Network\s_COdbcSMS.cpp","104","-","commented-out / in /* */ block","//strTemp << ""SELECT ChaP, ChaS, ChaName, ChaFlag, ChaToPhone From viewChaFriendSms "";"
"DEAD","concat/stream","Lib_Network\s_COdbcSMS.cpp","105","-","commented-out / in /* */ block","//strTemp << ""WHERE ChaP="" << nChaNum;"
"PARAMETERIZED","SQLBindParameter","Lib_Network\s_COdbcSupervisor.cpp","326","-","bound-parameter mechanism","sReturn = ::SQLBindParameter("
"PARAMETERIZED","SQLBindParameter","Lib_Network\s_COdbcSupervisor.cpp","341","-","bound-parameter mechanism","Print( _T(""ERROR:SQLBindParameter"") );"
"PARAMETERIZED","SQLBindParameter","Lib_Network\s_COdbcSupervisor.cpp","424","-","bound-parameter mechanism","sReturn = ::SQLBindParameter("
"PARAMETERIZED","SQLBindParameter","Lib_Network\s_COdbcSupervisor.cpp","439","-","bound-parameter mechanism","Print( _T(""ERROR:SQLBindParameter"") );"
"PARAMETERIZED","bind-call-3arg","Lib_Network\s_COdbcSupervisor.cpp","463","-","bound-parameter mechanism","int COdbcSupervisor::ExecuteSpInt( const TCHAR * szSP, const SP_PARAM * pParams, int nParamCount )"
"PARAMETERIZED","SQLBindParameter","Lib_Network\s_COdbcSupervisor.cpp","493","-","bound-parameter mechanism","sReturn = ::SQLBindParameter("
"PARAMETERIZED","SQLBindParameter","Lib_Network\s_COdbcSupervisor.cpp","507","-","bound-parameter mechanism","sReturn = ::SQLBindParameter("
"PARAMETERIZED","SQLBindParameter","Lib_Network\s_COdbcSupervisor.cpp","523","-","bound-parameter mechanism","Print( _T(""ERROR:SQLBindParameter"") );"
"PARAMETERIZED","SQLBindParameter","Lib_Network\s_COdbcSupervisor.cpp","529","-","bound-parameter mechanism","sReturn = ::SQLBindParameter("
"PARAMETERIZED","SQLBindParameter","Lib_Network\s_COdbcSupervisor.cpp","544","-","bound-parameter mechanism","Print( _T(""ERROR:SQLBindParameter"") );"
"VULNERABLE","printf","Lib_Network\s_COdbcSupervisor.cpp","585","HIGH","SELECT %s FROM PetInfo where (PetNum=%d And PetCha | exec:Y;esc:N | interp:%s-family","_snprintf( szTemp, 128, ""SELECT %s FROM PetInfo where (PetNum=%d And PetChaNum=%d)"", objName, nPetNum, nChaNum );"
"VULNERABLE","printf","Lib_Network\s_COdbcSupervisor.cpp","657","HIGH","SELECT %s FROM VehicleInfo where (VehicleNum=%d) A | exec:Y;esc:N | interp:%s-family","_snprintf( szTemp, 128, ""SELECT %s FROM VehicleInfo where (VehicleNum=%d) And (VehicleChaNum=%d)"", objName, nVehicleNum,"
"VULNERABLE","printf","Lib_Network\s_COdbcSupervisor.cpp","728","HIGH","SELECT %s FROM ChaInfo where (ChaNum=%d) | exec:Y;esc:N | interp:%s-family","_snprintf( szTemp, 128, ""SELECT %s FROM ChaInfo where (ChaNum=%d)"", objName, nChaNum );"
"PARAMETERIZED","SQLBindParameter","Lib_Network\s_COdbcSupervisor.cpp","859","-","bound-parameter mechanism","sReturn = ::SQLBindParameter(pConn->hStmt,"
"PARAMETERIZED","SQLBindParameter","Lib_Network\s_COdbcSupervisor.cpp","926","-","bound-parameter mechanism","sReturn = ::SQLBindParameter(pConn->hStmt,"
"DEAD","concat/stream","Lib_Network\s_COdbcSupervisor.cpp","581","-","commented-out / in /* */ block","//strTemp << _T(""SELECT "" << objName << "" FROM PetInfo WHERE (PetNum="" <<  nPetNum << "")"");"
"DEAD","concat/stream","Lib_Network\s_COdbcSupervisor.cpp","653","-","commented-out / in /* */ block","//strTemp << _T(""SELECT "" << objName << "" FROM PetInfo WHERE (PetNum="" <<  nPetNum << "")"");"
"DEAD","concat/stream","Lib_Network\s_COdbcSupervisor.cpp","724","-","commented-out / in /* */ block","//strTemp << _T(""SELECT "" << objName << "" FROM ChaInfo where (ChaNum="" <<  nChaNum << "")"");"
"PARAMETERIZED","bind-call-3arg","Lib_Network\s_COdbcSupervisor.h","153","-","bound-parameter mechanism","int ExecuteSpInt( const TCHAR * szSP, const SP_PARAM * pParams, int nParamCount );"
"FALSE_POSITIVE","printf","Lib_Network\s_COdbcUser.cpp","31","-","numeric-only dynamic SQL (not injectable): SELECT ChatBlockDate FROM DaumUserInfo WITH (NOLOC | exec:Y;esc:N","_snprintf( szTemp, 128, ""SELECT ChatBlockDate FROM DaumUserInfo WITH (NOLOCK) WHERE UserNum=%d"", nUserNum );"
"FALSE_POSITIVE","printf","Lib_Network\s_COdbcUser.cpp","34","-","numeric-only dynamic SQL (not injectable): SELECT ChatBlockDate FROM JapanUserInfo WITH (NOLO | exec:Y;esc:N","_snprintf( szTemp, 128, ""SELECT ChatBlockDate FROM JapanUserInfo WITH (NOLOCK) WHERE UserNum=%d"", nUserNum );"
"FALSE_POSITIVE","printf","Lib_Network\s_COdbcUser.cpp","40","-","numeric-only dynamic SQL (not injectable): SELECT ChatBlockDate FROM TerraUserInfo WITH (NOLO | exec:Y;esc:N","_snprintf( szTemp, 128, ""SELECT ChatBlockDate FROM TerraUserInfo WITH (NOLOCK) WHERE UserNum=%d"", nUserNum );"
"FALSE_POSITIVE","printf","Lib_Network\s_COdbcUser.cpp","46","-","numeric-only dynamic SQL (not injectable): SELECT ChatBlockDate FROM TerraUserInfo WITH (NOLO | exec:Y;esc:N","_snprintf( szTemp, 128, ""SELECT ChatBlockDate FROM TerraUserInfo WITH (NOLOCK) WHERE UserNum=%d"", nUserNum );"
"FALSE_POSITIVE","printf","Lib_Network\s_COdbcUser.cpp","52","-","numeric-only dynamic SQL (not injectable): SELECT ChatBlockDate FROM UserInfo WITH (NOLOCK) W | exec:Y;esc:N","_snprintf( szTemp, 128, ""SELECT ChatBlockDate FROM UserInfo WITH (NOLOCK) WHERE UserNum=%d"", nUserNum );"
"FALSE_POSITIVE","printf","Lib_Network\s_COdbcUser.cpp","58","-","numeric-only dynamic SQL (not injectable): SELECT ChatBlockDate FROM GspUserInfo WITH (NOLOCK | exec:Y;esc:N","_snprintf( szTemp, 128, ""SELECT ChatBlockDate FROM GspUserInfo WITH (NOLOCK) WHERE UserNum=%d"", nUserNum );"
"FALSE_POSITIVE","printf","Lib_Network\s_COdbcUser.cpp","61","-","numeric-only dynamic SQL (not injectable): SELECT ChatBlockDate FROM GSUserInfo WITH (NOLOCK) | exec:Y;esc:N","_snprintf( szTemp, 128, ""SELECT ChatBlockDate FROM GSUserInfo WITH (NOLOCK) WHERE UserNum=%d"", nUserNum );"
"FALSE_POSITIVE","printf","Lib_Network\s_COdbcUser.cpp","67","-","numeric-only dynamic SQL (not injectable): SELECT ChatBlockDate FROM UserInfo WITH (NOLOCK) W | exec:Y;esc:N","_snprintf( szTemp, 128, ""SELECT ChatBlockDate FROM UserInfo WITH (NOLOCK) WHERE UserNum=%d"", nUserNum );"
"VULNERABLE","printf","Lib_Network\s_COdbcUser.cpp","143","MEDIUM(no-exec-in-window)","UPDATE DaumUserInfo WITH (UPDLOCK) SET ChatBlockDa | exec:N;esc:N | interp:%s-family","_snprintf( szTemp, 256, ""UPDATE DaumUserInfo WITH (UPDLOCK) SET ChatBlockDate='%s' WHERE UserNum=%d"", strTime.GetString("
"VULNERABLE","printf","Lib_Network\s_COdbcUser.cpp","148","MEDIUM(no-exec-in-window)","UPDATE JapanUserInfo WITH (UPDLOCK) SET ChatBlockD | exec:N;esc:N | interp:%s-family","_snprintf( szTemp, 256, ""UPDATE JapanUserInfo WITH (UPDLOCK) SET ChatBlockDate='%s' WHERE UserNum=%d"", strTime.GetString"
"VULNERABLE","printf","Lib_Network\s_COdbcUser.cpp","155","HIGH","UPDATE TerraUserInfo WITH (UPDLOCK) SET ChatBlockD | exec:Y;esc:N | interp:%s-family","_snprintf( szTemp, 256, ""UPDATE TerraUserInfo WITH (UPDLOCK) SET ChatBlockDate='%s' WHERE UserNum=%d"", strTime.GetString"
"VULNERABLE","printf","Lib_Network\s_COdbcUser.cpp","162","HIGH","UPDATE TerraUserInfo WITH (UPDLOCK) SET ChatBlockD | exec:Y;esc:N | interp:%s-family","_snprintf( szTemp, 256, ""UPDATE TerraUserInfo WITH (UPDLOCK) SET ChatBlockDate='%s' WHERE UserNum=%d"", strTime.GetString"
"VULNERABLE","printf","Lib_Network\s_COdbcUser.cpp","169","HIGH","UPDATE UserInfo WITH (UPDLOCK) SET ChatBlockDate=' | exec:Y;esc:N | interp:%s-family","_snprintf( szTemp, 256, ""UPDATE UserInfo WITH (UPDLOCK) SET ChatBlockDate='%s' WHERE UserNum=%d"", strTime.GetString(), n"
"VULNERABLE","printf","Lib_Network\s_COdbcUser.cpp","176","HIGH","UPDATE GspUserInfo WITH (UPDLOCK) SET ChatBlockDat | exec:Y;esc:N | interp:%s-family","_snprintf( szTemp, 256, ""UPDATE GspUserInfo WITH (UPDLOCK) SET ChatBlockDate='%s' WHERE UserNum=%d"", strTime.GetString()"
"VULNERABLE","printf","Lib_Network\s_COdbcUser.cpp","183","HIGH","UPDATE GSUserInfo WITH (UPDLOCK) SET ChatBlockDate | exec:Y;esc:N | interp:%s-family","_snprintf( szTemp, 256, ""UPDATE GSUserInfo WITH (UPDLOCK) SET ChatBlockDate='%s' WHERE UserNum=%d"", strTime.GetString(),"
"VULNERABLE","printf","Lib_Network\s_COdbcUser.cpp","190","HIGH","UPDATE UserInfo WITH (UPDLOCK) SET ChatBlockDate=' | exec:Y;esc:N | interp:%s-family","_snprintf( szTemp, 256, ""UPDATE UserInfo WITH (UPDLOCK) SET ChatBlockDate='%s' WHERE UserNum=%d"", strTime.GetString(), n"
"FALSE_POSITIVE","printf","Lib_Network\s_COdbcUser.cpp","220","-","numeric-only dynamic SQL (not injectable): SELECT PremiumDate FROM DaumUserInfo WITH (NOLOCK) | exec:N;esc:N","_snprintf( szTemp, 128, ""SELECT PremiumDate FROM DaumUserInfo WITH (NOLOCK) WHERE UserNum=%d"", nUserNum );"
"FALSE_POSITIVE","printf","Lib_Network\s_COdbcUser.cpp","226","-","numeric-only dynamic SQL (not injectable): SELECT PremiumDate FROM TerraUserInfo WITH (NOLOCK | exec:Y;esc:N","_snprintf( szTemp, 128, ""SELECT PremiumDate FROM TerraUserInfo WITH (NOLOCK) WHERE UserNum=%d"", nUserNum );"
"FALSE_POSITIVE","printf","Lib_Network\s_COdbcUser.cpp","232","-","numeric-only dynamic SQL (not injectable): SELECT PremiumDate FROM TerraUserInfo WITH (NOLOCK | exec:Y;esc:N","_snprintf( szTemp, 128, ""SELECT PremiumDate FROM TerraUserInfo WITH (NOLOCK) WHERE UserNum=%d"", nUserNum );"
"FALSE_POSITIVE","printf","Lib_Network\s_COdbcUser.cpp","237","-","numeric-only dynamic SQL (not injectable): SELECT PremiumDate FROM JapanUserInfo WITH (NOLOCK | exec:Y;esc:N","_snprintf( szTemp, 128, ""SELECT PremiumDate FROM JapanUserInfo WITH (NOLOCK) WHERE UserNum=%d"", nUserNum );"
"FALSE_POSITIVE","printf","Lib_Network\s_COdbcUser.cpp","243","-","numeric-only dynamic SQL (not injectable): SELECT PremiumDate FROM UserInfo WITH (NOLOCK) WHE | exec:Y;esc:N","_snprintf( szTemp, 128, ""SELECT PremiumDate FROM UserInfo WITH (NOLOCK) WHERE UserNum=%d"", nUserNum );"
"FALSE_POSITIVE","printf","Lib_Network\s_COdbcUser.cpp","249","-","numeric-only dynamic SQL (not injectable): SELECT PremiumDate FROM GspUserInfo WITH (NOLOCK)  | exec:Y;esc:N","_snprintf( szTemp, 128, ""SELECT PremiumDate FROM GspUserInfo WITH (NOLOCK) WHERE UserNum=%d"", nUserNum );"
"FALSE_POSITIVE","printf","Lib_Network\s_COdbcUser.cpp","255","-","numeric-only dynamic SQL (not injectable): SELECT PremiumDate FROM GSUserInfo WITH (NOLOCK) W | exec:Y;esc:N","_snprintf( szTemp, 128, ""SELECT PremiumDate FROM GSUserInfo WITH (NOLOCK) WHERE UserNum=%d"", nUserNum );"
"FALSE_POSITIVE","printf","Lib_Network\s_COdbcUser.cpp","261","-","numeric-only dynamic SQL (not injectable): SELECT PremiumDate FROM UserInfo WITH (NOLOCK) WHE | exec:Y;esc:N","_snprintf( szTemp, 128, ""SELECT PremiumDate FROM UserInfo WITH (NOLOCK) WHERE UserNum=%d"", nUserNum );"
"VULNERABLE","printf","Lib_Network\s_COdbcUser.cpp","340","MEDIUM(no-exec-in-window)","UPDATE DaumUserInfo SET PremiumDate='%s' WHERE Use | exec:N;esc:N | interp:%s-family","_snprintf( szTemp, 256, ""UPDATE DaumUserInfo SET PremiumDate='%s' WHERE UserNum=%d"", strTime.GetString(), nUserNum );"
"VULNERABLE","printf","Lib_Network\s_COdbcUser.cpp","345","MEDIUM(no-exec-in-window)","UPDATE JapanUserInfo SET PremiumDate='%s' WHERE Us | exec:N;esc:N | interp:%s-family","_snprintf( szTemp, 256, ""UPDATE JapanUserInfo SET PremiumDate='%s' WHERE UserNum=%d"", strTime.GetString(), nUserNum );"
"VULNERABLE","printf","Lib_Network\s_COdbcUser.cpp","352","HIGH","UPDATE TerraUserInfo SET PremiumDate='%s' WHERE Us | exec:Y;esc:N | interp:%s-family","_snprintf( szTemp, 256, ""UPDATE TerraUserInfo SET PremiumDate='%s' WHERE UserNum=%d"", strTime.GetString(), nUserNum );"
"VULNERABLE","printf","Lib_Network\s_COdbcUser.cpp","359","HIGH","UPDATE TerraUserInfo SET PremiumDate='%s' WHERE Us | exec:Y;esc:N | interp:%s-family","_snprintf( szTemp, 256, ""UPDATE TerraUserInfo SET PremiumDate='%s' WHERE UserNum=%d"", strTime.GetString(), nUserNum );"
"VULNERABLE","printf","Lib_Network\s_COdbcUser.cpp","366","HIGH","UPDATE UserInfo SET PremiumDate='%s' WHERE UserNum | exec:Y;esc:N | interp:%s-family","_snprintf( szTemp, 256, ""UPDATE UserInfo SET PremiumDate='%s' WHERE UserNum=%d"", strTime.GetString(), nUserNum );"
"VULNERABLE","printf","Lib_Network\s_COdbcUser.cpp","373","HIGH","UPDATE GspUserInfo SET PremiumDate='%s' WHERE User | exec:Y;esc:N | interp:%s-family","_snprintf( szTemp, 256, ""UPDATE GspUserInfo SET PremiumDate='%s' WHERE UserNum=%d"", strTime.GetString(), nUserNum );"
"VULNERABLE","printf","Lib_Network\s_COdbcUser.cpp","380","HIGH","UPDATE GSUserInfo SET PremiumDate='%s' WHERE UserN | exec:Y;esc:N | interp:%s-family","_snprintf( szTemp, 256, ""UPDATE GSUserInfo SET PremiumDate='%s' WHERE UserNum=%d"", strTime.GetString(), nUserNum );"
"VULNERABLE","printf","Lib_Network\s_COdbcUser.cpp","387","HIGH","UPDATE UserInfo SET PremiumDate='%s' WHERE UserNum | exec:Y;esc:N | interp:%s-family","_snprintf( szTemp, 256, ""UPDATE UserInfo SET PremiumDate='%s' WHERE UserNum=%d"", strTime.GetString(), nUserNum );"
"PARAMETERIZED","printf","Lib_Network\s_COdbcUser.cpp","420","-","placeholder stmt: {call daum_user_gettype(%d, ?)} | exec:N;esc:N","_snprintf( szTemp, 128, ""{call daum_user_gettype(%d, ?)}"", nUserNum );"
"PARAMETERIZED","printf","Lib_Network\s_COdbcUser.cpp","425","-","placeholder stmt: {call Japan_user_gettype(%d, ?)} | exec:N;esc:N","_snprintf( szTemp, 128, ""{call Japan_user_gettype(%d, ?)}"", nUserNum );"
"PARAMETERIZED","printf","Lib_Network\s_COdbcUser.cpp","432","-","placeholder stmt: {call terra_user_gettype(%d, ?)} | exec:Y;esc:N","_snprintf( szTemp, 128, ""{call terra_user_gettype(%d, ?)}"", nUserNum );"
"PARAMETERIZED","printf","Lib_Network\s_COdbcUser.cpp","439","-","placeholder stmt: {call terra_user_gettype(%d, ?)} | exec:Y;esc:N","_snprintf( szTemp, 128, ""{call terra_user_gettype(%d, ?)}"", nUserNum );"
"PARAMETERIZED","printf","Lib_Network\s_COdbcUser.cpp","446","-","placeholder stmt: {call user_gettype(%d, ?)} | exec:Y;esc:N","_snprintf( szTemp, 128, ""{call user_gettype(%d, ?)}"", nUserNum );"
"PARAMETERIZED","printf","Lib_Network\s_COdbcUser.cpp","453","-","placeholder stmt: {call gsp_user_gettype(%d, ?)} | exec:Y;esc:N","_snprintf( szTemp, 128, ""{call gsp_user_gettype(%d, ?)}"", nUserNum );"
"PARAMETERIZED","printf","Lib_Network\s_COdbcUser.cpp","460","-","placeholder stmt: {call GS_user_gettype(%d, ?)} | exec:Y;esc:N","_snprintf( szTemp, 128, ""{call GS_user_gettype(%d, ?)}"", nUserNum );"
"PARAMETERIZED","printf","Lib_Network\s_COdbcUser.cpp","467","-","placeholder stmt: {call user_gettype(%d, ?)} | exec:Y;esc:N","_snprintf( szTemp, 128, ""{call user_gettype(%d, ?)}"", nUserNum );"
"PARAMETERIZED","printf","Lib_Network\s_COdbcUser.cpp","495","-","placeholder stmt: {call daum_user_cha_remain(%d, ?)} | exec:N;esc:N","_snprintf( szTemp, 128, ""{call daum_user_cha_remain(%d, ?)}"", nUserNum );"
"PARAMETERIZED","printf","Lib_Network\s_COdbcUser.cpp","500","-","placeholder stmt: {call Japan_user_cha_remain(%d, ?)} | exec:N;esc:N","_snprintf( szTemp, 128, ""{call Japan_user_cha_remain(%d, ?)}"", nUserNum );"
"PARAMETERIZED","printf","Lib_Network\s_COdbcUser.cpp","507","-","placeholder stmt: {call terra_user_cha_remain(%d, ?)} | exec:Y;esc:N","_snprintf( szTemp, 128, ""{call terra_user_cha_remain(%d, ?)}"", nUserNum );"
"PARAMETERIZED","printf","Lib_Network\s_COdbcUser.cpp","514","-","placeholder stmt: {call terra_user_cha_remain(%d, ?)} | exec:Y;esc:N","_snprintf( szTemp, 128, ""{call terra_user_cha_remain(%d, ?)}"", nUserNum );"
"PARAMETERIZED","printf","Lib_Network\s_COdbcUser.cpp","521","-","placeholder stmt: {call user_cha_remain(%d, ?)} | exec:Y;esc:N","_snprintf( szTemp, 128, ""{call user_cha_remain(%d, ?)}"", nUserNum );"
"PARAMETERIZED","printf","Lib_Network\s_COdbcUser.cpp","528","-","placeholder stmt: {call gsp_user_cha_remain(%d, ?)} | exec:Y;esc:N","_snprintf( szTemp, 128, ""{call gsp_user_cha_remain(%d, ?)}"", nUserNum );"
"PARAMETERIZED","printf","Lib_Network\s_COdbcUser.cpp","535","-","placeholder stmt: {call GS_user_cha_remain(%d, ?)} | exec:Y;esc:N","_snprintf( szTemp, 128, ""{call GS_user_cha_remain(%d, ?)}"", nUserNum );"
"PARAMETERIZED","printf","Lib_Network\s_COdbcUser.cpp","542","-","placeholder stmt: {call user_cha_remain(%d, ?)} | exec:Y;esc:N","_snprintf( szTemp, 128, ""{call user_cha_remain(%d, ?)}"", nUserNum );"
"PARAMETERIZED","printf","Lib_Network\s_COdbcUser.cpp","574","-","placeholder stmt: {call daum_user_cha_test_remain(%d, ?)} | exec:Y;esc:N","_snprintf( szTemp, 128, ""{call daum_user_cha_test_remain(%d, ?)}"", nUserNum );"
"PARAMETERIZED","printf","Lib_Network\s_COdbcUser.cpp","579","-","placeholder stmt: {call Japan_user_cha_test_remain(%d, ?)} | exec:Y;esc:N","_snprintf( szTemp, 128, ""{call Japan_user_cha_test_remain(%d, ?)}"", nUserNum );"
"PARAMETERIZED","printf","Lib_Network\s_COdbcUser.cpp","586","-","placeholder stmt: {call terra_user_cha_test_remain(%d, ?)} | exec:Y;esc:N","_snprintf( szTemp, 128, ""{call terra_user_cha_test_remain(%d, ?)}"", nUserNum );"
"PARAMETERIZED","printf","Lib_Network\s_COdbcUser.cpp","593","-","placeholder stmt: {call terra_user_cha_test_remain(%d, ?)} | exec:Y;esc:N","_snprintf( szTemp, 128, ""{call terra_user_cha_test_remain(%d, ?)}"", nUserNum );"
"PARAMETERIZED","printf","Lib_Network\s_COdbcUser.cpp","600","-","placeholder stmt: {call gsp_user_cha_test_remain(%d, ?)} | exec:Y;esc:N","_snprintf( szTemp, 128, ""{call gsp_user_cha_test_remain(%d, ?)}"", nUserNum );"
"PARAMETERIZED","printf","Lib_Network\s_COdbcUser.cpp","607","-","placeholder stmt: {call user_cha_test_remain(%d, ?)} | exec:Y;esc:N","_snprintf( szTemp, 128, ""{call user_cha_test_remain(%d, ?)}"", nUserNum );"
"VULNERABLE","printf","Lib_Network\s_COdbcUser.cpp","656","MEDIUM(no-exec-in-window)","{call daum_user_logout('%s',%d,%d,%d,%d,%d)} | exec:N;esc:N | interp:%s-family","_snprintf( szTemp, 256, ""{call daum_user_logout('%s',%d,%d,%d,%d,%d)}"", szUsrID, nUsrNum, nGameTime, nChaNum, nSvrGrp, n"
"VULNERABLE","printf","Lib_Network\s_COdbcUser.cpp","661","MEDIUM(no-exec-in-window)","{call user_logout('%s',%d,%d,%d,%d,%d,%d,%d)} | exec:N;esc:N | interp:%s-family","_snprintf( szTemp, 256, ""{call user_logout('%s',%d,%d,%d,%d,%d,%d,%d)}"", szUsrID, nUsrNum, nGameTime, nChaNum, nSvrGrp, "
"VULNERABLE","printf","Lib_Network\s_COdbcUser.cpp","667","MEDIUM(no-exec-in-window)","{call Japan_user_logout('%s',%d,%d,%d,%d,%d)} | exec:N;esc:N | interp:%s-family","_snprintf( szTemp, 256, ""{call Japan_user_logout('%s',%d,%d,%d,%d,%d)}"", szUsrID, nUsrNum, nGameTime, nChaNum, nSvrGrp, "
"VULNERABLE","printf","Lib_Network\s_COdbcUser.cpp","679","MEDIUM(no-exec-in-window)","{call terra_user_logout('%s',%d,%d,%d,%d,%d,%d,%d) | exec:N;esc:N | interp:%s-family","_snprintf( szTemp, 256, ""{call terra_user_logout('%s',%d,%d,%d,%d,%d,%d,%d)}"", szUsrID, nUsrNum, nGameTime, nChaNum, nSv"
"VULNERABLE","printf","Lib_Network\s_COdbcUser.cpp","681","MEDIUM(no-exec-in-window)","{call terra_user_logout('%s',%d,%d,%d,%d,%d)} | exec:N;esc:N | interp:%s-family","_snprintf( szTemp, 256, ""{call terra_user_logout('%s',%d,%d,%d,%d,%d)}"", szUsrID, nUsrNum, nGameTime, nChaNum, nSvrGrp, "
"VULNERABLE","printf","Lib_Network\s_COdbcUser.cpp","693","MEDIUM(no-exec-in-window)","{call terra_user_logout('%s',%d,%d,%d,%d,%d)} | exec:N;esc:N | interp:%s-family","_snprintf( szTemp, 256, ""{call terra_user_logout('%s',%d,%d,%d,%d,%d)}"", szUsrID, nUsrNum, nGameTime, nChaNum, nSvrGrp, "
"VULNERABLE","printf","Lib_Network\s_COdbcUser.cpp","704","HIGH","{call user_logout('%s',%d,%d,%d,%d,%d)} | exec:Y;esc:N | interp:%s-family","_snprintf( szTemp, 256, ""{call user_logout('%s',%d,%d,%d,%d,%d)}"", szUsrID, nUsrNum, nGameTime, nChaNum, nSvrGrp, nSvrNu"
"VULNERABLE","printf","Lib_Network\s_COdbcUser.cpp","715","HIGH","{call gsp_user_logout('%s',%d,%d,%d,%d,%d)} | exec:Y;esc:N | interp:%s-family","_snprintf( szTemp, 256, ""{call gsp_user_logout('%s',%d,%d,%d,%d,%d)}"", szUsrID, nUsrNum, nGameTime, nChaNum, nSvrGrp, nS"
"VULNERABLE","printf","Lib_Network\s_COdbcUser.cpp","726","HIGH","{call GS_user_logout('%s',%d,%d,%d,%d,%d)} | exec:Y;esc:N | interp:%s-family","_snprintf( szTemp, 256, ""{call GS_user_logout('%s',%d,%d,%d,%d,%d)}"", szUsrID, nUsrNum, nGameTime, nChaNum, nSvrGrp, nSv"
"VULNERABLE","printf","Lib_Network\s_COdbcUser.cpp","737","HIGH","{call user_logout('%s',%d,%d,%d,%d,%d)} | exec:Y;esc:N | interp:%s-family","_snprintf( szTemp, 256, ""{call user_logout('%s',%d,%d,%d,%d,%d)}"", szUsrID, nUsrNum, nGameTime, nChaNum, nSvrGrp, nSvrNu"
"VULNERABLE","printf","Lib_Network\s_COdbcUser.cpp","765","MEDIUM(no-exec-in-window)","{call Daum_UserLogoutSimple('%s')} | exec:N;esc:N | interp:%s-family","_snprintf( szTemp, 128, ""{call Daum_UserLogoutSimple('%s')}"", szUsrID );"
"VULNERABLE","printf","Lib_Network\s_COdbcUser.cpp","773","HIGH","{call Japan_UserLogoutSimple('%s')} | exec:Y;esc:N | interp:%s-family","_snprintf( szTemp, 128, ""{call Japan_UserLogoutSimple('%s')}"", szUsrID );"
"VULNERABLE","printf","Lib_Network\s_COdbcUser.cpp","779","HIGH","{call Terra_UserLogoutSimple('%s')} | exec:Y;esc:N | interp:%s-family","_snprintf( szTemp, 128, ""{call Terra_UserLogoutSimple('%s')}"", szUsrID );"
"VULNERABLE","printf","Lib_Network\s_COdbcUser.cpp","785","HIGH","{call Terra_UserLogoutSimple('%s')} | exec:Y;esc:N | interp:%s-family","_snprintf( szTemp, 128, ""{call Terra_UserLogoutSimple('%s')}"", szUsrID );"
"VULNERABLE","printf","Lib_Network\s_COdbcUser.cpp","791","HIGH","{call UserLogoutSimple('%s')} | exec:Y;esc:N | interp:%s-family","_snprintf( szTemp, 128, ""{call UserLogoutSimple('%s')}"", szUsrID );"
"VULNERABLE","printf","Lib_Network\s_COdbcUser.cpp","797","HIGH","{call Gsp_UserLogoutSimple('%s')} | exec:Y;esc:N | interp:%s-family","_snprintf( szTemp, 128, ""{call Gsp_UserLogoutSimple('%s')}"", szUsrID );"
"VULNERABLE","printf","Lib_Network\s_COdbcUser.cpp","803","HIGH","{call GS_UserLogoutSimple('%s')} | exec:Y;esc:N | interp:%s-family","_snprintf( szTemp, 128, ""{call GS_UserLogoutSimple('%s')}"", szUsrID );"
"VULNERABLE","printf","Lib_Network\s_COdbcUser.cpp","809","HIGH","{call UserLogoutSimple('%s')} | exec:Y;esc:N | interp:%s-family","_snprintf( szTemp, 128, ""{call UserLogoutSimple('%s')}"", szUsrID );"
"FALSE_POSITIVE","printf","Lib_Network\s_COdbcUser.cpp","837","-","numeric-only dynamic SQL (not injectable): {call Daum_UserLogoutSimple2(%d)} | exec:N;esc:N","_snprintf( szTemp, 128, ""{call Daum_UserLogoutSimple2(%d)}"", nUserNum );"
"FALSE_POSITIVE","printf","Lib_Network\s_COdbcUser.cpp","846","-","numeric-only dynamic SQL (not injectable): {call Japan_UserLogoutSimple2(%d)} | exec:N;esc:N","_snprintf( szTemp, 128, ""{call Japan_UserLogoutSimple2(%d)}"", nUserNum );"
"FALSE_POSITIVE","printf","Lib_Network\s_COdbcUser.cpp","853","-","numeric-only dynamic SQL (not injectable): {call Terra_UserLogoutSimple2(%d)} | exec:Y;esc:N","_snprintf( szTemp, 128, ""{call Terra_UserLogoutSimple2(%d)}"", nUserNum );"
"FALSE_POSITIVE","printf","Lib_Network\s_COdbcUser.cpp","860","-","numeric-only dynamic SQL (not injectable): {call Terra_UserLogoutSimple2(%d)} | exec:Y;esc:N","_snprintf( szTemp, 128, ""{call Terra_UserLogoutSimple2(%d)}"", nUserNum );"
"FALSE_POSITIVE","printf","Lib_Network\s_COdbcUser.cpp","867","-","numeric-only dynamic SQL (not injectable): {call UserLogoutSimple2(%d)} | exec:Y;esc:N","_snprintf( szTemp, 128, ""{call UserLogoutSimple2(%d)}"", nUserNum );"
"FALSE_POSITIVE","printf","Lib_Network\s_COdbcUser.cpp","874","-","numeric-only dynamic SQL (not injectable): {call Gsp_UserLogoutSimple2(%d)} | exec:Y;esc:N","_snprintf( szTemp, 128, ""{call Gsp_UserLogoutSimple2(%d)}"", nUserNum );"
"FALSE_POSITIVE","printf","Lib_Network\s_COdbcUser.cpp","881","-","numeric-only dynamic SQL (not injectable): {call GS_UserLogoutSimple2(%d)} | exec:Y;esc:N","_snprintf( szTemp, 128, ""{call GS_UserLogoutSimple2(%d)}"", nUserNum );"
"FALSE_POSITIVE","printf","Lib_Network\s_COdbcUser.cpp","888","-","numeric-only dynamic SQL (not injectable): {call UserLogoutSimple2(%d)} | exec:Y;esc:N","_snprintf( szTemp, 128, ""{call UserLogoutSimple2(%d)}"", nUserNum );"
"FALSE_POSITIVE","printf","Lib_Network\s_COdbcUser.cpp","914","-","numeric-only dynamic SQL (not injectable): UPDATE DaumUserInfo SET UserLoginState=0 WHERE Use | exec:N;esc:N","_snprintf( szTemp, 256, ""UPDATE DaumUserInfo SET UserLoginState=0 WHERE UserLoginState=1 AND SGNum=%d AND SvrNum=%d"", nS"
"FALSE_POSITIVE","printf","Lib_Network\s_COdbcUser.cpp","924","-","numeric-only dynamic SQL (not injectable): UPDATE JapanUserInfo SET UserLoginState=0 WHERE Us | exec:N;esc:N","_snprintf( szTemp, 256, ""UPDATE JapanUserInfo SET UserLoginState=0 WHERE UserLoginState=1 AND SGNum=%d AND SvrNum=%d"", n"
"FALSE_POSITIVE","printf","Lib_Network\s_COdbcUser.cpp","932","-","numeric-only dynamic SQL (not injectable): UPDATE TerraUserInfo SET UserLoginState=0 WHERE Us | exec:Y;esc:N","_snprintf( szTemp, 256, ""UPDATE TerraUserInfo SET UserLoginState=0 WHERE UserLoginState=1 AND SGNum=%d AND SvrNum=%d"", n"
"FALSE_POSITIVE","printf","Lib_Network\s_COdbcUser.cpp","940","-","numeric-only dynamic SQL (not injectable): UPDATE TerraUserInfo SET UserLoginState=0 WHERE Us | exec:Y;esc:N","_snprintf( szTemp, 256, ""UPDATE TerraUserInfo SET UserLoginState=0 WHERE UserLoginState=1 AND SGNum=%d AND SvrNum=%d"", n"
"FALSE_POSITIVE","printf","Lib_Network\s_COdbcUser.cpp","948","-","numeric-only dynamic SQL (not injectable): UPDATE UserInfo SET UserLoginState=0 WHERE UserLog | exec:Y;esc:N","_snprintf( szTemp, 256, ""UPDATE UserInfo SET UserLoginState=0 WHERE UserLoginState=1 AND SGNum=%d AND SvrNum=%d"", nSvrGr"
"FALSE_POSITIVE","printf","Lib_Network\s_COdbcUser.cpp","956","-","numeric-only dynamic SQL (not injectable): UPDATE GspUserInfo SET UserLoginState=0 WHERE User | exec:Y;esc:N","_snprintf( szTemp, 256, ""UPDATE GspUserInfo SET UserLoginState=0 WHERE UserLoginState=1 AND SGNum=%d AND SvrNum=%d"", nSv"
"FALSE_POSITIVE","printf","Lib_Network\s_COdbcUser.cpp","964","-","numeric-only dynamic SQL (not injectable): UPDATE GSUserInfo SET UserLoginState=0 WHERE UserL | exec:Y;esc:N","_snprintf( szTemp, 256, ""UPDATE GSUserInfo SET UserLoginState=0 WHERE UserLoginState=1 AND SGNum=%d AND SvrNum=%d"", nSvr"
"FALSE_POSITIVE","printf","Lib_Network\s_COdbcUser.cpp","972","-","numeric-only dynamic SQL (not injectable): UPDATE UserInfo SET UserLoginState=0 WHERE UserLog | exec:Y;esc:N","_snprintf( szTemp, 256, ""UPDATE UserInfo SET UserLoginState=0 WHERE UserLoginState=1 AND SGNum=%d AND SvrNum=%d"", nSvrGr"
"VULNERABLE","printf","Lib_Network\s_COdbcUser.cpp","994","MEDIUM(no-exec-in-window)","{call Daum_UpdateChaName(%d,'%s')} | exec:N;esc:N | interp:%s-family","_snprintf( szTemp, 128, ""{call Daum_UpdateChaName(%d,'%s')}"", nUsrNum, szChaName );"
"VULNERABLE","printf","Lib_Network\s_COdbcUser.cpp","1003","MEDIUM(no-exec-in-window)","{call Japan_UpdateChaName(%d,'%s')} | exec:N;esc:N | interp:%s-family","_snprintf( szTemp, 128, ""{call Japan_UpdateChaName(%d,'%s')}"", nUsrNum, szChaName );"
"VULNERABLE","printf","Lib_Network\s_COdbcUser.cpp","1010","HIGH","{call Terra_UpdateChaName(%d,'%s')} | exec:Y;esc:N | interp:%s-family","_snprintf( szTemp, 128, ""{call Terra_UpdateChaName(%d,'%s')}"", nUsrNum, szChaName );"
"VULNERABLE","printf","Lib_Network\s_COdbcUser.cpp","1017","HIGH","{call Terra_UpdateChaName(%d,'%s')} | exec:Y;esc:N | interp:%s-family","_snprintf( szTemp, 128, ""{call Terra_UpdateChaName(%d,'%s')}"", nUsrNum, szChaName );"
"VULNERABLE","printf","Lib_Network\s_COdbcUser.cpp","1024","HIGH","{call UpdateChaName(%d,'%s')} | exec:Y;esc:N | interp:%s-family","_snprintf( szTemp, 128, ""{call UpdateChaName(%d,'%s')}"", nUsrNum, szChaName );"
"VULNERABLE","printf","Lib_Network\s_COdbcUser.cpp","1031","HIGH","{call Gsp_UpdateChaName(%d,'%s')} | exec:Y;esc:N | interp:%s-family","_snprintf( szTemp, 128, ""{call Gsp_UpdateChaName(%d,'%s')}"", nUsrNum, szChaName );"
"VULNERABLE","printf","Lib_Network\s_COdbcUser.cpp","1038","HIGH","{call GS_UpdateChaName(%d,'%s')} | exec:Y;esc:N | interp:%s-family","_snprintf( szTemp, 128, ""{call GS_UpdateChaName(%d,'%s')}"", nUsrNum, szChaName );"
"VULNERABLE","printf","Lib_Network\s_COdbcUser.cpp","1045","HIGH","{call UpdateChaName(%d,'%s')} | exec:Y;esc:N | interp:%s-family","_snprintf( szTemp, 128, ""{call UpdateChaName(%d,'%s')}"", nUsrNum, szChaName );"
"VULNERABLE","printf","Lib_Network\s_COdbcUser.cpp","1077","HIGH","SELECT UserNum FROM DaumUserInfo WITH (NOLOCK)  WH | exec:Y;esc:N | interp:%s-family","_snprintf( szTemp, 256, ""SELECT UserNum FROM DaumUserInfo WITH (NOLOCK)  WHERE UserUID='%s'"", szUsrId );"
"VULNERABLE","printf","Lib_Network\s_COdbcUser.cpp","1084","HIGH","SELECT UserNum FROM JapanUserInfo WITH (NOLOCK)  W | exec:Y;esc:N | interp:%s-family","_snprintf( szTemp, 256, ""SELECT UserNum FROM JapanUserInfo WITH (NOLOCK)  WHERE UserUID='%s'"", szUsrId );"
"VULNERABLE","printf","Lib_Network\s_COdbcUser.cpp","1089","HIGH","SELECT UserNum FROM TerraUserInfo WITH (NOLOCK)  W | exec:Y;esc:N | interp:%s-family","_snprintf( szTemp, 256, ""SELECT UserNum FROM TerraUserInfo WITH (NOLOCK)  WHERE UserUID='%s'"", szUsrId );"
"VULNERABLE","printf","Lib_Network\s_COdbcUser.cpp","1094","HIGH","SELECT UserNum FROM TerraUserInfo WITH (NOLOCK)  W | exec:Y;esc:N | interp:%s-family","_snprintf( szTemp, 256, ""SELECT UserNum FROM TerraUserInfo WITH (NOLOCK)  WHERE UserUID='%s'"", szUsrId );"
"VULNERABLE","printf","Lib_Network\s_COdbcUser.cpp","1099","HIGH","SELECT UserNum FROM UserInfo WITH (NOLOCK)  WHERE  | exec:Y;esc:N | interp:%s-family","_snprintf( szTemp, 256, ""SELECT UserNum FROM UserInfo WITH (NOLOCK)  WHERE UserUID='%s'"", szUsrId );"
"VULNERABLE","printf","Lib_Network\s_COdbcUser.cpp","1104","HIGH","SELECT UserNum FROM GspUserInfo WITH (NOLOCK)  WHE | exec:Y;esc:N | interp:%s-family","_snprintf( szTemp, 256, ""SELECT UserNum FROM GspUserInfo WITH (NOLOCK)  WHERE UserUID='%s'"", szUsrId );"
"VULNERABLE","printf","Lib_Network\s_COdbcUser.cpp","1109","HIGH","SELECT UserNum FROM GSUserInfo WITH (NOLOCK)  WHER | exec:Y;esc:N | interp:%s-family","_snprintf( szTemp, 256, ""SELECT UserNum FROM GSUserInfo WITH (NOLOCK)  WHERE UserUID='%s'"", szUsrId );"
"VULNERABLE","printf","Lib_Network\s_COdbcUser.cpp","1114","HIGH","SELECT UserNum FROM UserInfo WITH (NOLOCK)  WHERE  | exec:Y;esc:N | interp:%s-family","_snprintf( szTemp, 256, ""SELECT UserNum FROM UserInfo WITH (NOLOCK)  WHERE UserUID='%s'"", szUsrId );"
"VULNERABLE","printf","Lib_Network\s_COdbcUser.cpp","1169","HIGH","INSERT INTO BlockAddress (BlockAddress, BlockReaso | exec:Y;esc:N | interp:%s-family","_snprintf( szTemp, 256, ""INSERT INTO BlockAddress (BlockAddress, BlockReason) VALUES('%s', '%s')"", szIP, szReason );"
"PARAMETERIZED","printf","Lib_Network\s_COdbcUser.cpp","1194","-","placeholder stmt: {call Daum_UpdateChaNumDecrease(%d, ?)} | exec:N;esc:N","_snprintf( szTemp, 128, ""{call Daum_UpdateChaNumDecrease(%d, ?)}"", nUserNum );"
"PARAMETERIZED","printf","Lib_Network\s_COdbcUser.cpp","1203","-","placeholder stmt: {call Japan_UpdateChaNumDecrease(%d, ?)} | exec:N;esc:N","_snprintf( szTemp, 128, ""{call Japan_UpdateChaNumDecrease(%d, ?)}"", nUserNum );"
"PARAMETERIZED","printf","Lib_Network\s_COdbcUser.cpp","1210","-","placeholder stmt: {call Terra_UpdateChaNumDecrease(%d, ?)} | exec:Y;esc:N","_snprintf( szTemp, 128, ""{call Terra_UpdateChaNumDecrease(%d, ?)}"", nUserNum );"
"PARAMETERIZED","printf","Lib_Network\s_COdbcUser.cpp","1217","-","placeholder stmt: {call Terra_UpdateChaNumDecrease(%d, ?)} | exec:Y;esc:N","_snprintf( szTemp, 128, ""{call Terra_UpdateChaNumDecrease(%d, ?)}"", nUserNum );"
"PARAMETERIZED","printf","Lib_Network\s_COdbcUser.cpp","1224","-","placeholder stmt: {call UpdateChaNumDecrease(%d, ?)} | exec:Y;esc:N","_snprintf( szTemp, 128, ""{call UpdateChaNumDecrease(%d, ?)}"", nUserNum );"
"PARAMETERIZED","printf","Lib_Network\s_COdbcUser.cpp","1231","-","placeholder stmt: {call Gsp_UpdateChaNumDecrease(%d, ?)} | exec:Y;esc:N","_snprintf( szTemp, 128, ""{call Gsp_UpdateChaNumDecrease(%d, ?)}"", nUserNum );"
"PARAMETERIZED","printf","Lib_Network\s_COdbcUser.cpp","1238","-","placeholder stmt: {call GS_UpdateChaNumDecrease(%d, ?)} | exec:Y;esc:N","_snprintf( szTemp, 128, ""{call GS_UpdateChaNumDecrease(%d, ?)}"", nUserNum );"
"PARAMETERIZED","printf","Lib_Network\s_COdbcUser.cpp","1245","-","placeholder stmt: {call UpdateChaNumDecrease(%d, ?)} | exec:Y;esc:N","_snprintf( szTemp, 128, ""{call UpdateChaNumDecrease(%d, ?)}"", nUserNum );"
"PARAMETERIZED","printf","Lib_Network\s_COdbcUser.cpp","1273","-","placeholder stmt: {call Daum_UpdateTestChaNumDecrease(%d, ?)} | exec:N;esc:N","_snprintf( szTemp, 128, ""{call Daum_UpdateTestChaNumDecrease(%d, ?)}"", nUserNum );"
"PARAMETERIZED","printf","Lib_Network\s_COdbcUser.cpp","1282","-","placeholder stmt: {call Japan_UpdateTestChaNumDecrease(%d, ?)} | exec:N;esc:N","_snprintf( szTemp, 128, ""{call Japan_UpdateTestChaNumDecrease(%d, ?)}"", nUserNum );"
"PARAMETERIZED","printf","Lib_Network\s_COdbcUser.cpp","1289","-","placeholder stmt: {call Terra_UpdateTestChaNumDecrease(%d, ?)} | exec:Y;esc:N","_snprintf( szTemp, 128, ""{call Terra_UpdateTestChaNumDecrease(%d, ?)}"", nUserNum );"
"PARAMETERIZED","printf","Lib_Network\s_COdbcUser.cpp","1296","-","placeholder stmt: {call Terra_UpdateTestChaNumDecrease(%d, ?)} | exec:Y;esc:N","_snprintf( szTemp, 128, ""{call Terra_UpdateTestChaNumDecrease(%d, ?)}"", nUserNum );"
"PARAMETERIZED","printf","Lib_Network\s_COdbcUser.cpp","1303","-","placeholder stmt: {call UpdateTestChaNumDecrease(%d, ?)} | exec:Y;esc:N","_snprintf( szTemp, 128, ""{call UpdateTestChaNumDecrease(%d, ?)}"", nUserNum );"
"PARAMETERIZED","printf","Lib_Network\s_COdbcUser.cpp","1310","-","placeholder stmt: {call Gsp_UpdateTestChaNumDecrease(%d, ?)} | exec:Y;esc:N","_snprintf( szTemp, 128, ""{call Gsp_UpdateTestChaNumDecrease(%d, ?)}"", nUserNum );"
"PARAMETERIZED","printf","Lib_Network\s_COdbcUser.cpp","1317","-","placeholder stmt: {call GS_UpdateTestChaNumDecrease(%d, ?)} | exec:Y;esc:N","_snprintf( szTemp, 128, ""{call GS_UpdateTestChaNumDecrease(%d, ?)}"", nUserNum );"
"PARAMETERIZED","printf","Lib_Network\s_COdbcUser.cpp","1324","-","placeholder stmt: {call UpdateTestChaNumDecrease(%d, ?)} | exec:Y;esc:N","_snprintf( szTemp, 128, ""{call UpdateTestChaNumDecrease(%d, ?)}"", nUserNum );"
"PARAMETERIZED","printf","Lib_Network\s_COdbcUser.cpp","1352","-","placeholder stmt: {call Daum_UpdateChaNumIncrease(%d, ?)} | exec:N;esc:N","_snprintf( szTemp, 128, ""{call Daum_UpdateChaNumIncrease(%d, ?)}"", nUserNum );"
"PARAMETERIZED","printf","Lib_Network\s_COdbcUser.cpp","1361","-","placeholder stmt: {call Japan_UpdateChaNumIncrease(%d, ?)} | exec:N;esc:N","_snprintf( szTemp, 128, ""{call Japan_UpdateChaNumIncrease(%d, ?)}"", nUserNum );"
"PARAMETERIZED","printf","Lib_Network\s_COdbcUser.cpp","1368","-","placeholder stmt: {call Terra_UpdateChaNumIncrease(%d, ?)} | exec:Y;esc:N","_snprintf( szTemp, 128, ""{call Terra_UpdateChaNumIncrease(%d, ?)}"", nUserNum );"
"PARAMETERIZED","printf","Lib_Network\s_COdbcUser.cpp","1375","-","placeholder stmt: {call Terra_UpdateChaNumIncrease(%d, ?)} | exec:Y;esc:N","_snprintf( szTemp, 128, ""{call Terra_UpdateChaNumIncrease(%d, ?)}"", nUserNum );"
"PARAMETERIZED","printf","Lib_Network\s_COdbcUser.cpp","1382","-","placeholder stmt: {call UpdateChaNumIncrease(%d, ?)} | exec:Y;esc:N","_snprintf( szTemp, 128, ""{call UpdateChaNumIncrease(%d, ?)}"", nUserNum );"
"PARAMETERIZED","printf","Lib_Network\s_COdbcUser.cpp","1389","-","placeholder stmt: {call Gsp_UpdateChaNumIncrease(%d, ?)} | exec:Y;esc:N","_snprintf( szTemp, 128, ""{call Gsp_UpdateChaNumIncrease(%d, ?)}"", nUserNum );"
"PARAMETERIZED","printf","Lib_Network\s_COdbcUser.cpp","1396","-","placeholder stmt: {call GS_UpdateChaNumIncrease(%d, ?)} | exec:Y;esc:N","_snprintf( szTemp, 128, ""{call GS_UpdateChaNumIncrease(%d, ?)}"", nUserNum );"
"PARAMETERIZED","printf","Lib_Network\s_COdbcUser.cpp","1403","-","placeholder stmt: {call UpdateChaNumIncrease(%d, ?)} | exec:Y;esc:N","_snprintf( szTemp, 128, ""{call UpdateChaNumIncrease(%d, ?)}"", nUserNum );"
"PARAMETERIZED","printf","Lib_Network\s_COdbcUser.cpp","1430","-","placeholder stmt: {call Daum_UpdateTestChaNumIncrease(%d, ?)} | exec:N;esc:N","_snprintf( szTemp, 128, ""{call Daum_UpdateTestChaNumIncrease(%d, ?)}"", nUserNum );"
"PARAMETERIZED","printf","Lib_Network\s_COdbcUser.cpp","1439","-","placeholder stmt: {call Japan_UpdateTestChaNumIncrease(%d, ?)} | exec:N;esc:N","_snprintf( szTemp, 128, ""{call Japan_UpdateTestChaNumIncrease(%d, ?)}"", nUserNum );"
"PARAMETERIZED","printf","Lib_Network\s_COdbcUser.cpp","1446","-","placeholder stmt: {call Terra_UpdateTestChaNumIncrease(%d, ?)} | exec:Y;esc:N","_snprintf( szTemp, 128, ""{call Terra_UpdateTestChaNumIncrease(%d, ?)}"", nUserNum );"
"PARAMETERIZED","printf","Lib_Network\s_COdbcUser.cpp","1453","-","placeholder stmt: {call Terra_UpdateTestChaNumIncrease(%d, ?)} | exec:Y;esc:N","_snprintf( szTemp, 128, ""{call Terra_UpdateTestChaNumIncrease(%d, ?)}"", nUserNum );"
"PARAMETERIZED","printf","Lib_Network\s_COdbcUser.cpp","1460","-","placeholder stmt: {call UpdateTestChaNumIncrease(%d, ?)} | exec:Y;esc:N","_snprintf( szTemp, 128, ""{call UpdateTestChaNumIncrease(%d, ?)}"", nUserNum );"
"PARAMETERIZED","printf","Lib_Network\s_COdbcUser.cpp","1467","-","placeholder stmt: {call Gsp_UpdateTestChaNumIncrease(%d, ?)} | exec:Y;esc:N","_snprintf( szTemp, 128, ""{call Gsp_UpdateTestChaNumIncrease(%d, ?)}"", nUserNum );"
"PARAMETERIZED","printf","Lib_Network\s_COdbcUser.cpp","1474","-","placeholder stmt: {call GS_UpdateTestChaNumIncrease(%d, ?)} | exec:Y;esc:N","_snprintf( szTemp, 128, ""{call GS_UpdateTestChaNumIncrease(%d, ?)}"", nUserNum );"
"PARAMETERIZED","printf","Lib_Network\s_COdbcUser.cpp","1481","-","placeholder stmt: {call UpdateTestChaNumIncrease(%d, ?)} | exec:Y;esc:N","_snprintf( szTemp, 128, ""{call UpdateTestChaNumIncrease(%d, ?)}"", nUserNum );"
"VULNERABLE","printf","Lib_Network\s_COdbcUser.cpp","1522","MEDIUM(no-exec-in-window)","UPDATE DaumUserInfo WITH (UPDLOCK) SET UserBlock=1 | exec:N;esc:N | interp:%s-family","_snprintf( szTemp, 256, ""UPDATE DaumUserInfo WITH (UPDLOCK) SET UserBlock=1,UserBlockDate='%s' WHERE UserNum=%d"", strTim"
"VULNERABLE","printf","Lib_Network\s_COdbcUser.cpp","1532","MEDIUM(no-exec-in-window)","UPDATE JapanUserInfo WITH (UPDLOCK) SET UserBlock= | exec:N;esc:N | interp:%s-family","_snprintf( szTemp, 256, ""UPDATE JapanUserInfo WITH (UPDLOCK) SET UserBlock=1,UserBlockDate='%s' WHERE UserNum=%d"", strTi"
"VULNERABLE","printf","Lib_Network\s_COdbcUser.cpp","1540","HIGH","UPDATE TerraUserInfo WITH (UPDLOCK) SET UserBlock= | exec:Y;esc:N | interp:%s-family","_snprintf( szTemp, 256, ""UPDATE TerraUserInfo WITH (UPDLOCK) SET UserBlock=1,UserBlockDate='%s' WHERE UserNum=%d"", strTi"
"VULNERABLE","printf","Lib_Network\s_COdbcUser.cpp","1548","HIGH","UPDATE TerraUserInfo WITH (UPDLOCK) SET UserBlock= | exec:Y;esc:N | interp:%s-family","_snprintf( szTemp, 256, ""UPDATE TerraUserInfo WITH (UPDLOCK) SET UserBlock=1,UserBlockDate='%s' WHERE UserNum=%d"", strTi"
"VULNERABLE","printf","Lib_Network\s_COdbcUser.cpp","1556","HIGH","UPDATE UserInfo WITH (UPDLOCK) SET UserBlock=1,Use | exec:Y;esc:N | interp:%s-family","_snprintf( szTemp, 256, ""UPDATE UserInfo WITH (UPDLOCK) SET UserBlock=1,UserBlockDate='%s' WHERE UserNum=%d"", strTime.Ge"
"VULNERABLE","printf","Lib_Network\s_COdbcUser.cpp","1564","HIGH","UPDATE GspUserInfo WITH (UPDLOCK) SET UserBlock=1, | exec:Y;esc:N | interp:%s-family","_snprintf( szTemp, 256, ""UPDATE GspUserInfo WITH (UPDLOCK) SET UserBlock=1,UserBlockDate='%s' WHERE UserNum=%d"", strTime"
"VULNERABLE","printf","Lib_Network\s_COdbcUser.cpp","1572","HIGH","UPDATE GSUserInfo WITH (UPDLOCK) SET UserBlock=1,U | exec:Y;esc:N | interp:%s-family","_snprintf( szTemp, 256, ""UPDATE GSUserInfo WITH (UPDLOCK) SET UserBlock=1,UserBlockDate='%s' WHERE UserNum=%d"", strTime."
"VULNERABLE","printf","Lib_Network\s_COdbcUser.cpp","1580","HIGH","UPDATE UserInfo WITH (UPDLOCK) SET UserBlock=1,Use | exec:Y;esc:N | interp:%s-family","_snprintf( szTemp, 256, ""UPDATE UserInfo WITH (UPDLOCK) SET UserBlock=1,UserBlockDate='%s' WHERE UserNum=%d"", strTime.Ge"
"FALSE_POSITIVE","printf","Lib_Network\s_COdbcUser.cpp","1617","-","numeric-only dynamic SQL (not injectable): UPDATE DaumUserInfo WITH (UPDLOCK) SET UserBlock=1 | exec:N;esc:N","_snprintf( szTemp, 256, ""UPDATE DaumUserInfo WITH (UPDLOCK) SET UserBlock=1,UserBlockDate=getdate()+%d WHERE UserNum=%d"""
"FALSE_POSITIVE","printf","Lib_Network\s_COdbcUser.cpp","1627","-","numeric-only dynamic SQL (not injectable): UPDATE JapanUserInfo WITH (UPDLOCK) SET UserBlock= | exec:N;esc:N","_snprintf( szTemp, 256, ""UPDATE JapanUserInfo WITH (UPDLOCK) SET UserBlock=1,UserBlockDate=getdate()+%d WHERE UserNum=%d"
"FALSE_POSITIVE","printf","Lib_Network\s_COdbcUser.cpp","1635","-","numeric-only dynamic SQL (not injectable): UPDATE TerraUserInfo WITH (UPDLOCK) SET UserBlock= | exec:Y;esc:N","_snprintf( szTemp, 256, ""UPDATE TerraUserInfo WITH (UPDLOCK) SET UserBlock=1,UserBlockDate=getdate()+%d WHERE UserNum=%d"
"FALSE_POSITIVE","printf","Lib_Network\s_COdbcUser.cpp","1643","-","numeric-only dynamic SQL (not injectable): UPDATE TerraUserInfo WITH (UPDLOCK) SET UserBlock= | exec:Y;esc:N","_snprintf( szTemp, 256, ""UPDATE TerraUserInfo WITH (UPDLOCK) SET UserBlock=1,UserBlockDate=getdate()+%d WHERE UserNum=%d"
"FALSE_POSITIVE","printf","Lib_Network\s_COdbcUser.cpp","1651","-","numeric-only dynamic SQL (not injectable): UPDATE UserInfo WITH (UPDLOCK) SET UserBlock=1,Use | exec:Y;esc:N","_snprintf( szTemp, 256, ""UPDATE UserInfo WITH (UPDLOCK) SET UserBlock=1,UserBlockDate=getdate()+%d WHERE UserNum=%d"", nD"
"FALSE_POSITIVE","printf","Lib_Network\s_COdbcUser.cpp","1659","-","numeric-only dynamic SQL (not injectable): UPDATE GspUserInfo WITH (UPDLOCK) SET UserBlock=1, | exec:Y;esc:N","_snprintf( szTemp, 256, ""UPDATE GspUserInfo WITH (UPDLOCK) SET UserBlock=1,UserBlockDate=getdate()+%d WHERE UserNum=%d"","
"FALSE_POSITIVE","printf","Lib_Network\s_COdbcUser.cpp","1667","-","numeric-only dynamic SQL (not injectable): UPDATE GSUserInfo WITH (UPDLOCK) SET UserBlock=1,U | exec:Y;esc:N","_snprintf( szTemp, 256, ""UPDATE GSUserInfo WITH (UPDLOCK) SET UserBlock=1,UserBlockDate=getdate()+%d WHERE UserNum=%d"", "
"FALSE_POSITIVE","printf","Lib_Network\s_COdbcUser.cpp","1675","-","numeric-only dynamic SQL (not injectable): UPDATE UserInfo WITH (UPDLOCK) SET UserBlock=1,Use | exec:Y;esc:N","_snprintf( szTemp, 256, ""UPDATE UserInfo WITH (UPDLOCK) SET UserBlock=1,UserBlockDate=getdate()+%d WHERE UserNum=%d"", nD"
"FALSE_POSITIVE","printf","Lib_Network\s_COdbcUser.cpp","1699","-","numeric-only dynamic SQL (not injectable): UPDATE DaumUserInfo WITH (UPDLOCK) SET UserLoginSt | exec:N;esc:N","_snprintf( szTemp, 256, ""UPDATE DaumUserInfo WITH (UPDLOCK) SET UserLoginState=0 WHERE UserLoginState=1 AND SGNum=%d"", n"
"FALSE_POSITIVE","printf","Lib_Network\s_COdbcUser.cpp","1706","-","numeric-only dynamic SQL (not injectable): UPDATE JapanUserInfo WITH (UPDLOCK) SET UserLoginS | exec:Y;esc:N","_snprintf( szTemp, 256, ""UPDATE JapanUserInfo WITH (UPDLOCK) SET UserLoginState=0 WHERE UserLoginState=1 AND SGNum=%d"", "
"FALSE_POSITIVE","printf","Lib_Network\s_COdbcUser.cpp","1712","-","numeric-only dynamic SQL (not injectable): UPDATE TerraUserInfo WITH (UPDLOCK) SET UserLoginS | exec:Y;esc:N","_snprintf( szTemp, 256, ""UPDATE TerraUserInfo WITH (UPDLOCK) SET UserLoginState=0 WHERE UserLoginState=1 AND SGNum=%d"", "
"FALSE_POSITIVE","printf","Lib_Network\s_COdbcUser.cpp","1718","-","numeric-only dynamic SQL (not injectable): UPDATE TerraUserInfo WITH (UPDLOCK) SET UserLoginS | exec:Y;esc:N","_snprintf( szTemp, 256, ""UPDATE TerraUserInfo WITH (UPDLOCK) SET UserLoginState=0 WHERE UserLoginState=1 AND SGNum=%d"", "
"FALSE_POSITIVE","printf","Lib_Network\s_COdbcUser.cpp","1724","-","numeric-only dynamic SQL (not injectable): UPDATE UserInfo WITH (UPDLOCK) SET UserLoginState= | exec:Y;esc:N","_snprintf( szTemp, 256, ""UPDATE UserInfo WITH (UPDLOCK) SET UserLoginState=0 WHERE UserLoginState=1 AND SGNum=%d"", nSvrG"
"FALSE_POSITIVE","printf","Lib_Network\s_COdbcUser.cpp","1730","-","numeric-only dynamic SQL (not injectable): UPDATE GspUserInfo WITH (UPDLOCK) SET UserLoginSta | exec:Y;esc:N","_snprintf( szTemp, 256, ""UPDATE GspUserInfo WITH (UPDLOCK) SET UserLoginState=0 WHERE UserLoginState=1 AND SGNum=%d"", nS"
"FALSE_POSITIVE","printf","Lib_Network\s_COdbcUser.cpp","1736","-","numeric-only dynamic SQL (not injectable): UPDATE GSUserInfo WITH (UPDLOCK) SET UserLoginStat | exec:Y;esc:N","_snprintf( szTemp, 256, ""UPDATE GSUserInfo WITH (UPDLOCK) SET UserLoginState=0 WHERE UserLoginState=1 AND SGNum=%d"", nSv"
"FALSE_POSITIVE","printf","Lib_Network\s_COdbcUser.cpp","1742","-","numeric-only dynamic SQL (not injectable): UPDATE UserInfo WITH (UPDLOCK) SET UserLoginState= | exec:Y;esc:N","_snprintf( szTemp, 256, ""UPDATE UserInfo WITH (UPDLOCK) SET UserLoginState=0 WHERE UserLoginState=1 AND SGNum=%d"", nSvrG"
"FALSE_POSITIVE","printf","Lib_Network\s_COdbcUser.cpp","1769","-","literal-only SQL (no interpolation): UPDATE DaumUserInfo WITH (UPDLOCK) SET UserLoginSt | exec:Y;esc:N","_snprintf( szTemp, 128, ""UPDATE DaumUserInfo WITH (UPDLOCK) SET UserLoginState=0 WHERE UserLoginState=1"" );"
"FALSE_POSITIVE","printf","Lib_Network\s_COdbcUser.cpp","1774","-","literal-only SQL (no interpolation): UPDATE JapanUserInfo WITH (UPDLOCK) SET UserLoginS | exec:Y;esc:N","_snprintf( szTemp, 128, ""UPDATE JapanUserInfo WITH (UPDLOCK) SET UserLoginState=0 WHERE UserLoginState=1"" );"
"FALSE_POSITIVE","printf","Lib_Network\s_COdbcUser.cpp","1779","-","literal-only SQL (no interpolation): UPDATE TerraUserInfo WITH (UPDLOCK) SET UserLoginS | exec:Y;esc:N","_snprintf( szTemp, 128, ""UPDATE TerraUserInfo WITH (UPDLOCK) SET UserLoginState=0 WHERE UserLoginState=1"" );"
"FALSE_POSITIVE","printf","Lib_Network\s_COdbcUser.cpp","1784","-","literal-only SQL (no interpolation): UPDATE TerraUserInfo WITH (UPDLOCK) SET UserLoginS | exec:Y;esc:N","_snprintf( szTemp, 128, ""UPDATE TerraUserInfo WITH (UPDLOCK) SET UserLoginState=0 WHERE UserLoginState=1"" );"
"FALSE_POSITIVE","printf","Lib_Network\s_COdbcUser.cpp","1789","-","literal-only SQL (no interpolation): UPDATE UserInfo WITH (UPDLOCK) SET UserLoginState= | exec:Y;esc:N","_snprintf( szTemp, 128, ""UPDATE UserInfo WITH (UPDLOCK) SET UserLoginState=0 WHERE UserLoginState=1"" );"
"FALSE_POSITIVE","printf","Lib_Network\s_COdbcUser.cpp","1794","-","literal-only SQL (no interpolation): UPDATE GspUserInfo WITH (UPDLOCK) SET UserLoginSta | exec:Y;esc:N","_snprintf( szTemp, 128, ""UPDATE GspUserInfo WITH (UPDLOCK) SET UserLoginState=0 WHERE UserLoginState=1"" );"
"FALSE_POSITIVE","printf","Lib_Network\s_COdbcUser.cpp","1799","-","literal-only SQL (no interpolation): UPDATE GSUserInfo WITH (UPDLOCK) SET UserLoginStat | exec:Y;esc:N","_snprintf( szTemp, 128, ""UPDATE GSUserInfo WITH (UPDLOCK) SET UserLoginState=0 WHERE UserLoginState=1"" );"
"FALSE_POSITIVE","printf","Lib_Network\s_COdbcUser.cpp","1804","-","literal-only SQL (no interpolation): UPDATE UserInfo WITH (UPDLOCK) SET UserLoginState= | exec:Y;esc:N","_snprintf( szTemp, 128, ""UPDATE UserInfo WITH (UPDLOCK) SET UserLoginState=0 WHERE UserLoginState=1"" );"
"VULNERABLE","printf","Lib_Network\s_COdbcUser.cpp","1818","HIGH","{call sp_UpdateMoneyPoint(%d,'%s',?)} | exec:Y;esc:N | interp:%s-family","_snprintf( szTemp, 128, ""{call sp_UpdateMoneyPoint(%d,'%s',?)}"","
"VULNERABLE","printf","Lib_Network\s_COdbcUser.cpp","1832","HIGH","{call sp_DeductMoneyPoint(%d,'%s',?)} | exec:Y;esc:N | interp:%s-family","_snprintf( szTemp, 128, ""{call sp_DeductMoneyPoint(%d,'%s',?)}"","
"DEAD","concat/stream","Lib_Network\s_COdbcUser.cpp","28","-","commented-out / in /* */ block","//strTemp << ""SELECT ChatBlockDate FROM DaumUserInfo WITH (NOLOCK) WHERE UserNum="";"
"DEAD","concat/stream","Lib_Network\s_COdbcUser.cpp","37","-","commented-out / in /* */ block","//strTemp << ""SELECT ChatBlockDate FROM TerraUserInfo WITH (NOLOCK) WHERE UserNum="";"
"DEAD","concat/stream","Lib_Network\s_COdbcUser.cpp","43","-","commented-out / in /* */ block","//strTemp << ""SELECT ChatBlockDate FROM TerraUserInfo WITH (NOLOCK) WHERE UserNum="";"
"DEAD","concat/stream","Lib_Network\s_COdbcUser.cpp","49","-","commented-out / in /* */ block","//strTemp << ""SELECT ChatBlockDate FROM UserInfo WITH (NOLOCK) WHERE UserNum="";"
"DEAD","concat/stream","Lib_Network\s_COdbcUser.cpp","55","-","commented-out / in /* */ block","//strTemp << ""SELECT ChatBlockDate FROM GspUserInfo WITH (NOLOCK) WHERE UserNum="";"
"DEAD","concat/stream","Lib_Network\s_COdbcUser.cpp","64","-","commented-out / in /* */ block","//strTemp << ""SELECT ChatBlockDate FROM UserInfo WITH (NOLOCK) WHERE UserNum="";"
"DEAD","concat/stream","Lib_Network\s_COdbcUser.cpp","139","-","commented-out / in /* */ block","//strTemp << ""UPDATE DaumUserInfo WITH (UPDLOCK) SET ChatBlockDate='"";"
"DEAD","concat/stream","Lib_Network\s_COdbcUser.cpp","140","-","commented-out / in /* */ block","//strTemp << strTime.GetString() << ""' WHERE UserNum="";"
"DEAD","printf","Lib_Network\s_COdbcUser.cpp","146","-","commented-out / in /* */ block","//_snprintf( szTemp, 256, ""UPDATE ExciteUserInfo WITH (UPDLOCK) SET ChatBlockDate='%s' WHERE UserNum=%d"", strTime.GetStr"
"DEAD","concat/stream","Lib_Network\s_COdbcUser.cpp","151","-","commented-out / in /* */ block","//strTemp << ""UPDATE TerraUserInfo WITH (UPDLOCK) SET ChatBlockDate='"";"
"DEAD","concat/stream","Lib_Network\s_COdbcUser.cpp","152","-","commented-out / in /* */ block","//strTemp << strTime.GetString() << ""' WHERE UserNum="";"
"DEAD","concat/stream","Lib_Network\s_COdbcUser.cpp","158","-","commented-out / in /* */ block","//strTemp << ""UPDATE TerraUserInfo WITH (UPDLOCK) SET ChatBlockDate='"";"
"DEAD","concat/stream","Lib_Network\s_COdbcUser.cpp","159","-","commented-out / in /* */ block","//strTemp << strTime.GetString() << ""' WHERE UserNum="";"
"DEAD","concat/stream","Lib_Network\s_COdbcUser.cpp","165","-","commented-out / in /* */ block","//strTemp << ""UPDATE UserInfo WITH (UPDLOCK) SET ChatBlockDate='"";"
"DEAD","concat/stream","Lib_Network\s_COdbcUser.cpp","166","-","commented-out / in /* */ block","//strTemp << strTime.GetString() << ""' WHERE UserNum="";"
"DEAD","concat/stream","Lib_Network\s_COdbcUser.cpp","172","-","commented-out / in /* */ block","//strTemp << ""UPDATE GspUserInfo WITH (UPDLOCK) SET ChatBlockDate='"";"
"DEAD","concat/stream","Lib_Network\s_COdbcUser.cpp","173","-","commented-out / in /* */ block","//strTemp << strTime.GetString() << ""' WHERE UserNum="";"
"DEAD","concat/stream","Lib_Network\s_COdbcUser.cpp","179","-","commented-out / in /* */ block","//strTemp << ""UPDATE UserInfo WITH (UPDLOCK) SET ChatBlockDate='"";"
"DEAD","concat/stream","Lib_Network\s_COdbcUser.cpp","180","-","commented-out / in /* */ block","//strTemp << strTime.GetString() << ""' WHERE UserNum="";"
"DEAD","concat/stream","Lib_Network\s_COdbcUser.cpp","186","-","commented-out / in /* */ block","//strTemp << ""UPDATE UserInfo WITH (UPDLOCK) SET ChatBlockDate='"";"
"DEAD","concat/stream","Lib_Network\s_COdbcUser.cpp","187","-","commented-out / in /* */ block","//strTemp << strTime.GetString() << ""' WHERE UserNum="";"
"DEAD","concat/stream","Lib_Network\s_COdbcUser.cpp","217","-","commented-out / in /* */ block","//strTemp << ""SELECT PremiumDate FROM DaumUserInfo WITH (NOLOCK) WHERE UserNum="";"
"DEAD","concat/stream","Lib_Network\s_COdbcUser.cpp","223","-","commented-out / in /* */ block","//strTemp << ""SELECT PremiumDate FROM TerraUserInfo WITH (NOLOCK) WHERE UserNum="";"
"DEAD","concat/stream","Lib_Network\s_COdbcUser.cpp","229","-","commented-out / in /* */ block","//strTemp << ""SELECT PremiumDate FROM TerraUserInfo WITH (NOLOCK) WHERE UserNum="";"
"DEAD","printf","Lib_Network\s_COdbcUser.cpp","235","-","commented-out / in /* */ block","//_snprintf( szTemp, 128, ""SELECT PremiumDate FROM ExciteUserInfo WITH (NOLOCK) WHERE UserNum=%d"", nUserNum );"
"DEAD","concat/stream","Lib_Network\s_COdbcUser.cpp","240","-","commented-out / in /* */ block","//strTemp << ""SELECT PremiumDate FROM UserInfo WITH (NOLOCK) WHERE UserNum="";"
"DEAD","concat/stream","Lib_Network\s_COdbcUser.cpp","246","-","commented-out / in /* */ block","//strTemp << ""SELECT PremiumDate FROM GspUserInfo WITH (NOLOCK) WHERE UserNum="";"
"DEAD","concat/stream","Lib_Network\s_COdbcUser.cpp","252","-","commented-out / in /* */ block","//strTemp << ""SELECT PremiumDate FROM UserInfo WITH (NOLOCK) WHERE UserNum="";"
"DEAD","concat/stream","Lib_Network\s_COdbcUser.cpp","258","-","commented-out / in /* */ block","//strTemp << ""SELECT PremiumDate FROM UserInfo WITH (NOLOCK) WHERE UserNum="";"
"DEAD","concat/stream","Lib_Network\s_COdbcUser.cpp","336","-","commented-out / in /* */ block","//strTemp << ""UPDATE DaumUserInfo SET PremiumDate='"";"
"DEAD","concat/stream","Lib_Network\s_COdbcUser.cpp","337","-","commented-out / in /* */ block","//strTemp << strTime.GetString() << ""' WHERE UserNum="";"
"DEAD","printf","Lib_Network\s_COdbcUser.cpp","343","-","commented-out / in /* */ block","//_snprintf( szTemp, 256, ""UPDATE ExciteUserInfo SET PremiumDate='%s' WHERE UserNum=%d"", strTime.GetString(), nUserNum )"
"DEAD","concat/stream","Lib_Network\s_COdbcUser.cpp","348","-","commented-out / in /* */ block","//strTemp << ""UPDATE TerraUserInfo SET PremiumDate='"";"
"DEAD","concat/stream","Lib_Network\s_COdbcUser.cpp","349","-","commented-out / in /* */ block","//strTemp << strTime.GetString() << ""' WHERE UserNum="";"
"DEAD","concat/stream","Lib_Network\s_COdbcUser.cpp","355","-","commented-out / in /* */ block","//strTemp << ""UPDATE TerraUserInfo SET PremiumDate='"";"
"DEAD","concat/stream","Lib_Network\s_COdbcUser.cpp","356","-","commented-out / in /* */ block","//strTemp << strTime.GetString() << ""' WHERE UserNum="";"
"DEAD","concat/stream","Lib_Network\s_COdbcUser.cpp","362","-","commented-out / in /* */ block","//strTemp << ""UPDATE UserInfo SET PremiumDate='"";"
"DEAD","concat/stream","Lib_Network\s_COdbcUser.cpp","363","-","commented-out / in /* */ block","//strTemp << strTime.GetString() << ""' WHERE UserNum="";"
"DEAD","concat/stream","Lib_Network\s_COdbcUser.cpp","369","-","commented-out / in /* */ block","//strTemp << ""UPDATE GspUserInfo SET PremiumDate='"";"
"DEAD","concat/stream","Lib_Network\s_COdbcUser.cpp","370","-","commented-out / in /* */ block","//strTemp << strTime.GetString() << ""' WHERE UserNum="";"
"DEAD","concat/stream","Lib_Network\s_COdbcUser.cpp","376","-","commented-out / in /* */ block","//strTemp << ""UPDATE UserInfo SET PremiumDate='"";"
"DEAD","concat/stream","Lib_Network\s_COdbcUser.cpp","377","-","commented-out / in /* */ block","//strTemp << strTime.GetString() << ""' WHERE UserNum="";"
"DEAD","concat/stream","Lib_Network\s_COdbcUser.cpp","383","-","commented-out / in /* */ block","//strTemp << ""UPDATE UserInfo SET PremiumDate='"";"
"DEAD","concat/stream","Lib_Network\s_COdbcUser.cpp","384","-","commented-out / in /* */ block","//strTemp << strTime.GetString() << ""' WHERE UserNum="";"
"DEAD","concat/stream","Lib_Network\s_COdbcUser.cpp","416","-","commented-out / in /* */ block","//strTemp << ""{call daum_user_gettype("";"
"DEAD","printf","Lib_Network\s_COdbcUser.cpp","423","-","commented-out / in /* */ block","//_snprintf( szTemp, 128, ""{call excite_user_gettype(%d, ?)}"", nUserNum );"
"DEAD","concat/stream","Lib_Network\s_COdbcUser.cpp","428","-","commented-out / in /* */ block","//strTemp << ""{call terra_user_gettype("";"
"DEAD","concat/stream","Lib_Network\s_COdbcUser.cpp","435","-","commented-out / in /* */ block","//strTemp << ""{call terra_user_gettype("";"
"DEAD","concat/stream","Lib_Network\s_COdbcUser.cpp","442","-","commented-out / in /* */ block","//strTemp << ""{call user_gettype("";"
"DEAD","concat/stream","Lib_Network\s_COdbcUser.cpp","449","-","commented-out / in /* */ block","//strTemp << ""{call gsp_user_gettype("";"
"DEAD","concat/stream","Lib_Network\s_COdbcUser.cpp","456","-","commented-out / in /* */ block","//strTemp << ""{call user_gettype("";"
"DEAD","concat/stream","Lib_Network\s_COdbcUser.cpp","463","-","commented-out / in /* */ block","//strTemp << ""{call user_gettype("";"
"DEAD","concat/stream","Lib_Network\s_COdbcUser.cpp","491","-","commented-out / in /* */ block","//strTemp << ""{call daum_user_cha_remain("";"
"DEAD","printf","Lib_Network\s_COdbcUser.cpp","498","-","commented-out / in /* */ block","//_snprintf( szTemp, 128, ""{call excite_user_cha_remain(%d, ?)}"", nUserNum );"
"DEAD","concat/stream","Lib_Network\s_COdbcUser.cpp","503","-","commented-out / in /* */ block","//strTemp << ""{call terra_user_cha_remain("";"
"DEAD","concat/stream","Lib_Network\s_COdbcUser.cpp","510","-","commented-out / in /* */ block","//strTemp << ""{call terra_user_cha_remain("";"
"DEAD","concat/stream","Lib_Network\s_COdbcUser.cpp","517","-","commented-out / in /* */ block","//strTemp << ""{call user_cha_remain("";"
"DEAD","concat/stream","Lib_Network\s_COdbcUser.cpp","524","-","commented-out / in /* */ block","//strTemp << ""{call gsp_user_cha_remain("";"
"DEAD","concat/stream","Lib_Network\s_COdbcUser.cpp","531","-","commented-out / in /* */ block","//strTemp << ""{call user_cha_remain("";"
"DEAD","concat/stream","Lib_Network\s_COdbcUser.cpp","538","-","commented-out / in /* */ block","//strTemp << ""{call user_cha_remain("";"
"DEAD","concat/stream","Lib_Network\s_COdbcUser.cpp","570","-","commented-out / in /* */ block","//strTemp << ""{call daum_user_cha_test_remain("";"
"DEAD","printf","Lib_Network\s_COdbcUser.cpp","577","-","commented-out / in /* */ block","//_snprintf( szTemp, 128, ""{call excite_user_cha_test_remain(%d, ?)}"", nUserNum );"
"DEAD","concat/stream","Lib_Network\s_COdbcUser.cpp","582","-","commented-out / in /* */ block","//strTemp << ""{call terra_user_cha_test_remain("";"
"DEAD","concat/stream","Lib_Network\s_COdbcUser.cpp","589","-","commented-out / in /* */ block","//strTemp << ""{call terra_user_cha_test_remain("";"
"DEAD","concat/stream","Lib_Network\s_COdbcUser.cpp","596","-","commented-out / in /* */ block","//strTemp << ""{call gsp_user_cha_test_remain("";"
"DEAD","concat/stream","Lib_Network\s_COdbcUser.cpp","603","-","commented-out / in /* */ block","//strTemp << ""{call user_cha_test_remain("";"
"DEAD","concat/stream","Lib_Network\s_COdbcUser.cpp","645","-","commented-out / in /* */ block","//strTemp << ""{call daum_user_logout("";"
"DEAD","printf","Lib_Network\s_COdbcUser.cpp","654","-","commented-out / in /* */ block","//		_snprintf( szTemp, 256, ""{call user_logout('%s',%d,%d,%d,%d,%d,%d,%d)}"", szUsrID, nUsrNum, nGameTime, nChaNum, nSvrG"
"DEAD","printf","Lib_Network\s_COdbcUser.cpp","665","-","commented-out / in /* */ block","//_snprintf( szTemp, 256, ""{call excite_user_logout('%s',%d,%d,%d,%d,%d)}"", szUsrID, nUsrNum, nGameTime, nChaNum, nSvrGr"
"DEAD","concat/stream","Lib_Network\s_COdbcUser.cpp","670","-","commented-out / in /* */ block","//strTemp << ""{call terra_user_logout("";"
"DEAD","concat/stream","Lib_Network\s_COdbcUser.cpp","685","-","commented-out / in /* */ block","//strTemp << ""{call terra_user_logout("";"
"DEAD","concat/stream","Lib_Network\s_COdbcUser.cpp","696","-","commented-out / in /* */ block","//strTemp << ""{call user_logout("";"
"DEAD","concat/stream","Lib_Network\s_COdbcUser.cpp","707","-","commented-out / in /* */ block","//strTemp << ""{call gsp_user_logout("";"
"DEAD","concat/stream","Lib_Network\s_COdbcUser.cpp","718","-","commented-out / in /* */ block","//strTemp << ""{call user_logout("";"
"DEAD","concat/stream","Lib_Network\s_COdbcUser.cpp","729","-","commented-out / in /* */ block","//      strTemp << ""{call user_logout("";"
"DEAD","printf","Lib_Network\s_COdbcUser.cpp","738","-","commented-out / in /* */ block","//		_snprintf( szTemp, 256, ""{call user_logout('%s',%d,%d,%d,%d,%d,%d,%d)}"", szUsrID, nUsrNum, nGameTime, nChaNum, nSvrG"
"DEAD","concat/stream","Lib_Network\s_COdbcUser.cpp","762","-","commented-out / in /* */ block","//strTemp << ""{call Daum_UserLogoutSimple('"";"
"DEAD","concat/stream","Lib_Network\s_COdbcUser.cpp","768","-","commented-out / in /* */ block","//strTemp << ""{call Excite_UserLogoutSimple('"";"
"DEAD","printf","Lib_Network\s_COdbcUser.cpp","771","-","commented-out / in /* */ block","//		_snprintf( szTemp, 128, ""{call Excite_UserLogoutSimple('%s')}"", szUsrID );"
"DEAD","concat/stream","Lib_Network\s_COdbcUser.cpp","776","-","commented-out / in /* */ block","//strTemp << ""{call Terra_UserLogoutSimple('"";"
"DEAD","concat/stream","Lib_Network\s_COdbcUser.cpp","782","-","commented-out / in /* */ block","//strTemp << ""{call Terra_UserLogoutSimple('"";"
"DEAD","concat/stream","Lib_Network\s_COdbcUser.cpp","788","-","commented-out / in /* */ block","//strTemp << ""{call UserLogoutSimple('"";"
"DEAD","concat/stream","Lib_Network\s_COdbcUser.cpp","794","-","commented-out / in /* */ block","//strTemp << ""{call Gsp_UserLogoutSimple('"";"
"DEAD","concat/stream","Lib_Network\s_COdbcUser.cpp","800","-","commented-out / in /* */ block","//strTemp << ""{call UserLogoutSimple('"";"
"DEAD","concat/stream","Lib_Network\s_COdbcUser.cpp","806","-","commented-out / in /* */ block","//strTemp << ""{call UserLogoutSimple('"";"
"DEAD","concat/stream","Lib_Network\s_COdbcUser.cpp","833","-","commented-out / in /* */ block","//strTemp << ""{call Daum_UserLogoutSimple2("";"
"DEAD","concat/stream","Lib_Network\s_COdbcUser.cpp","840","-","commented-out / in /* */ block","//strTemp << ""{call Excite_UserLogoutSimple2("";"
"DEAD","printf","Lib_Network\s_COdbcUser.cpp","844","-","commented-out / in /* */ block","//		_snprintf( szTemp, 128, ""{call Excite_UserLogoutSimple2(%d)}"", nUserNum );"
"DEAD","concat/stream","Lib_Network\s_COdbcUser.cpp","849","-","commented-out / in /* */ block","//strTemp << ""{call Terra_UserLogoutSimple2("";"
"DEAD","concat/stream","Lib_Network\s_COdbcUser.cpp","856","-","commented-out / in /* */ block","//strTemp << ""{call Terra_UserLogoutSimple2("";"
"DEAD","concat/stream","Lib_Network\s_COdbcUser.cpp","863","-","commented-out / in /* */ block","//strTemp << ""{call UserLogoutSimple2("";"
"DEAD","concat/stream","Lib_Network\s_COdbcUser.cpp","870","-","commented-out / in /* */ block","//strTemp << ""{call Gsp_UserLogoutSimple2("";"
"DEAD","concat/stream","Lib_Network\s_COdbcUser.cpp","877","-","commented-out / in /* */ block","//strTemp << ""{call UserLogoutSimple2("";"
"DEAD","concat/stream","Lib_Network\s_COdbcUser.cpp","884","-","commented-out / in /* */ block","//strTemp << ""{call UserLogoutSimple2("";"
"DEAD","concat/stream","Lib_Network\s_COdbcUser.cpp","909","-","commented-out / in /* */ block","//strTemp << ""UPDATE DaumUserInfo SET UserLoginState=0 WHERE UserLoginState=1 AND SGNum="";"
"DEAD","concat/stream","Lib_Network\s_COdbcUser.cpp","917","-","commented-out / in /* */ block","//strTemp << ""UPDATE ExciteUserInfo SET UserLoginState=0 WHERE UserLoginState=1 AND SGNum="";"
"DEAD","printf","Lib_Network\s_COdbcUser.cpp","922","-","commented-out / in /* */ block","//		_snprintf( szTemp, 256, ""UPDATE ExciteUserInfo SET UserLoginState=0 WHERE UserLoginState=1 AND SGNum=%d AND SvrNum=%"
"DEAD","concat/stream","Lib_Network\s_COdbcUser.cpp","927","-","commented-out / in /* */ block","//strTemp << ""UPDATE TerraUserInfo SET UserLoginState=0 WHERE UserLoginState=1 AND SGNum="";"
"DEAD","concat/stream","Lib_Network\s_COdbcUser.cpp","935","-","commented-out / in /* */ block","//strTemp << ""UPDATE TerraUserInfo SET UserLoginState=0 WHERE UserLoginState=1 AND SGNum="";"
"DEAD","concat/stream","Lib_Network\s_COdbcUser.cpp","943","-","commented-out / in /* */ block","//strTemp << ""UPDATE UserInfo SET UserLoginState=0 WHERE UserLoginState=1 AND SGNum="";"
"DEAD","concat/stream","Lib_Network\s_COdbcUser.cpp","951","-","commented-out / in /* */ block","//strTemp << ""UPDATE GspUserInfo SET UserLoginState=0 WHERE UserLoginState=1 AND SGNum="";"
"DEAD","concat/stream","Lib_Network\s_COdbcUser.cpp","959","-","commented-out / in /* */ block","//strTemp << ""UPDATE UserInfo SET UserLoginState=0 WHERE UserLoginState=1 AND SGNum="";"
"DEAD","concat/stream","Lib_Network\s_COdbcUser.cpp","967","-","commented-out / in /* */ block","//strTemp << ""UPDATE UserInfo SET UserLoginState=0 WHERE UserLoginState=1 AND SGNum="";"
"DEAD","concat/stream","Lib_Network\s_COdbcUser.cpp","990","-","commented-out / in /* */ block","//strTemp << ""{call Daum_UpdateChaName("";"
"DEAD","concat/stream","Lib_Network\s_COdbcUser.cpp","997","-","commented-out / in /* */ block","//strTemp << ""{call Excite_UpdateChaName("";"
"DEAD","printf","Lib_Network\s_COdbcUser.cpp","1001","-","commented-out / in /* */ block","//_snprintf( szTemp, 128, ""{call Excite_UpdateChaName(%d,'%s')}"", nUsrNum, szChaName );"
"DEAD","concat/stream","Lib_Network\s_COdbcUser.cpp","1006","-","commented-out / in /* */ block","//strTemp << ""{call Terra_UpdateChaName("";"
"DEAD","concat/stream","Lib_Network\s_COdbcUser.cpp","1013","-","commented-out / in /* */ block","//strTemp << ""{call Terra_UpdateChaName("";"
"DEAD","concat/stream","Lib_Network\s_COdbcUser.cpp","1020","-","commented-out / in /* */ block","//strTemp << ""{call UpdateChaName("";"
"DEAD","concat/stream","Lib_Network\s_COdbcUser.cpp","1027","-","commented-out / in /* */ block","//strTemp << ""{call Gsp_UpdateChaName("";"
"DEAD","concat/stream","Lib_Network\s_COdbcUser.cpp","1034","-","commented-out / in /* */ block","//strTemp << ""{call UpdateChaName("";"
"DEAD","concat/stream","Lib_Network\s_COdbcUser.cpp","1041","-","commented-out / in /* */ block","//strTemp << ""{call UpdateChaName("";"
"DEAD","concat/stream","Lib_Network\s_COdbcUser.cpp","1075","-","commented-out / in /* */ block","//strTemp << ""SELECT UserNum FROM DaumUserInfo WITH (NOLOCK)  WHERE UserUID='"" << szUsrId << ""'"";"
"DEAD","concat/stream","Lib_Network\s_COdbcUser.cpp","1080","-","commented-out / in /* */ block","//strTemp << ""SELECT UserNum FROM ExciteUserInfo WITH (NOLOCK) WHERE UserID='"" << szUsrId << ""'"";"
"DEAD","printf","Lib_Network\s_COdbcUser.cpp","1082","-","commented-out / in /* */ block","//		_snprintf( szTemp, 256, ""SELECT UserNum FROM ExciteUserInfo WITH (NOLOCK)  WHERE UserUID='%s'"", szUsrId );"
"DEAD","concat/stream","Lib_Network\s_COdbcUser.cpp","1087","-","commented-out / in /* */ block","//strTemp << ""SELECT UserNum FROM TerraUserInfo WITH (NOLOCK) WHERE TLoginName='"" << szUsrId << ""'"";"
"DEAD","concat/stream","Lib_Network\s_COdbcUser.cpp","1092","-","commented-out / in /* */ block","//strTemp << ""SELECT UserNum FROM TerraUserInfo WITH (NOLOCK) WHERE TLoginName='"" << szUsrId << ""'"";"
"DEAD","concat/stream","Lib_Network\s_COdbcUser.cpp","1097","-","commented-out / in /* */ block","//strTemp << ""SELECT UserNum FROM UserInfo WITH (NOLOCK) WHERE UserID='"" << szUsrId << ""'"";"
"DEAD","concat/stream","Lib_Network\s_COdbcUser.cpp","1102","-","commented-out / in /* */ block","//strTemp << ""SELECT UserNum FROM GspUserInfo WITH (NOLOCK) WHERE UserID='"" << szUsrId << ""'"";"
"DEAD","concat/stream","Lib_Network\s_COdbcUser.cpp","1107","-","commented-out / in /* */ block","//strTemp << ""SELECT UserNum FROM UserInfo WITH (NOLOCK) WHERE UserID='"" << szUsrId << ""'"";"
"DEAD","concat/stream","Lib_Network\s_COdbcUser.cpp","1112","-","commented-out / in /* */ block","//strTemp << ""SELECT UserNum FROM UserInfo WITH (NOLOCK) WHERE UserID='"" << szUsrId << ""'"";"
"DEAD","concat/stream","Lib_Network\s_COdbcUser.cpp","1165","-","commented-out / in /* */ block","//strTemp << ""INSERT INTO BlockAddress (BlockAddress, BlockReason) VALUES('"" << szIP << ""', '"" << szReason << ""')"";"
"DEAD","concat/stream","Lib_Network\s_COdbcUser.cpp","1190","-","commented-out / in /* */ block","//strTemp << ""{call Daum_UpdateChaNumDecrease("";"
"DEAD","concat/stream","Lib_Network\s_COdbcUser.cpp","1197","-","commented-out / in /* */ block","//strTemp << ""{call Excite_UpdateChaNumDecrease("";"
"DEAD","printf","Lib_Network\s_COdbcUser.cpp","1201","-","commented-out / in /* */ block","//_snprintf( szTemp, 128, ""{call Excite_UpdateChaNumDecrease(%d, ?)}"", nUserNum );"
"DEAD","concat/stream","Lib_Network\s_COdbcUser.cpp","1206","-","commented-out / in /* */ block","//strTemp << ""{call Terra_UpdateChaNumDecrease("";"
"DEAD","concat/stream","Lib_Network\s_COdbcUser.cpp","1213","-","commented-out / in /* */ block","//strTemp << ""{call Terra_UpdateChaNumDecrease("";"
"DEAD","concat/stream","Lib_Network\s_COdbcUser.cpp","1220","-","commented-out / in /* */ block","//strTemp << ""{call UpdateChaNumDecrease("";"
"DEAD","concat/stream","Lib_Network\s_COdbcUser.cpp","1227","-","commented-out / in /* */ block","//strTemp << ""{call Gsp_UpdateChaNumDecrease("";"
"DEAD","concat/stream","Lib_Network\s_COdbcUser.cpp","1234","-","commented-out / in /* */ block","//strTemp << ""{call UpdateChaNumDecrease("";"
"DEAD","concat/stream","Lib_Network\s_COdbcUser.cpp","1241","-","commented-out / in /* */ block","//strTemp << ""{call UpdateChaNumDecrease("";"
"DEAD","concat/stream","Lib_Network\s_COdbcUser.cpp","1269","-","commented-out / in /* */ block","//strTemp << ""{call Daum_UpdateTestChaNumDecrease("";"
"DEAD","concat/stream","Lib_Network\s_COdbcUser.cpp","1276","-","commented-out / in /* */ block","//strTemp << ""{call Excite_UpdateTestChaNumDecrease("";"
"DEAD","printf","Lib_Network\s_COdbcUser.cpp","1280","-","commented-out / in /* */ block","//_snprintf( szTemp, 128, ""{call Excite_UpdateTestChaNumDecrease(%d, ?)}"", nUserNum );"
"DEAD","concat/stream","Lib_Network\s_COdbcUser.cpp","1285","-","commented-out / in /* */ block","//strTemp << ""{call Terra_UpdateTestChaNumDecrease("";"
"DEAD","concat/stream","Lib_Network\s_COdbcUser.cpp","1292","-","commented-out / in /* */ block","//strTemp << ""{call Terra_UpdateTestChaNumDecrease("";"
"DEAD","concat/stream","Lib_Network\s_COdbcUser.cpp","1299","-","commented-out / in /* */ block","//strTemp << ""{call UpdateTestChaNumDecrease("";"
"DEAD","concat/stream","Lib_Network\s_COdbcUser.cpp","1306","-","commented-out / in /* */ block","//strTemp << ""{call Gsp_UpdateTestChaNumDecrease("";"
"DEAD","concat/stream","Lib_Network\s_COdbcUser.cpp","1313","-","commented-out / in /* */ block","//strTemp << ""{call UpdateTestChaNumDecrease("";"
"DEAD","concat/stream","Lib_Network\s_COdbcUser.cpp","1320","-","commented-out / in /* */ block","//strTemp << ""{call UpdateTestChaNumDecrease("";"
"DEAD","concat/stream","Lib_Network\s_COdbcUser.cpp","1348","-","commented-out / in /* */ block","//strTemp << ""{call Daum_UpdateChaNumIncrease("";"
"DEAD","concat/stream","Lib_Network\s_COdbcUser.cpp","1355","-","commented-out / in /* */ block","//strTemp << ""{call Excite_UpdateChaNumIncrease("";"
"DEAD","printf","Lib_Network\s_COdbcUser.cpp","1359","-","commented-out / in /* */ block","//_snprintf( szTemp, 128, ""{call Excite_UpdateChaNumIncrease(%d, ?)}"", nUserNum );"
"DEAD","concat/stream","Lib_Network\s_COdbcUser.cpp","1364","-","commented-out / in /* */ block","//strTemp << ""{call Terra_UpdateChaNumIncrease("";"
"DEAD","concat/stream","Lib_Network\s_COdbcUser.cpp","1371","-","commented-out / in /* */ block","//strTemp << ""{call Terra_UpdateChaNumIncrease("";"
"DEAD","concat/stream","Lib_Network\s_COdbcUser.cpp","1378","-","commented-out / in /* */ block","//strTemp << ""{call UpdateChaNumIncrease("";"
"DEAD","concat/stream","Lib_Network\s_COdbcUser.cpp","1385","-","commented-out / in /* */ block","//strTemp << ""{call Gsp_UpdateChaNumIncrease("";"
"DEAD","concat/stream","Lib_Network\s_COdbcUser.cpp","1392","-","commented-out / in /* */ block","//strTemp << ""{call UpdateChaNumIncrease("";"
"DEAD","concat/stream","Lib_Network\s_COdbcUser.cpp","1399","-","commented-out / in /* */ block","//strTemp << ""{call UpdateChaNumIncrease("";"
"DEAD","concat/stream","Lib_Network\s_COdbcUser.cpp","1426","-","commented-out / in /* */ block","//strTemp << ""{call Daum_UpdateTestChaNumIncrease("";"
"DEAD","concat/stream","Lib_Network\s_COdbcUser.cpp","1433","-","commented-out / in /* */ block","//strTemp << ""{call Excite_UpdateTestChaNumIncrease("";"
"DEAD","printf","Lib_Network\s_COdbcUser.cpp","1437","-","commented-out / in /* */ block","//_snprintf( szTemp, 128, ""{call Excite_UpdateTestChaNumIncrease(%d, ?)}"", nUserNum );"
"DEAD","concat/stream","Lib_Network\s_COdbcUser.cpp","1442","-","commented-out / in /* */ block","//strTemp << ""{call Terra_UpdateTestChaNumIncrease("";"
"DEAD","concat/stream","Lib_Network\s_COdbcUser.cpp","1449","-","commented-out / in /* */ block","//strTemp << ""{call Terra_UpdateTestChaNumIncrease("";"
"DEAD","concat/stream","Lib_Network\s_COdbcUser.cpp","1456","-","commented-out / in /* */ block","//strTemp << ""{call UpdateTestChaNumIncrease("";"
"DEAD","concat/stream","Lib_Network\s_COdbcUser.cpp","1463","-","commented-out / in /* */ block","//strTemp << ""{call Gsp_UpdateTestChaNumIncrease("";"
"DEAD","concat/stream","Lib_Network\s_COdbcUser.cpp","1470","-","commented-out / in /* */ block","//strTemp << ""{call UpdateTestChaNumIncrease("";"
"DEAD","concat/stream","Lib_Network\s_COdbcUser.cpp","1477","-","commented-out / in /* */ block","//strTemp << ""{call UpdateTestChaNumIncrease("";"
"DEAD","concat/stream","Lib_Network\s_COdbcUser.cpp","1517","-","commented-out / in /* */ block","//strTemp << ""UPDATE DaumUserInfo WITH (UPDLOCK) SET UserBlock=1,"";"
"DEAD","concat/stream","Lib_Network\s_COdbcUser.cpp","1519","-","commented-out / in /* */ block","//strTemp << "" WHERE UserNum="";"
"DEAD","concat/stream","Lib_Network\s_COdbcUser.cpp","1525","-","commented-out / in /* */ block","//strTemp << ""UPDATE ExciteUserInfo WITH (UPDLOCK) SET UserBlock=1,"";"
"DEAD","concat/stream","Lib_Network\s_COdbcUser.cpp","1527","-","commented-out / in /* */ block","//strTemp << "" WHERE UserNum="";"
"DEAD","printf","Lib_Network\s_COdbcUser.cpp","1530","-","commented-out / in /* */ block","//_snprintf( szTemp, 256, ""UPDATE ExciteUserInfo WITH (UPDLOCK) SET UserBlock=1,UserBlockDate='%s' WHERE UserNum=%d"", st"
"DEAD","concat/stream","Lib_Network\s_COdbcUser.cpp","1535","-","commented-out / in /* */ block","//strTemp << ""UPDATE TerraUserInfo WITH (UPDLOCK) SET UserBlock=1,"";"
"DEAD","concat/stream","Lib_Network\s_COdbcUser.cpp","1537","-","commented-out / in /* */ block","//strTemp << "" WHERE UserNum="";"
"DEAD","concat/stream","Lib_Network\s_COdbcUser.cpp","1543","-","commented-out / in /* */ block","//strTemp << ""UPDATE TerraUserInfo WITH (UPDLOCK) SET UserBlock=1,"";"
"DEAD","concat/stream","Lib_Network\s_COdbcUser.cpp","1545","-","commented-out / in /* */ block","//strTemp << "" WHERE UserNum="";"
"DEAD","concat/stream","Lib_Network\s_COdbcUser.cpp","1551","-","commented-out / in /* */ block","//strTemp << ""UPDATE UserInfo WITH (UPDLOCK) SET UserBlock=1,"";"
"DEAD","concat/stream","Lib_Network\s_COdbcUser.cpp","1553","-","commented-out / in /* */ block","//strTemp << "" WHERE UserNum="";"
"DEAD","concat/stream","Lib_Network\s_COdbcUser.cpp","1559","-","commented-out / in /* */ block","//strTemp << ""UPDATE GspUserInfo WITH (UPDLOCK) SET UserBlock=1,"";"
"DEAD","concat/stream","Lib_Network\s_COdbcUser.cpp","1561","-","commented-out / in /* */ block","//strTemp << "" WHERE UserNum="";"
"DEAD","concat/stream","Lib_Network\s_COdbcUser.cpp","1567","-","commented-out / in /* */ block","//strTemp << ""UPDATE UserInfo WITH (UPDLOCK) SET UserBlock=1,"";"
"DEAD","concat/stream","Lib_Network\s_COdbcUser.cpp","1569","-","commented-out / in /* */ block","//strTemp << "" WHERE UserNum="";"
"DEAD","concat/stream","Lib_Network\s_COdbcUser.cpp","1575","-","commented-out / in /* */ block","//strTemp << ""UPDATE UserInfo WITH (UPDLOCK) SET UserBlock=1,"";"
"DEAD","concat/stream","Lib_Network\s_COdbcUser.cpp","1577","-","commented-out / in /* */ block","//strTemp << "" WHERE UserNum="";"
"DEAD","concat/stream","Lib_Network\s_COdbcUser.cpp","1612","-","commented-out / in /* */ block","//strTemp << ""UPDATE DaumUserInfo WITH (UPDLOCK) SET UserBlock=1,"";"
"DEAD","concat/stream","Lib_Network\s_COdbcUser.cpp","1614","-","commented-out / in /* */ block","//strTemp << "" WHERE UserNum="";"
"DEAD","concat/stream","Lib_Network\s_COdbcUser.cpp","1620","-","commented-out / in /* */ block","//strTemp << ""UPDATE ExciteUserInfo WITH (UPDLOCK) SET UserBlock=1,"";"
"DEAD","concat/stream","Lib_Network\s_COdbcUser.cpp","1622","-","commented-out / in /* */ block","//strTemp << "" WHERE UserNum="";"
"DEAD","printf","Lib_Network\s_COdbcUser.cpp","1625","-","commented-out / in /* */ block","//_snprintf( szTemp, 256, ""UPDATE ExciteUserInfo WITH (UPDLOCK) SET UserBlock=1,UserBlockDate=getdate()+%d WHERE UserNum"
"DEAD","concat/stream","Lib_Network\s_COdbcUser.cpp","1630","-","commented-out / in /* */ block","//strTemp << ""UPDATE TerraUserInfo WITH (UPDLOCK) SET UserBlock=1,"";"
"DEAD","concat/stream","Lib_Network\s_COdbcUser.cpp","1632","-","commented-out / in /* */ block","//strTemp << "" WHERE UserNum="";"
"DEAD","concat/stream","Lib_Network\s_COdbcUser.cpp","1638","-","commented-out / in /* */ block","//strTemp << ""UPDATE TerraUserInfo WITH (UPDLOCK) SET UserBlock=1,"";"
"DEAD","concat/stream","Lib_Network\s_COdbcUser.cpp","1640","-","commented-out / in /* */ block","//strTemp << "" WHERE UserNum="";"
"DEAD","concat/stream","Lib_Network\s_COdbcUser.cpp","1646","-","commented-out / in /* */ block","//strTemp << ""UPDATE UserInfo WITH (UPDLOCK) SET UserBlock=1,"";"
"DEAD","concat/stream","Lib_Network\s_COdbcUser.cpp","1648","-","commented-out / in /* */ block","//strTemp << "" WHERE UserNum="";"
"DEAD","concat/stream","Lib_Network\s_COdbcUser.cpp","1654","-","commented-out / in /* */ block","//strTemp << ""UPDATE GspUserInfo WITH (UPDLOCK) SET UserBlock=1,"";"
"DEAD","concat/stream","Lib_Network\s_COdbcUser.cpp","1656","-","commented-out / in /* */ block","//strTemp << "" WHERE UserNum="";"
"DEAD","concat/stream","Lib_Network\s_COdbcUser.cpp","1662","-","commented-out / in /* */ block","//strTemp << ""UPDATE UserInfo WITH (UPDLOCK) SET UserBlock=1,"";"
"DEAD","concat/stream","Lib_Network\s_COdbcUser.cpp","1664","-","commented-out / in /* */ block","//strTemp << "" WHERE UserNum="";"
"DEAD","concat/stream","Lib_Network\s_COdbcUser.cpp","1670","-","commented-out / in /* */ block","//strTemp << ""UPDATE UserInfo WITH (UPDLOCK) SET UserBlock=1,"";"
"DEAD","concat/stream","Lib_Network\s_COdbcUser.cpp","1672","-","commented-out / in /* */ block","//strTemp << "" WHERE UserNum="";"
"DEAD","concat/stream","Lib_Network\s_COdbcUser.cpp","1696","-","commented-out / in /* */ block","//strTemp << ""UPDATE DaumUserInfo WITH (UPDLOCK) SET UserLoginState=0 WHERE UserLoginState=1 AND SGNum="";"
"DEAD","concat/stream","Lib_Network\s_COdbcUser.cpp","1702","-","commented-out / in /* */ block","//strTemp << ""UPDATE ExciteUserInfo WITH (UPDLOCK) SET UserLoginState=0 WHERE UserLoginState=1 AND SGNum="";"
"DEAD","concat/stream","Lib_Network\s_COdbcUser.cpp","1709","-","commented-out / in /* */ block","//strTemp << ""UPDATE TerraUserInfo WITH (UPDLOCK) SET UserLoginState=0 WHERE UserLoginState=1 AND SGNum="";"
"DEAD","concat/stream","Lib_Network\s_COdbcUser.cpp","1715","-","commented-out / in /* */ block","//strTemp << ""UPDATE TerraUserInfo WITH (UPDLOCK) SET UserLoginState=0 WHERE UserLoginState=1 AND SGNum="";"
"DEAD","concat/stream","Lib_Network\s_COdbcUser.cpp","1721","-","commented-out / in /* */ block","//strTemp << ""UPDATE UserInfo WITH (UPDLOCK) SET UserLoginState=0 WHERE UserLoginState=1 AND SGNum="";"
"DEAD","concat/stream","Lib_Network\s_COdbcUser.cpp","1727","-","commented-out / in /* */ block","//strTemp << ""UPDATE GspUserInfo WITH (UPDLOCK) SET UserLoginState=0 WHERE UserLoginState=1 AND SGNum="";"
"DEAD","concat/stream","Lib_Network\s_COdbcUser.cpp","1733","-","commented-out / in /* */ block","//strTemp << ""UPDATE UserInfo WITH (UPDLOCK) SET UserLoginState=0 WHERE UserLoginState=1 AND SGNum="";"
"DEAD","concat/stream","Lib_Network\s_COdbcUser.cpp","1739","-","commented-out / in /* */ block","//strTemp << ""UPDATE UserInfo WITH (UPDLOCK) SET UserLoginState=0 WHERE UserLoginState=1 AND SGNum="";"
"DEAD","concat/stream","Lib_Network\s_COdbcUser.cpp","1767","-","commented-out / in /* */ block","//strTemp << ""UPDATE DaumUserInfo WITH (UPDLOCK) SET UserLoginState=0 WHERE UserLoginState=1"";"
"DEAD","printf","Lib_Network\s_COdbcUser.cpp","1772","-","commented-out / in /* */ block","//_snprintf( szTemp, 128, ""UPDATE ExciteUserInfo WITH (UPDLOCK) SET UserLoginState=0 WHERE UserLoginState=1"" );"
"DEAD","concat/stream","Lib_Network\s_COdbcUser.cpp","1777","-","commented-out / in /* */ block","//strTemp << ""UPDATE TerraUserInfo WITH (UPDLOCK) SET UserLoginState=0 WHERE UserLoginState=1"";"
"DEAD","concat/stream","Lib_Network\s_COdbcUser.cpp","1782","-","commented-out / in /* */ block","//strTemp << ""UPDATE TerraUserInfo WITH (UPDLOCK) SET UserLoginState=0 WHERE UserLoginState=1"";"
"DEAD","concat/stream","Lib_Network\s_COdbcUser.cpp","1787","-","commented-out / in /* */ block","//strTemp << ""UPDATE UserInfo WITH (UPDLOCK) SET UserLoginState=0 WHERE UserLoginState=1"";"
"DEAD","concat/stream","Lib_Network\s_COdbcUser.cpp","1792","-","commented-out / in /* */ block","//strTemp << ""UPDATE GspUserInfo WITH (UPDLOCK) SET UserLoginState=0 WHERE UserLoginState=1"";"
"DEAD","concat/stream","Lib_Network\s_COdbcUser.cpp","1797","-","commented-out / in /* */ block","//strTemp << ""UPDATE UserInfo WITH (UPDLOCK) SET UserLoginState=0 WHERE UserLoginState=1"";"
"DEAD","concat/stream","Lib_Network\s_COdbcUser.cpp","1802","-","commented-out / in /* */ block","//strTemp << ""UPDATE UserInfo WITH (UPDLOCK) SET UserLoginState=0 WHERE UserLoginState=1"";"
"PARAMETERIZED","SQLBindParameter","Lib_Network\s_COdbcUserCheck_batch_preview.cpp","104","-","bound-parameter mechanism","sReturn = ::SQLBindParameter("
"PARAMETERIZED","SQLBindParameter","Lib_Network\s_COdbcUserCheck_batch_preview.cpp","120","-","bound-parameter mechanism","Print( ""ERROR:SQLBindParameter"" );"
"PARAMETERIZED","bind-call-3arg","Lib_Network\s_COdbcUserCheck_batch_preview.cpp","237","-","bound-parameter mechanism","int nReturn = m_pUserDB->ExecuteSpInt( szTemp, pParams, 4 );"
"PARAMETERIZED","bind-call-3arg","Lib_Network\s_COdbcUserCheck_batch_preview.cpp","287","-","bound-parameter mechanism","int nReturn = m_pUserDB->ExecuteSpInt( szTemp, pParams, 4 );"
"PARAMETERIZED","bind-call-3arg","Lib_Network\s_COdbcUserCheck_batch_preview.cpp","325","-","bound-parameter mechanism","int nReturn = m_pUserDB->ExecuteSpInt( szTemp, pParams, 5 );"
"ESCAPED","printf","Lib_Network\s_COdbcUserCheck_batch_preview.cpp","382","MEDIUM","{call user_verify('%s','%s','%s',%d,%d,'%s','%s',? | exec:Y;esc:Y | interp:%s-family","_snprintf( szTemp, 512, ""{call user_verify('%s','%s','%s',%d,%d,'%s','%s',?)}"","
"PARAMETERIZED","bind-call-3arg","Lib_Network\s_COdbcUserCheck_batch_preview.cpp","448","-","bound-parameter mechanism","int nReturn = m_pUserDB->ExecuteSpInt( szTemp, pParams, 5 );"
"PARAMETERIZED","SQLBindParameter","Lib_Network\s_COdbcUserCheck_batch_preview.cpp","509","-","bound-parameter mechanism","sReturn = ::SQLBindParameter("
"PARAMETERIZED","SQLBindParameter","Lib_Network\s_COdbcUserCheck_batch_preview.cpp","525","-","bound-parameter mechanism","Print( ""ERROR:SQLBindParameter"" );"
"PARAMETERIZED","bind-call-3arg","Lib_Network\s_COdbcUserCheck_batch_preview.cpp","649","-","bound-parameter mechanism","int nReturn = m_pUserDB->ExecuteSpInt( szTemp, pParams, 4 );"
"PARAMETERIZED","SQLBindParameter","Lib_Network\s_COdbcUserCheck_batch_preview.cpp","730","-","bound-parameter mechanism","sReturn = ::SQLBindParameter("
"PARAMETERIZED","SQLBindParameter","Lib_Network\s_COdbcUserCheck_batch_preview.cpp","746","-","bound-parameter mechanism","Print(""ERROR:SQLBindParameter"");"
"PARAMETERIZED","bind-call-3arg","Lib_Network\s_COdbcUserCheck_batch_preview.cpp","937","-","bound-parameter mechanism","int nReturn = m_pUserDB->ExecuteSpInt( szTemp, pParams, 4 );"
"ESCAPED","printf","Lib_Network\s_COdbcUserCheck_batch_preview.cpp","976","MEDIUM","{call gs_user_verify('%s','%s','%s',%d,%d,?)} | exec:Y;esc:Y | interp:%s-family","_snprintf( szTemp, 512, ""{call gs_user_verify('%s','%s','%s',%d,%d,?)}"","
"PARAMETERIZED","bind-call-3arg","Lib_Network\s_COdbcUserCheck_batch_preview.cpp","1020","-","bound-parameter mechanism","int nReturn = m_pUserDB->ExecuteSpInt( szTemp, pParams, 3 );"
"PARAMETERIZED","bind-call-3arg","Lib_Network\s_COdbcUserCheck_batch_preview.cpp","1056","-","bound-parameter mechanism","int nReturn = m_pUserDB->ExecuteSpInt( szTemp, pParams, 3 );"
"PARAMETERIZED","bind-call-3arg","Lib_Network\s_COdbcUserCheck_batch_preview.cpp","1092","-","bound-parameter mechanism","int nReturn = m_pUserDB->ExecuteSpInt( szTemp, pParams, 4 );"
"PARAMETERIZED","SQLBindParameter","Lib_Network\s_COdbcUserCheck_batch_preview.cpp","1150","-","bound-parameter mechanism","sReturn = ::SQLBindParameter("
"PARAMETERIZED","SQLBindParameter","Lib_Network\s_COdbcUserCheck_batch_preview.cpp","1166","-","bound-parameter mechanism","Print(""ERROR:SQLBindParameter"");"
"PARAMETERIZED","SQLBindParameter","Lib_Network\s_COdbcUserCheck_batch_preview.cpp","1287","-","bound-parameter mechanism","sReturn = ::SQLBindParameter("
"PARAMETERIZED","SQLBindParameter","Lib_Network\s_COdbcUserCheck_batch_preview.cpp","1303","-","bound-parameter mechanism","Print(""ERROR:SQLBindParameter"");"
"DEAD","concat/stream","Lib_Network\s_COdbcUserCheck_batch_preview.cpp","33","-","commented-out / in /* */ block","//strTemp << ""{call daum_user_verify("";"
"DEAD","printf","Lib_Network\s_COdbcUserCheck_batch_preview.cpp","43","-","commented-out / in /* */ block","_snprintf( szTemp, 512, ""{call daum_user_verify('%s','%s','%s','%s','%s',%d,%d,?)}"","
"DEAD","concat/stream","Lib_Network\s_COdbcUserCheck_batch_preview.cpp","74","-","commented-out / in /* */ block","//strTemp << ""SELECT UserID, UserIP, LoginDate "";"
"DEAD","concat/stream","Lib_Network\s_COdbcUserCheck_batch_preview.cpp","75","-","commented-out / in /* */ block","//strTemp << ""FROM UserTemp WHERE GUID = '"";"
"DEAD","printf","Lib_Network\s_COdbcUserCheck_batch_preview.cpp","81","-","commented-out / in /* */ block","//_snprintf( szTemp, 256, ""SELECT UserID, LoginDate FROM UserUUID WHERE UserUUID = '%s'"", szUUID );"
"DEAD","comment-text","Lib_Network\s_COdbcUserCheck_batch_preview.cpp","194","-","commented-out / in /* */ block","//		CConsoleMessage::GetInstance()->Write( _T(""ERROR:DaumUserCheck can't get info UserID from UserTemp"") );"
"DEAD","printf","Lib_Network\s_COdbcUserCheck_batch_preview.cpp","228","-","commented-out / in /* */ block","//_snprintf( szTemp, 256, ""{call daum_user_verify('%s','%s',%d,%d,?)}"", szKorUserID, szUserIP, nSvrGrp, nSvrNum );"
"DEAD","concat/stream","Lib_Network\s_COdbcUserCheck_batch_preview.cpp","266","-","commented-out / in /* */ block","//strTemp << ""{call excite_user_verify("";"
"DEAD","printf","Lib_Network\s_COdbcUserCheck_batch_preview.cpp","278","-","commented-out / in /* */ block","//_snprintf( szTemp, 512, ""{call excite_user_verify('%s','%s',%d,%d,?)}"", szUserID, szUserIP, nSvrGrp, nSvrNum );"
"DEAD","printf","Lib_Network\s_COdbcUserCheck_batch_preview.cpp","315","-","commented-out / in /* */ block","//_snprintf( szTemp, 512, ""{call Japan_user_verify('%s','%s',%d,%d,%d,?)}"", szUserID, szUserIP, nSvrGrp, nSvrNum, nUserN"
"DEAD","concat/stream","Lib_Network\s_COdbcUserCheck_batch_preview.cpp","372","-","commented-out / in /* */ block","//strTemp << ""{call user_verify("";"
"DEAD","concat/stream","Lib_Network\s_COdbcUserCheck_batch_preview.cpp","423","-","commented-out / in /* */ block","//strTemp << ""{call thai_user_verify("";"
"DEAD","printf","Lib_Network\s_COdbcUserCheck_batch_preview.cpp","435","-","commented-out / in /* */ block","//_snprintf( szTemp, 512, ""{call thai_user_verify('%s','%s','%s',%d,%d,?)}"", strUserID.GetString(), strPasswd.GetString("
"DEAD","concat/stream","Lib_Network\s_COdbcUserCheck_batch_preview.cpp","479","-","commented-out / in /* */ block","//strTemp << ""SELECT UserID, UserIP, LoginDate "";"
"DEAD","concat/stream","Lib_Network\s_COdbcUserCheck_batch_preview.cpp","480","-","commented-out / in /* */ block","//strTemp << ""FROM UserTemp WHERE GUID = '"";"
"DEAD","printf","Lib_Network\s_COdbcUserCheck_batch_preview.cpp","486","-","commented-out / in /* */ block","//_snprintf( szTemp, 256, ""SELECT UserID, UserIP, LoginDate FROM UserTemp WHERE GUID = '%s'"", szUUID );"
"DEAD","concat/stream","Lib_Network\s_COdbcUserCheck_batch_preview.cpp","629","-","commented-out / in /* */ block","//strTemp3 << ""{call gsp_user_verify("";"
"DEAD","printf","Lib_Network\s_COdbcUserCheck_batch_preview.cpp","640","-","commented-out / in /* */ block","//_snprintf( szTemp, 256, ""{call gsp_user_verify('%s','%s',%d,%d,?)}"", szGspUserID2, szUserIP, nSvrGrp, nSvrNum );"
"DEAD","concat/stream","Lib_Network\s_COdbcUserCheck_batch_preview.cpp","687","-","commented-out / in /* */ block","//strTemp << ""SELECT TLoginName "";"
"DEAD","concat/stream","Lib_Network\s_COdbcUserCheck_batch_preview.cpp","688","-","commented-out / in /* */ block","//strTemp << ""FROM TempUser WHERE UTid = '"";"
"DEAD","printf","Lib_Network\s_COdbcUserCheck_batch_preview.cpp","694","-","commented-out / in /* */ block","//_snprintf( szTemp, 256, ""SELECT TLoginName FROM TempUser WHERE UTid = '%s'"", szTerraDecodedTID );"
"DEAD","concat/stream","Lib_Network\s_COdbcUserCheck_batch_preview.cpp","701","-","commented-out / in /* */ block","//strTemp << ""SELECT LoginID "";"
"DEAD","concat/stream","Lib_Network\s_COdbcUserCheck_batch_preview.cpp","702","-","commented-out / in /* */ block","//strTemp << ""FROM TempUser WHERE TKeyUser = '"";"
"DEAD","printf","Lib_Network\s_COdbcUserCheck_batch_preview.cpp","708","-","commented-out / in /* */ block","//_snprintf( szTemp, 256, ""SELECT LoginID FROM TempUser WHERE TKeyUser = '%s'"", szTerraDecodedTID );"
"DEAD","concat/stream","Lib_Network\s_COdbcUserCheck_batch_preview.cpp","829","-","commented-out / in /* */ block","strTemp2 << ""SELECT TGender, TIcNo, TDOB "";"
"DEAD","concat/stream","Lib_Network\s_COdbcUserCheck_batch_preview.cpp","830","-","commented-out / in /* */ block","strTemp2 << ""FROM T_Member WHERE TLoginName = '"";"
"DEAD","comment-text","Lib_Network\s_COdbcUserCheck_batch_preview.cpp","893","-","commented-out / in /* */ block","_T(""ERROR:TerraUserCheck can't get info TGender,TIcNo,TDOB from T_Member""));"
"DEAD","concat/stream","Lib_Network\s_COdbcUserCheck_batch_preview.cpp","900","-","commented-out / in /* */ block","strTemp3 << ""{call terra_user_verify("";"
"DEAD","concat/stream","Lib_Network\s_COdbcUserCheck_batch_preview.cpp","913","-","commented-out / in /* */ block","//strTemp3 << ""{call terra_user_verify("";"
"DEAD","printf","Lib_Network\s_COdbcUserCheck_batch_preview.cpp","928","-","commented-out / in /* */ block","//_snprintf( szTemp, 256, ""{call terra_user_verify('%s','X','X','X','%s',%d,%d,?)}"", szTerraLoginName, szUsrIP, nSvrGrp,"
"DEAD","printf","Lib_Network\s_COdbcUserCheck_batch_preview.cpp","1012","-","commented-out / in /* */ block","//_snprintf( szTemp, 128, ""{call daum_user_passcheck('%s','%s',%d,?)}"", szDaumGID, szDaumPasswd, nCheckFlag );"
"DEAD","printf","Lib_Network\s_COdbcUserCheck_batch_preview.cpp","1048","-","commented-out / in /* */ block","//_snprintf( szTemp, 128, ""{call terra_user_passcheck('%s','%s',%d,?)}"", szTID, szPasswd, nCheckFlag );"
"DEAD","printf","Lib_Network\s_COdbcUserCheck_batch_preview.cpp","1083","-","commented-out / in /* */ block","//_snprintf( szTemp, 128, ""{call excite_user_passcheck('%s','%s','%s',%d,?)}"", szUID, szUserID,szPasswd, nCheckFlag );"
"DEAD","printf","Lib_Network\s_COdbcUserCheck_batch_preview.cpp","1129","-","commented-out / in /* */ block","//_snprintf( szTemp, 256, ""SELECT CC_CLASS FROM TB_CC_IP WHERE CC_IP='%s'"", szUsrIP );"
"DEAD","printf","Lib_Network\s_COdbcUserCheck_batch_preview.cpp","1266","-","commented-out / in /* */ block","//_snprintf( szTemp, 256, ""SELECT CC_CLASS FROM TB_CC_IP WHERE CC_IP='%s'"", szUsrIP );"
"PARAMETERIZED","SQLBindParameter","Lib_Network\s_COdbcUserCheck.cpp","104","-","bound-parameter mechanism","sReturn = ::SQLBindParameter("
"PARAMETERIZED","SQLBindParameter","Lib_Network\s_COdbcUserCheck.cpp","120","-","bound-parameter mechanism","Print( ""ERROR:SQLBindParameter"" );"
"PARAMETERIZED","bind-call-3arg","Lib_Network\s_COdbcUserCheck.cpp","237","-","bound-parameter mechanism","int nReturn = m_pUserDB->ExecuteSpInt( szTemp, pParams, 4 );"
"PARAMETERIZED","bind-call-3arg","Lib_Network\s_COdbcUserCheck.cpp","287","-","bound-parameter mechanism","int nReturn = m_pUserDB->ExecuteSpInt( szTemp, pParams, 4 );"
"PARAMETERIZED","bind-call-3arg","Lib_Network\s_COdbcUserCheck.cpp","325","-","bound-parameter mechanism","int nReturn = m_pUserDB->ExecuteSpInt( szTemp, pParams, 5 );"
"PARAMETERIZED","bind-call-3arg","Lib_Network\s_COdbcUserCheck.cpp","400","-","bound-parameter mechanism","int nReturn = m_pUserDB->ExecuteSpInt( szTemp, pParams, 7 );"
"PARAMETERIZED","bind-call-3arg","Lib_Network\s_COdbcUserCheck.cpp","457","-","bound-parameter mechanism","int nReturn = m_pUserDB->ExecuteSpInt( szTemp, pParams, 5 );"
"PARAMETERIZED","SQLBindParameter","Lib_Network\s_COdbcUserCheck.cpp","518","-","bound-parameter mechanism","sReturn = ::SQLBindParameter("
"PARAMETERIZED","SQLBindParameter","Lib_Network\s_COdbcUserCheck.cpp","534","-","bound-parameter mechanism","Print( ""ERROR:SQLBindParameter"" );"
"PARAMETERIZED","bind-call-3arg","Lib_Network\s_COdbcUserCheck.cpp","658","-","bound-parameter mechanism","int nReturn = m_pUserDB->ExecuteSpInt( szTemp, pParams, 4 );"
"PARAMETERIZED","SQLBindParameter","Lib_Network\s_COdbcUserCheck.cpp","739","-","bound-parameter mechanism","sReturn = ::SQLBindParameter("
"PARAMETERIZED","SQLBindParameter","Lib_Network\s_COdbcUserCheck.cpp","755","-","bound-parameter mechanism","Print(""ERROR:SQLBindParameter"");"
"PARAMETERIZED","bind-call-3arg","Lib_Network\s_COdbcUserCheck.cpp","946","-","bound-parameter mechanism","int nReturn = m_pUserDB->ExecuteSpInt( szTemp, pParams, 4 );"
"PARAMETERIZED","bind-call-3arg","Lib_Network\s_COdbcUserCheck.cpp","1001","-","bound-parameter mechanism","int nReturn = m_pUserDB->ExecuteSpInt( szTemp, pParams, 5 );"
"PARAMETERIZED","bind-call-3arg","Lib_Network\s_COdbcUserCheck.cpp","1038","-","bound-parameter mechanism","int nReturn = m_pUserDB->ExecuteSpInt( szTemp, pParams, 3 );"
"PARAMETERIZED","bind-call-3arg","Lib_Network\s_COdbcUserCheck.cpp","1074","-","bound-parameter mechanism","int nReturn = m_pUserDB->ExecuteSpInt( szTemp, pParams, 3 );"
"PARAMETERIZED","bind-call-3arg","Lib_Network\s_COdbcUserCheck.cpp","1110","-","bound-parameter mechanism","int nReturn = m_pUserDB->ExecuteSpInt( szTemp, pParams, 4 );"
"PARAMETERIZED","SQLBindParameter","Lib_Network\s_COdbcUserCheck.cpp","1168","-","bound-parameter mechanism","sReturn = ::SQLBindParameter("
"PARAMETERIZED","SQLBindParameter","Lib_Network\s_COdbcUserCheck.cpp","1184","-","bound-parameter mechanism","Print(""ERROR:SQLBindParameter"");"
"PARAMETERIZED","SQLBindParameter","Lib_Network\s_COdbcUserCheck.cpp","1305","-","bound-parameter mechanism","sReturn = ::SQLBindParameter("
"PARAMETERIZED","SQLBindParameter","Lib_Network\s_COdbcUserCheck.cpp","1321","-","bound-parameter mechanism","Print(""ERROR:SQLBindParameter"");"
"DEAD","concat/stream","Lib_Network\s_COdbcUserCheck.cpp","33","-","commented-out / in /* */ block","//strTemp << ""{call daum_user_verify("";"
"DEAD","printf","Lib_Network\s_COdbcUserCheck.cpp","43","-","commented-out / in /* */ block","_snprintf( szTemp, 512, ""{call daum_user_verify('%s','%s','%s','%s','%s',%d,%d,?)}"","
"DEAD","concat/stream","Lib_Network\s_COdbcUserCheck.cpp","74","-","commented-out / in /* */ block","//strTemp << ""SELECT UserID, UserIP, LoginDate "";"
"DEAD","concat/stream","Lib_Network\s_COdbcUserCheck.cpp","75","-","commented-out / in /* */ block","//strTemp << ""FROM UserTemp WHERE GUID = '"";"
"DEAD","printf","Lib_Network\s_COdbcUserCheck.cpp","81","-","commented-out / in /* */ block","//_snprintf( szTemp, 256, ""SELECT UserID, LoginDate FROM UserUUID WHERE UserUUID = '%s'"", szUUID );"
"DEAD","comment-text","Lib_Network\s_COdbcUserCheck.cpp","194","-","commented-out / in /* */ block","//		CConsoleMessage::GetInstance()->Write( _T(""ERROR:DaumUserCheck can't get info UserID from UserTemp"") );"
"DEAD","printf","Lib_Network\s_COdbcUserCheck.cpp","228","-","commented-out / in /* */ block","//_snprintf( szTemp, 256, ""{call daum_user_verify('%s','%s',%d,%d,?)}"", szKorUserID, szUserIP, nSvrGrp, nSvrNum );"
"DEAD","concat/stream","Lib_Network\s_COdbcUserCheck.cpp","266","-","commented-out / in /* */ block","//strTemp << ""{call excite_user_verify("";"
"DEAD","printf","Lib_Network\s_COdbcUserCheck.cpp","278","-","commented-out / in /* */ block","//_snprintf( szTemp, 512, ""{call excite_user_verify('%s','%s',%d,%d,?)}"", szUserID, szUserIP, nSvrGrp, nSvrNum );"
"DEAD","printf","Lib_Network\s_COdbcUserCheck.cpp","315","-","commented-out / in /* */ block","//_snprintf( szTemp, 512, ""{call Japan_user_verify('%s','%s',%d,%d,%d,?)}"", szUserID, szUserIP, nSvrGrp, nSvrNum, nUserN"
"DEAD","concat/stream","Lib_Network\s_COdbcUserCheck.cpp","372","-","commented-out / in /* */ block","//strTemp << ""{call user_verify("";"
"DEAD","printf","Lib_Network\s_COdbcUserCheck.cpp","388","-","commented-out / in /* */ block","//_snprintf( szTemp, 512, ""{call user_verify('%s','%s','%s',%d,%d,'%s','%s',?)}"", strUserID.GetString(), strPasswd.GetSt"
"DEAD","concat/stream","Lib_Network\s_COdbcUserCheck.cpp","432","-","commented-out / in /* */ block","//strTemp << ""{call thai_user_verify("";"
"DEAD","printf","Lib_Network\s_COdbcUserCheck.cpp","444","-","commented-out / in /* */ block","//_snprintf( szTemp, 512, ""{call thai_user_verify('%s','%s','%s',%d,%d,?)}"", strUserID.GetString(), strPasswd.GetString("
"DEAD","concat/stream","Lib_Network\s_COdbcUserCheck.cpp","488","-","commented-out / in /* */ block","//strTemp << ""SELECT UserID, UserIP, LoginDate "";"
"DEAD","concat/stream","Lib_Network\s_COdbcUserCheck.cpp","489","-","commented-out / in /* */ block","//strTemp << ""FROM UserTemp WHERE GUID = '"";"
"DEAD","printf","Lib_Network\s_COdbcUserCheck.cpp","495","-","commented-out / in /* */ block","//_snprintf( szTemp, 256, ""SELECT UserID, UserIP, LoginDate FROM UserTemp WHERE GUID = '%s'"", szUUID );"
"DEAD","concat/stream","Lib_Network\s_COdbcUserCheck.cpp","638","-","commented-out / in /* */ block","//strTemp3 << ""{call gsp_user_verify("";"
"DEAD","printf","Lib_Network\s_COdbcUserCheck.cpp","649","-","commented-out / in /* */ block","//_snprintf( szTemp, 256, ""{call gsp_user_verify('%s','%s',%d,%d,?)}"", szGspUserID2, szUserIP, nSvrGrp, nSvrNum );"
"DEAD","concat/stream","Lib_Network\s_COdbcUserCheck.cpp","696","-","commented-out / in /* */ block","//strTemp << ""SELECT TLoginName "";"
"DEAD","concat/stream","Lib_Network\s_COdbcUserCheck.cpp","697","-","commented-out / in /* */ block","//strTemp << ""FROM TempUser WHERE UTid = '"";"
"DEAD","printf","Lib_Network\s_COdbcUserCheck.cpp","703","-","commented-out / in /* */ block","//_snprintf( szTemp, 256, ""SELECT TLoginName FROM TempUser WHERE UTid = '%s'"", szTerraDecodedTID );"
"DEAD","concat/stream","Lib_Network\s_COdbcUserCheck.cpp","710","-","commented-out / in /* */ block","//strTemp << ""SELECT LoginID "";"
"DEAD","concat/stream","Lib_Network\s_COdbcUserCheck.cpp","711","-","commented-out / in /* */ block","//strTemp << ""FROM TempUser WHERE TKeyUser = '"";"
"DEAD","printf","Lib_Network\s_COdbcUserCheck.cpp","717","-","commented-out / in /* */ block","//_snprintf( szTemp, 256, ""SELECT LoginID FROM TempUser WHERE TKeyUser = '%s'"", szTerraDecodedTID );"
"DEAD","concat/stream","Lib_Network\s_COdbcUserCheck.cpp","838","-","commented-out / in /* */ block","strTemp2 << ""SELECT TGender, TIcNo, TDOB "";"
"DEAD","concat/stream","Lib_Network\s_COdbcUserCheck.cpp","839","-","commented-out / in /* */ block","strTemp2 << ""FROM T_Member WHERE TLoginName = '"";"
"DEAD","comment-text","Lib_Network\s_COdbcUserCheck.cpp","902","-","commented-out / in /* */ block","_T(""ERROR:TerraUserCheck can't get info TGender,TIcNo,TDOB from T_Member""));"
"DEAD","concat/stream","Lib_Network\s_COdbcUserCheck.cpp","909","-","commented-out / in /* */ block","strTemp3 << ""{call terra_user_verify("";"
"DEAD","concat/stream","Lib_Network\s_COdbcUserCheck.cpp","922","-","commented-out / in /* */ block","//strTemp3 << ""{call terra_user_verify("";"
"DEAD","printf","Lib_Network\s_COdbcUserCheck.cpp","937","-","commented-out / in /* */ block","//_snprintf( szTemp, 256, ""{call terra_user_verify('%s','X','X','X','%s',%d,%d,?)}"", szTerraLoginName, szUsrIP, nSvrGrp,"
"DEAD","printf","Lib_Network\s_COdbcUserCheck.cpp","991","-","commented-out / in /* */ block","//_snprintf( szTemp, 512, ""{call gs_user_verify('%s','%s','%s',%d,%d,?)}"", strUserID.GetString(), strPasswd.GetString(),"
"DEAD","printf","Lib_Network\s_COdbcUserCheck.cpp","1030","-","commented-out / in /* */ block","//_snprintf( szTemp, 128, ""{call daum_user_passcheck('%s','%s',%d,?)}"", szDaumGID, szDaumPasswd, nCheckFlag );"
"DEAD","printf","Lib_Network\s_COdbcUserCheck.cpp","1066","-","commented-out / in /* */ block","//_snprintf( szTemp, 128, ""{call terra_user_passcheck('%s','%s',%d,?)}"", szTID, szPasswd, nCheckFlag );"
"DEAD","printf","Lib_Network\s_COdbcUserCheck.cpp","1101","-","commented-out / in /* */ block","//_snprintf( szTemp, 128, ""{call excite_user_passcheck('%s','%s','%s',%d,?)}"", szUID, szUserID,szPasswd, nCheckFlag );"
"DEAD","printf","Lib_Network\s_COdbcUserCheck.cpp","1147","-","commented-out / in /* */ block","//_snprintf( szTemp, 256, ""SELECT CC_CLASS FROM TB_CC_IP WHERE CC_IP='%s'"", szUsrIP );"
"DEAD","printf","Lib_Network\s_COdbcUserCheck.cpp","1284","-","commented-out / in /* */ block","//_snprintf( szTemp, 256, ""SELECT CC_CLASS FROM TB_CC_IP WHERE CC_IP='%s'"", szUsrIP );"
"FALSE_POSITIVE","printf","Lib_Network\s_COdbcUserGetUserInfo.cpp","31","-","literal-only SQL (no interpolation): SELECT UserNum, UserID, LastLoginDate  | exec:Y;esc:N","_snprintf( szTemp, 256, ""SELECT UserNum, UserID, LastLoginDate """
"FALSE_POSITIVE","printf","Lib_Network\s_COdbcUserGetUserInfo.cpp","109","-","literal-only SQL (no interpolation): SELECT UserNum, UserType, PremiumDate, ChaRemain,  | exec:Y;esc:N","_snprintf( szTemp, 256, ""SELECT UserNum, UserType, PremiumDate, ChaRemain, """
"FALSE_POSITIVE","printf","Lib_Network\s_COdbcUserGetUserInfo.cpp","193","-","numeric-only dynamic SQL (not injectable): Exec sp_Extreme %d | exec:Y;esc:N","_snprintf( szTemp, 256, ""Exec sp_Extreme %d"", nUserNum );"
"FALSE_POSITIVE","printf","Lib_Network\s_COdbcUserGetUserInfo.cpp","283","-","literal-only SQL (no interpolation): SELECT UserNum, UserType, PremiumDate, ChaRemain,  | exec:Y;esc:N","_snprintf( szTemp, 256, ""SELECT UserNum, UserType, PremiumDate, ChaRemain, """
"FALSE_POSITIVE","printf","Lib_Network\s_COdbcUserGetUserInfo.cpp","289","-","literal-only SQL (no interpolation): SELECT UserNum, UserType, PremiumDate, ChaRemain,  | exec:Y;esc:N","_snprintf( szTemp, 256, ""SELECT UserNum, UserType, PremiumDate, ChaRemain, """
"FALSE_POSITIVE","printf","Lib_Network\s_COdbcUserGetUserInfo.cpp","297","-","literal-only SQL (no interpolation): SELECT UserNum, UserType, UserType2, PremiumDate,  | exec:Y;esc:N","_snprintf( szTemp, 256, ""SELECT UserNum, UserType, UserType2, PremiumDate, ChaRemain, """
"FALSE_POSITIVE","printf","Lib_Network\s_COdbcUserGetUserInfo.cpp","478","-","numeric-only dynamic SQL (not injectable): Exec sp_Extreme %d | exec:Y;esc:N","_snprintf( szTemp, 256, ""Exec sp_Extreme %d"", nUserNum );"
"FALSE_POSITIVE","printf","Lib_Network\s_COdbcUserGetUserInfo.cpp","531","-","numeric-only dynamic SQL (not injectable): SELECT ChaLevel FROM ChaInfo Where UserNum='%d' an | exec:Y;esc:N","_snprintf( szTemp, 512, ""SELECT ChaLevel FROM ChaInfo Where UserNum='%d' and ChaDeleted = 0"", nUserNum );"
"FALSE_POSITIVE","printf","Lib_Network\s_COdbcUserGetUserInfo.cpp","600","-","literal-only SQL (no interpolation): SELECT UserNum, UserType, PremiumDate, ChaRemain,  | exec:Y;esc:N","_snprintf( szTemp, 256, ""SELECT UserNum, UserType, PremiumDate, ChaRemain, """
"FALSE_POSITIVE","printf","Lib_Network\s_COdbcUserGetUserInfo.cpp","683","-","numeric-only dynamic SQL (not injectable): Exec sp_Extreme %d | exec:Y;esc:N","_snprintf( szTemp, 256, ""Exec sp_Extreme %d"", nUserNum );"
"VULNERABLE","printf","Lib_Network\s_COdbcUserGetUserInfo.cpp","744","HIGH","SELECT CheckFlag FROM DaumUserInfo WHERE UserGID=' | exec:Y;esc:N | interp:%s-family","_snprintf( szTemp, 256, ""SELECT CheckFlag FROM DaumUserInfo WHERE UserGID='%s'"", szGID );"
"FALSE_POSITIVE","printf","Lib_Network\s_COdbcUserGetUserInfo.cpp","818","-","literal-only SQL (no interpolation): SELECT UserNum, UserType, PremiumDate, ChaRemain,  | exec:Y;esc:N","_snprintf( szTemp, 256, ""SELECT UserNum, UserType, PremiumDate, ChaRemain, ChaTestRemain, ChatBlockDate """
"FALSE_POSITIVE","printf","Lib_Network\s_COdbcUserGetUserInfo.cpp","914","-","literal-only SQL (no interpolation): SELECT UserNum, UserType, PremiumDate, ChaRemain,  | exec:Y;esc:N","_snprintf( szTemp, 256, ""SELECT UserNum, UserType, PremiumDate, ChaRemain, """
"FALSE_POSITIVE","printf","Lib_Network\s_COdbcUserGetUserInfo.cpp","920","-","literal-only SQL (no interpolation): SELECT UserNum, UserType, PremiumDate, ChaRemain,  | exec:Y;esc:N","_snprintf( szTemp, 256, ""SELECT UserNum, UserType, PremiumDate, ChaRemain, ChaTestRemain, ChatBlockDate """
"FALSE_POSITIVE","printf","Lib_Network\s_COdbcUserGetUserInfo.cpp","1057","-","numeric-only dynamic SQL (not injectable): Exec sp_Extreme %d | exec:Y;esc:N","_snprintf( szTemp, 256, ""Exec sp_Extreme %d"", nUserNum );"
"FALSE_POSITIVE","printf","Lib_Network\s_COdbcUserGetUserInfo.cpp","1195","-","literal-only SQL (no interpolation): SELECT UserNum, UserType, PremiumDate, ChaRemain,  | exec:Y;esc:N","_snprintf( szTemp, 256, ""SELECT UserNum, UserType, PremiumDate, ChaRemain, ChaTestRemain, ChatBlockDate """
"FALSE_POSITIVE","printf","Lib_Network\s_COdbcUserGetUserInfo.cpp","1272","-","literal-only SQL (no interpolation): SELECT CheckFlag FROM  | exec:Y;esc:N","_snprintf( szTemp, 256, ""SELECT CheckFlag FROM """
"FALSE_POSITIVE","printf","Lib_Network\s_COdbcUserGetUserInfo.cpp","1338","-","literal-only SQL (no interpolation): SELECT UserNum, UserType, PremiumDate, ChaRemain,  | exec:Y;esc:N","_snprintf( szTemp, 256, ""SELECT UserNum, UserType, PremiumDate, ChaRemain, ChaTestRemain, ChatBlockDate """
"FALSE_POSITIVE","printf","Lib_Network\s_COdbcUserGetUserInfo.cpp","1413","-","numeric-only dynamic SQL (not injectable): Exec sp_Extreme %d | exec:Y;esc:N","_snprintf( szTemp, 256, ""Exec sp_Extreme %d"", nUserNum );"
"FALSE_POSITIVE","printf","Lib_Network\s_COdbcUserGetUserInfo.cpp","1485","-","literal-only SQL (no interpolation): SELECT UserNum, UserType, PremiumDate, ChaRemain,  | exec:Y;esc:N","_snprintf( szTemp, 256, ""SELECT UserNum, UserType, PremiumDate, ChaRemain, """
"FALSE_POSITIVE","printf","Lib_Network\s_COdbcUserGetUserInfo.cpp","1566","-","numeric-only dynamic SQL (not injectable): Exec sp_Extreme %d | exec:Y;esc:N","_snprintf( szTemp, 256, ""Exec sp_Extreme %d"", nUserNum );"
"PARAMETERIZED","printf","Lib_Network\s_COdbcUserGetUserInfo.cpp","1630","-","placeholder stmt: {call Thai_GetGameTime(%d,?)} | exec:Y;esc:N","_snprintf( szTemp, 128, ""{call Thai_GetGameTime(%d,?)}"", nUserNum );"
"DEAD","concat/stream","Lib_Network\s_COdbcUserGetUserInfo.cpp","23","-","commented-out / in /* */ block","//strTemp << ""SELECT UserNum, UserID, LastLoginDate "";"
"DEAD","concat/stream","Lib_Network\s_COdbcUserGetUserInfo.cpp","24","-","commented-out / in /* */ block","//strTemp << ""FROM UserInfo WITH (NOLOCK) WHERE UserID = '"";"
"DEAD","concat/stream","Lib_Network\s_COdbcUserGetUserInfo.cpp","105","-","commented-out / in /* */ block","//strTemp << ""SELECT UserNum, UserType, PremiumDate, ChaRemain, ChaTestRemain, ChatBlockDate, UserThaiFlag FROM UserInfo"
"DEAD","concat/stream","Lib_Network\s_COdbcUserGetUserInfo.cpp","189","-","commented-out / in /* */ block","//strTemp1 << ""Exec sp_Extreme "";"
"DEAD","concat/stream","Lib_Network\s_COdbcUserGetUserInfo.cpp","271","-","commented-out / in /* */ block","//strTemp << ""SELECT UserNum, UserType, PremiumDate, ChaRemain, ChaTestRemain, ChatBlockDate FROM UserInfo WHERE UserID="
"DEAD","printf","Lib_Network\s_COdbcUserGetUserInfo.cpp","303","-","commented-out / in /* */ block","_snprintf( szTemp, 256, ""SELECT UserNum, UserType, PremiumDate, ChaRemain, """
"DEAD","comment-text","Lib_Network\s_COdbcUserGetUserInfo.cpp","304","-","commented-out / in /* */ block","""ChaTestRemain, ChatBlockDate FROM UserInfo WHERE UserID='%s'"","
"DEAD","concat/stream","Lib_Network\s_COdbcUserGetUserInfo.cpp","474","-","commented-out / in /* */ block","//strTemp1 << ""Exec sp_Extreme "";"
"DEAD","concat/stream","Lib_Network\s_COdbcUserGetUserInfo.cpp","596","-","commented-out / in /* */ block","//strTemp << ""SELECT UserNum, UserType, PremiumDate, ChaRemain, ChaTestRemain, ChatBlockDate FROM DaumUserInfo WHERE Use"
"DEAD","concat/stream","Lib_Network\s_COdbcUserGetUserInfo.cpp","679","-","commented-out / in /* */ block","//strTemp1 << ""Exec sp_Extreme "";"
"DEAD","concat/stream","Lib_Network\s_COdbcUserGetUserInfo.cpp","740","-","commented-out / in /* */ block","//strTemp2 << ""SELECT CheckFlag FROM "";"
"DEAD","concat/stream","Lib_Network\s_COdbcUserGetUserInfo.cpp","741","-","commented-out / in /* */ block","//strTemp2 << ""DaumUserInfo WHERE UserUID='"" << szUID << ""'"";"
"DEAD","concat/stream","Lib_Network\s_COdbcUserGetUserInfo.cpp","813","-","commented-out / in /* */ block","//strTemp << ""SELECT UserNum, UserType, PremiumDate, ChaRemain, ChaTestRemain, ChatBlockDate "";"
"DEAD","concat/stream","Lib_Network\s_COdbcUserGetUserInfo.cpp","814","-","commented-out / in /* */ block","//strTemp << ""FROM GspUserInfo WHERE UserID='"" << szUserID << ""'"";"
"DEAD","concat/stream","Lib_Network\s_COdbcUserGetUserInfo.cpp","903","-","commented-out / in /* */ block","//strTemp << ""SELECT UserNum, UserType, PremiumDate, ChaRemain, ChaTestRemain, ChatBlockDate "";"
"DEAD","concat/stream","Lib_Network\s_COdbcUserGetUserInfo.cpp","904","-","commented-out / in /* */ block","//strTemp << ""FROM TerraUserInfo WHERE TLoginName='"" << szTLoginName << ""'"";"
"DEAD","concat/stream","Lib_Network\s_COdbcUserGetUserInfo.cpp","1053","-","commented-out / in /* */ block","//strTemp1 << ""Exec sp_Extreme "";"
"DEAD","concat/stream","Lib_Network\s_COdbcUserGetUserInfo.cpp","1114","-","commented-out / in /* */ block","//strTemp1 << ""SELECT CheckFlag FROM "";"
"DEAD","concat/stream","Lib_Network\s_COdbcUserGetUserInfo.cpp","1115","-","commented-out / in /* */ block","//strTemp1 << ""TerraUserInfo WHERE TLoginName='"" << szTLoginName << ""'"";"
"DEAD","printf","Lib_Network\s_COdbcUserGetUserInfo.cpp","1118","-","commented-out / in /* */ block","_snprintf( szTemp, 256, ""SELECT CheckFlag FROM """
"DEAD","comment-text","Lib_Network\s_COdbcUserGetUserInfo.cpp","1119","-","commented-out / in /* */ block","""TerraUserInfo WHERE TLoginName='%s'"","
"DEAD","concat/stream","Lib_Network\s_COdbcUserGetUserInfo.cpp","1190","-","commented-out / in /* */ block","//strTemp << ""SELECT UserNum, UserType, PremiumDate, ChaRemain, ChaTestRemain, ChatBlockDate "";"
"DEAD","concat/stream","Lib_Network\s_COdbcUserGetUserInfo.cpp","1191","-","commented-out / in /* */ block","//strTemp << ""FROM ExciteUserInfo WHERE UserID='"" << szUserID << ""'"";"
"DEAD","concat/stream","Lib_Network\s_COdbcUserGetUserInfo.cpp","1481","-","commented-out / in /* */ block","//strTemp << ""SELECT UserNum, UserType, PremiumDate, ChaRemain, ChaTestRemain, ChatBlockDate FROM UserInfo WHERE UserID="
"DEAD","concat/stream","Lib_Network\s_COdbcUserGetUserInfo.cpp","1562","-","commented-out / in /* */ block","//strTemp1 << ""Exec sp_Extreme "";"
"DEAD","concat/stream","Lib_Network\s_COdbcUserGetUserInfo.cpp","1625","-","commented-out / in /* */ block","//strTemp << ""{call Thai_GetGameTime("";"
"ESCAPED","printf","Lib_Network\s_COdbcUserRegister.cpp","33","MEDIUM","{call user_register('%s','%s','%s','%s','%s', %d,  | exec:Y;esc:Y | interp:%s-family","_snprintf( szTemp, 1024, ""{call user_register('%s','%s','%s','%s','%s', %d, %d,?)}"","
"VULNERABLE","printf","Lib_Network\s_OdbcGameVehicle.cpp","32","HIGH","{call sp_InsertVehicle('%s',%d,%d,%d,%d,?)} | exec:Y;esc:N | interp:%s-family","_snprintf( szTemp, 128, ""{call sp_InsertVehicle('%s',%d,%d,%d,%d,?)}"","
"PARAMETERIZED","printf","Lib_Network\s_OdbcGameVehicle.cpp","58","-","placeholder stmt: {call sp_UpdateVehicleBooster(%d,%d,%d,?)} | exec:Y;esc:N","_snprintf( szTemp, 128, ""{call sp_UpdateVehicleBooster(%d,%d,%d,?)}"", nVehicleNum, nCharNum, bBooster );"
"PARAMETERIZED","printf","Lib_Network\s_OdbcGameVehicle.cpp","82","-","placeholder stmt: {call sp_UpdateVehicleBattery(%d,%d,%d,?)} | exec:Y;esc:N","_snprintf( szTemp, 128, ""{call sp_UpdateVehicleBattery(%d,%d,%d,?)}"", nVehicleNum, nCharNum, nVehicleBttery );"
"PARAMETERIZED","printf","Lib_Network\s_OdbcGameVehicle.cpp","92","-","placeholder stmt: {call sp_GetVehicleBattery(%d,%d,?)} | exec:Y;esc:N","_snprintf( szTemp, 128, ""{call sp_GetVehicleBattery(%d,%d,?)}"", nVehicleNum, nCharNum );"
"PARAMETERIZED","printf","Lib_Network\s_OdbcGameVehicle.cpp","112","-","placeholder stmt: {call sp_DeleteVehicle(%d, %d,?)} | exec:Y;esc:N","_snprintf( szTemp, 128, ""{call sp_DeleteVehicle(%d, %d,?)}"", nVehicle, nCharNum );"
"FALSE_POSITIVE","printf","Lib_Network\s_OdbcGameVehicle.cpp","139","-","numeric-only dynamic SQL (not injectable): Exec sp_SelectVehicle %d,%d | exec:Y;esc:N","_snprintf( szTemp, 256, ""Exec sp_SelectVehicle %d,%d"", nVehicleNum, nCharNum );"
"PARAMETERIZED","concat/stream","Lib_Network\s_OdbcGameVehicle.cpp","278","-","placeholder stmt: UPDATE VehicleInfo SET VehicleInfo.VehiclePutOnIte | exec:N;esc:N","strnVehicleInven << _T(""UPDATE VehicleInfo SET VehicleInfo.VehiclePutOnItems=?"");"
"FALSE_POSITIVE","concat/stream","Lib_Network\s_OdbcGameVehicle.cpp","279","-","literal-only SQL (no interpolation):  WHERE (VehicleNum= | exec:N;esc:N","strnVehicleInven <<"" WHERE (VehicleNum="" <<  nVehicle << "") And( VehicleChaNum=""<< nCharNum << "")"";"
"PARAMETERIZED","concat/stream","Lib_Network\s_OdbcGameVehicle.cpp","334","-","placeholder stmt: UPDATE VehicleInfo SET VehicleInfo.VehicleColor=? | exec:N;esc:N","strnVehicleColor << _T(""UPDATE VehicleInfo SET VehicleInfo.VehicleColor=?"");"
"FALSE_POSITIVE","concat/stream","Lib_Network\s_OdbcGameVehicle.cpp","335","-","literal-only SQL (no interpolation):  WHERE (VehicleNum= | exec:N;esc:N","strnVehicleColor <<"" WHERE (VehicleNum="" <<  nVehicle << "") And( VehicleChaNum=""<< nCharNum << "")"";"
"FALSE_POSITIVE","printf","GMTool\Logic\GMToolOdbcChar.cpp","33","-","numeric-only dynamic SQL (not injectable): SELECT ChaNum, ChaName, ChaClass, ChaSchool, ChaLe | exec:Y;esc:N","_snprintf( szTemp, 1024, ""SELECT ChaNum, ChaName, ChaClass, ChaSchool, ChaLevel, ChaDeleted FROM ChaInfo WITH (NOLOCK) W"
"FALSE_POSITIVE","printf","GMTool\Logic\GMToolOdbcChar.cpp","194","-","numeric-only dynamic SQL (not injectable): SELECT UserNum, ChaNum, ChaName, ChaClass, ChaScho | exec:N;esc:N","_snprintf( szTemp, 1024, ""SELECT UserNum, ChaNum, ChaName, ChaClass, ChaSchool, ChaLevel, ChaOnline, ChaDeleted FROM Cha"
"FALSE_POSITIVE","printf","GMTool\Logic\GMToolOdbcChar.cpp","198","-","numeric-only dynamic SQL (not injectable): SELECT TOP %d UserNum, ChaNum, ChaName, ChaClass,  | exec:N;esc:N","_snprintf( szTemp, 1024, ""SELECT TOP %d UserNum, ChaNum, ChaName, ChaClass, ChaSchool, ChaLevel, ChaOnline, ChaDeleted F"
"FALSE_POSITIVE","printf","GMTool\Logic\GMToolOdbcChar.cpp","217","-","numeric-only dynamic SQL (not injectable): SELECT UserNum, ChaNum, ChaName, ChaClass, ChaScho | exec:N;esc:N","_snprintf( szTemp, 1024, ""SELECT UserNum, ChaNum, ChaName, ChaClass, ChaSchool, ChaLevel, ChaOnline, ChaDeleted FROM Cha"
"FALSE_POSITIVE","printf","GMTool\Logic\GMToolOdbcChar.cpp","220","-","numeric-only dynamic SQL (not injectable): SELECT TOP %d UserNum, ChaNum, ChaName, ChaClass,  | exec:N;esc:N","_snprintf( szTemp, 1024, ""SELECT TOP %d UserNum, ChaNum, ChaName, ChaClass, ChaSchool, ChaLevel, ChaOnline, ChaDeleted F"
"VULNERABLE","printf","GMTool\Logic\GMToolOdbcChar.cpp","240","MEDIUM(no-exec-in-window)","SELECT UserNum, ChaNum, ChaName, ChaClass, ChaScho | exec:N;esc:N | interp:%s-family","_snprintf( szTemp, 1024, ""SELECT UserNum, ChaNum, ChaName, ChaClass, ChaSchool, ChaLevel, ChaOnline, ChaDeleted FROM Cha"
"VULNERABLE","printf","GMTool\Logic\GMToolOdbcChar.cpp","244","MEDIUM(no-exec-in-window)","SELECT TOP %d UserNum, ChaNum, ChaName, ChaClass,  | exec:N;esc:N | interp:%s-family","_snprintf( szTemp, 1024, ""SELECT TOP %d UserNum, ChaNum, ChaName, ChaClass, ChaSchool, ChaLevel, ChaOnline, ChaDeleted F"
"FALSE_POSITIVE","printf","GMTool\Logic\GMToolOdbcChar.cpp","261","-","literal-only SQL (no interpolation): SELECT UserNum, ChaNum, ChaName, ChaClass, ChaScho | exec:Y;esc:N","_snprintf( szTemp, 1024, ""SELECT UserNum, ChaNum, ChaName, ChaClass, ChaSchool, ChaLevel, ChaOnline, ChaDeleted FROM Cha"
"FALSE_POSITIVE","printf","GMTool\Logic\GMToolOdbcChar.cpp","264","-","numeric-only dynamic SQL (not injectable): SELECT TOP %d UserNum, ChaNum, ChaName, ChaClass,  | exec:Y;esc:N","_snprintf( szTemp, 1024, ""SELECT TOP %d UserNum, ChaNum, ChaName, ChaClass, ChaSchool, ChaLevel, ChaOnline, ChaDeleted F"
"FALSE_POSITIVE","printf","GMTool\Logic\GMToolOdbcChar.cpp","274","-","literal-only SQL (no interpolation): SELECT UserNum, ChaNum, ChaName, ChaClass, ChaScho | exec:Y;esc:N","_snprintf( szTemp, 1024, ""SELECT UserNum, ChaNum, ChaName, ChaClass, ChaSchool, ChaLevel, ChaOnline, ChaDeleted FROM Cha"
"FALSE_POSITIVE","printf","GMTool\Logic\GMToolOdbcChar.cpp","288","-","numeric-only dynamic SQL (not injectable): SELECT ChaOnline FROM ChaInfo WITH (NOLOCK) WHERE  | exec:Y;esc:N","_snprintf( szTemp, 1024, ""SELECT ChaOnline FROM ChaInfo WITH (NOLOCK) WHERE ChaNum = %d "",  nCHANUM );"
"FALSE_POSITIVE","printf","GMTool\Logic\GMToolOdbcChar.cpp","342","-","numeric-only dynamic SQL (not injectable): UPDATE ChaInfo SET ChaDeleted = %d WHERE ChaNum= % | exec:Y;esc:N","_snprintf( szTemp, 512, ""UPDATE ChaInfo SET ChaDeleted = %d WHERE ChaNum= %u"", bDeleted, nCHANUM );"
"FALSE_POSITIVE","printf","GMTool\Logic\GMToolOdbcChar.cpp","359","-","numeric-only dynamic SQL (not injectable): UPDATE ChaInfo SET ChaOnline = %d WHERE ChaNum= %u | exec:Y;esc:N","_snprintf( szTemp, 512, ""UPDATE ChaInfo SET ChaOnline = %d WHERE ChaNum= %u"", bOnline, nCHANUM );"
"VULNERABLE","printf","GMTool\Logic\GMToolOdbcChar.cpp","379","HIGH","SELECT ChaNum FROM ChaInfo WITH (NOLOCK) WHERE Cha | exec:Y;esc:N | interp:%s-family","_snprintf( szTemp, 1024, ""SELECT ChaNum FROM ChaInfo WITH (NOLOCK) WHERE ChaName = '%s' "",  strCHANAME.c_str() );"
"FALSE_POSITIVE","printf","GMTool\Logic\GMToolOdbcCharCopy.cpp","42","-","literal-only SQL (no interpolation): INSERT INTO ChaInfo(UserNum, SGNum, ChaName, ChaTr | exec:N;esc:N","_snprintf( szTemp, 2048, ""INSERT INTO ChaInfo(UserNum, SGNum, ChaName, ChaTribe, ChaClass, """
"PARAMETERIZED","printf","GMTool\Logic\GMToolOdbcCharCopy.cpp","207","-","placeholder stmt: UPDATE ChaInfo SET ChaInfo.ChaSkills=? WHERE (ChaN | exec:N;esc:N","_snprintf( szTemp, 128, ""UPDATE ChaInfo SET ChaInfo.ChaSkills=? WHERE (ChaNum=%d)"", nChaNewNum );"
"PARAMETERIZED","printf","GMTool\Logic\GMToolOdbcCharCopy.cpp","218","-","placeholder stmt: UPDATE ChaInfo SET ChaInfo.ChaSkillSlot=? WHERE (C | exec:N;esc:N","_snprintf( szTemp, 128, ""UPDATE ChaInfo SET ChaInfo.ChaSkillSlot=? WHERE (ChaNum=%d)"", nChaNewNum );"
"PARAMETERIZED","printf","GMTool\Logic\GMToolOdbcCharCopy.cpp","229","-","placeholder stmt: UPDATE ChaInfo SET ChaInfo.ChaActionSlot=? WHERE ( | exec:N;esc:N","_snprintf( szTemp, 128, ""UPDATE ChaInfo SET ChaInfo.ChaActionSlot=? WHERE (ChaNum=%d)"", nChaNewNum );"
"PARAMETERIZED","printf","GMTool\Logic\GMToolOdbcCharCopy.cpp","240","-","placeholder stmt: UPDATE ChaInfo SET ChaInfo.ChaPutOnItems=? WHERE ( | exec:N;esc:N","_snprintf( szTemp, 128, ""UPDATE ChaInfo SET ChaInfo.ChaPutOnItems=? WHERE (ChaNum=%d)"", nChaNewNum );"
"PARAMETERIZED","printf","GMTool\Logic\GMToolOdbcCharCopy.cpp","252","-","placeholder stmt: UPDATE ChaInfo SET ChaInfo.ChaInven=? WHERE (ChaNu | exec:N;esc:N","_snprintf( szTemp, 128, ""UPDATE ChaInfo SET ChaInfo.ChaInven=? WHERE (ChaNum=%d)"", nChaNewNum );"
"PARAMETERIZED","printf","GMTool\Logic\GMToolOdbcCharCopy.cpp","263","-","placeholder stmt: UPDATE ChaInfo SET ChaInfo.ChaQuest=? WHERE (ChaNu | exec:N;esc:N","_snprintf( szTemp, 128, ""UPDATE ChaInfo SET ChaInfo.ChaQuest=? WHERE (ChaNum=%d)"", nChaNewNum );"
"PARAMETERIZED","printf","GMTool\Logic\GMToolOdbcCharCopy.cpp","274","-","placeholder stmt: UPDATE ChaInfo SET ChaInfo.ChaCoolTime=? WHERE (Ch | exec:N;esc:N","_snprintf( szTemp, 128, ""UPDATE ChaInfo SET ChaInfo.ChaCoolTime=? WHERE (ChaNum=%d)"", nChaNewNum );"
"PARAMETERIZED","printf","GMTool\Logic\GMToolOdbcCharCopy.cpp","285","-","placeholder stmt: UPDATE ChaInfo SET ChaInfo.ChaItemFood=? WHERE (Ch | exec:N;esc:N","_snprintf( szTemp, 128, ""UPDATE ChaInfo SET ChaInfo.ChaItemFood=? WHERE (ChaNum=%d)"", nChaNewNum );"
"PARAMETERIZED","printf","GMTool\Logic\GMToolOdbcCharCopy.cpp","296","-","placeholder stmt: UPDATE ChaInfo SET ChaInfo.ChaActivity=? WHERE (Ch | exec:N;esc:N","_snprintf( szTemp, 128, ""UPDATE ChaInfo SET ChaInfo.ChaActivity=? WHERE (ChaNum=%d)"", nChaNewNum );"
"PARAMETERIZED","printf","GMTool\Logic\GMToolOdbcCharCopy.cpp","307","-","placeholder stmt: UPDATE ChaInfo SET ChaInfo.ChaCodex=? WHERE (ChaNu | exec:N;esc:N","_snprintf( szTemp, 128, ""UPDATE ChaInfo SET ChaInfo.ChaCodex=? WHERE (ChaNum=%d)"", nChaNewNum );"
"FALSE_POSITIVE","printf","GMTool\Logic\GMToolOdbcCharSave.cpp","57","-","numeric-only dynamic SQL (not injectable): UPDATE ChaInfo SET ChaBright=%d, ChaLevel=%u, ChaM | exec:N;esc:Y","_snprintf( szTemp, 1024, ""UPDATE ChaInfo SET ChaBright=%d, ChaLevel=%u, ChaMoney=%I64d, """
"PARAMETERIZED","printf","GMTool\Logic\GMToolOdbcCharSave.cpp","142","-","placeholder stmt: UPDATE ChaInfo SET ChaInfo.ChaSkills=? WHERE (ChaN | exec:N;esc:N","_snprintf( szTemp, 128, ""UPDATE ChaInfo SET ChaInfo.ChaSkills=? WHERE (ChaNum=%u)"", dwChaNum );"
"PARAMETERIZED","printf","GMTool\Logic\GMToolOdbcCharSave.cpp","154","-","placeholder stmt: UPDATE ChaInfo SET ChaInfo.ChaSkillSlot=? WHERE (C | exec:N;esc:N","_snprintf( szTemp, 128, ""UPDATE ChaInfo SET ChaInfo.ChaSkillSlot=? WHERE (ChaNum=%u)"", dwChaNum );"
"PARAMETERIZED","printf","GMTool\Logic\GMToolOdbcCharSave.cpp","166","-","placeholder stmt: UPDATE ChaInfo SET ChaInfo.ChaActionSlot=? WHERE ( | exec:N;esc:N","_snprintf( szTemp, 128, ""UPDATE ChaInfo SET ChaInfo.ChaActionSlot=? WHERE (ChaNum=%u)"", dwChaNum );"
"PARAMETERIZED","printf","GMTool\Logic\GMToolOdbcCharSave.cpp","178","-","placeholder stmt: UPDATE ChaInfo SET ChaInfo.ChaPutOnItems=? WHERE ( | exec:N;esc:N","_snprintf( szTemp, 128, ""UPDATE ChaInfo SET ChaInfo.ChaPutOnItems=? WHERE (ChaNum=%u)"", dwChaNum );"
"PARAMETERIZED","printf","GMTool\Logic\GMToolOdbcCharSave.cpp","191","-","placeholder stmt: UPDATE ChaInfo SET ChaInfo.ChaInven=? WHERE (ChaNu | exec:N;esc:N","_snprintf( szTemp, 128, ""UPDATE ChaInfo SET ChaInfo.ChaInven=? WHERE (ChaNum=%u)"", dwChaNum );"
"PARAMETERIZED","printf","GMTool\Logic\GMToolOdbcCharSave.cpp","203","-","placeholder stmt: UPDATE ChaInfo SET ChaInfo.ChaQuest=? WHERE (ChaNu | exec:N;esc:N","_snprintf( szTemp, 128, ""UPDATE ChaInfo SET ChaInfo.ChaQuest=? WHERE (ChaNum=%u)"", dwChaNum );"
"PARAMETERIZED","printf","GMTool\Logic\GMToolOdbcCharSave.cpp","215","-","placeholder stmt: UPDATE ChaInfo SET ChaInfo.ChaCoolTime=? WHERE (Ch | exec:N;esc:N","_snprintf( szTemp, 128, ""UPDATE ChaInfo SET ChaInfo.ChaCoolTime=? WHERE (ChaNum=%u)"", dwChaNum );"
"PARAMETERIZED","printf","GMTool\Logic\GMToolOdbcCharSave.cpp","227","-","placeholder stmt: UPDATE ChaInfo SET ChaInfo.ChaItemFood=? WHERE (Ch | exec:N;esc:N","_snprintf( szTemp, 128, ""UPDATE ChaInfo SET ChaInfo.ChaItemFood=? WHERE (ChaNum=%u)"", dwChaNum );"
"PARAMETERIZED","printf","GMTool\Logic\GMToolOdbcCharSave.cpp","238","-","placeholder stmt: UPDATE ChaInfo SET ChaInfo.ChaActivity=? WHERE (Ch | exec:N;esc:N","_snprintf( szTemp, 128, ""UPDATE ChaInfo SET ChaInfo.ChaActivity=? WHERE (ChaNum=%u)"", dwChaNum );"
"PARAMETERIZED","printf","GMTool\Logic\GMToolOdbcCharSave.cpp","249","-","placeholder stmt: UPDATE ChaInfo SET ChaInfo.ChaCodex=? WHERE (ChaNu | exec:N;esc:N","_snprintf( szTemp, 128, ""UPDATE ChaInfo SET ChaInfo.ChaCodex=? WHERE (ChaNum=%u)"", dwChaNum );"
"PARAMETERIZED","printf","GMTool\Logic\GMToolOdbcCharUserInven.cpp","29","-","placeholder stmt: {call GetInvenCount(%u,?)} | exec:Y;esc:N","_snprintf( szCheck, 128, ""{call GetInvenCount(%u,?)}"", pCharData2->GetUserID() );"
"PARAMETERIZED","printf","GMTool\Logic\GMToolOdbcCharUserInven.cpp","32","-","placeholder stmt: {call MakeUserInven(%d,%u,?)} | exec:Y;esc:N","_snprintf( szInsert, 128, ""{call MakeUserInven(%d,%u,?)}"", 0, pCharData2->GetUserID() );"
"FALSE_POSITIVE","printf","GMTool\Logic\GMToolOdbcCharUserInven.cpp","68","-","numeric-only dynamic SQL (not injectable): SELECT UserMoney, ChaStorage2, ChaStorage3, ChaSto | exec:Y;esc:N","_snprintf( szTemp, 1024, ""SELECT UserMoney, ChaStorage2, ChaStorage3, ChaStorage4 FROM UserInven WHERE UserNum=%u"", pCha"
"FALSE_POSITIVE","printf","GMTool\Logic\GMToolOdbcCharUserInven.cpp","153","-","numeric-only dynamic SQL (not injectable): SELECT UserInven.UserInven FROM UserInven WHERE Us | exec:Y;esc:N","_snprintf( szTemp, 256, ""SELECT UserInven.UserInven FROM UserInven WHERE UserNum=%u"", dwUserNum );"
"FALSE_POSITIVE","printf","GMTool\Logic\GMToolOdbcCharUserInven.cpp","210","-","literal-only SQL (no interpolation): Update UserInven Set  | exec:Y;esc:N","_snprintf( szTemp, 1024, ""Update UserInven Set """
"PARAMETERIZED","printf","GMTool\Logic\GMToolOdbcCharUserInven.cpp","244","-","placeholder stmt: UPDATE UserInven SET UserInven = ? WHERE UserNum=% | exec:N;esc:N","_snprintf( szTemp, 256, ""UPDATE UserInven SET UserInven = ? WHERE UserNum=%u"", dwUserNum );"
"PARAMETERIZED","SQLBindParameter","GMTool\Logic\GMToolOdbcCharUserInven.cpp","260","-","bound-parameter mechanism","sReturn = ::SQLBindParameter(pConn->hStmt,"
"PARAMETERIZED","SQLBindParameter","GMTool\Logic\GMToolOdbcConn.cpp","228","-","bound-parameter mechanism","sReturn = ::SQLBindParameter( pConn->hStmt, 1, SQL_PARAM_OUTPUT, SQL_C_SLONG, SQL_INTEGER, 0, 0, &nOutput, 0, &nLenBuffe"
"PARAMETERIZED","SQLBindParameter","GMTool\Logic\GMToolOdbcConn.cpp","232","-","bound-parameter mechanism","GMTOOL_LOGS::LogSqlError( ""ERROR:SQLBindParameter"" );"
"PARAMETERIZED","SQLBindParameter","GMTool\Logic\GMToolOdbcConn.cpp","311","-","bound-parameter mechanism","sReturn = ::SQLBindParameter( pConn->hStmt, 1, SQL_PARAM_OUTPUT, SQL_C_SLONG, SQL_INTEGER, 0, 0, &nOutput, 0, &nLenBuffe"
"PARAMETERIZED","SQLBindParameter","GMTool\Logic\GMToolOdbcConn.cpp","315","-","bound-parameter mechanism","GMTOOL_LOGS::LogSqlError( ""ERROR:SQLBindParameter"" );"
"VULNERABLE","printf","GMTool\Logic\GMToolOdbcConn.cpp","347","HIGH","SELECT %s FROM ChaInfo where (ChaNum=%d) | exec:Y;esc:N | interp:%s-family","_snprintf( szTemp, 128, ""SELECT %s FROM ChaInfo where (ChaNum=%d)"", objName, nChaNum );"
"PARAMETERIZED","SQLBindParameter","GMTool\Logic\GMToolOdbcConn.cpp","468","-","bound-parameter mechanism","sReturn = ::SQLBindParameter(pConn->hStmt, 1, SQL_PARAM_INPUT, SQL_C_BINARY, SQL_LONGVARBINARY, nSize, 0, (SQLPOINTER) 2"
"PARAMETERIZED","SQLBindParameter","GMTool\Logic\GMToolOdbcConn.cpp","519","-","bound-parameter mechanism","sReturn = ::SQLBindParameter(pConn->hStmt, 1, SQL_PARAM_INPUT,SQL_C_BINARY, SQL_LONGVARBINARY, nSize, 0, (SQLPOINTER) 2,"
"VULNERABLE","printf","GMTool\Logic\GMToolOdbcConn.cpp","586","HIGH","SELECT %s FROM PetInfo where (PetNum=%d And PetCha | exec:Y;esc:N | interp:%s-family","_snprintf( szTemp, 128, ""SELECT %s FROM PetInfo where (PetNum=%d And PetChaNum=%d)"", objName, nPetNum, nChaNum );"
"VULNERABLE","printf","GMTool\Logic\GMToolOdbcConn.cpp","645","HIGH","SELECT %s FROM VehicleInfo where (VehicleNum=%d) A | exec:Y;esc:N | interp:%s-family","_snprintf( szTemp, 128, ""SELECT %s FROM VehicleInfo where (VehicleNum=%d) And (VehicleChaNum=%d)"", objName, nVehicleNum,"
"FALSE_POSITIVE","printf","GMTool\Logic\GMToolOdbcEquipmentLock.cpp","112","-","numeric-only dynamic SQL (not injectable): SELECT Num, ChaNum, ChaName, ChaEPass, Date FROM C | exec:N;esc:N","_snprintf( szTemp, 1024, ""SELECT Num, ChaNum, ChaName, ChaEPass, Date FROM ChaEquipmentPass WITH (NOLOCK) WHERE ChaNum ="
"FALSE_POSITIVE","printf","GMTool\Logic\GMToolOdbcEquipmentLock.cpp","115","-","numeric-only dynamic SQL (not injectable): SELECT TOP %d Num, ChaNum, ChaName, ChaEPass, Date | exec:N;esc:N","_snprintf( szTemp, 1024, ""SELECT TOP %d Num, ChaNum, ChaName, ChaEPass, Date FROM ChaEquipmentPass WITH (NOLOCK) WHERE C"
"VULNERABLE","printf","GMTool\Logic\GMToolOdbcEquipmentLock.cpp","135","MEDIUM(no-exec-in-window)","SELECT Num, ChaNum, ChaName, ChaEPass, Date FROM C | exec:N;esc:N | interp:%s-family","_snprintf( szTemp, 1024, ""SELECT Num, ChaNum, ChaName, ChaEPass, Date FROM ChaEquipmentPass WITH (NOLOCK) WHERE ChaName "
"VULNERABLE","printf","GMTool\Logic\GMToolOdbcEquipmentLock.cpp","139","HIGH","SELECT TOP %d Num, ChaNum, ChaName, ChaEPass, Date | exec:Y;esc:N | interp:%s-family","_snprintf( szTemp, 1024, ""SELECT TOP %d Num, ChaNum, ChaName, ChaEPass, Date FROM ChaEquipmentPass WITH (NOLOCK) WHERE C"
"VULNERABLE","printf","GMTool\Logic\GMToolOdbcEquipmentLock.cpp","157","HIGH","SELECT Num, ChaNum, ChaName, ChaEPass, Date FROM C | exec:Y;esc:N | interp:%s-family","_snprintf( szTemp, 1024, ""SELECT Num, ChaNum, ChaName, ChaEPass, Date FROM ChaEquipmentPass WITH (NOLOCK) WHERE ChaEPass"
"VULNERABLE","printf","GMTool\Logic\GMToolOdbcEquipmentLock.cpp","161","HIGH","SELECT TOP %d Num, ChaNum, ChaName, ChaEPass, Date | exec:Y;esc:N | interp:%s-family","_snprintf( szTemp, 1024, ""SELECT TOP %d Num, ChaNum, ChaName, ChaEPass, Date FROM ChaEquipmentPass WITH (NOLOCK) WHERE C"
"FALSE_POSITIVE","printf","GMTool\Logic\GMToolOdbcEquipmentLock.cpp","175","-","numeric-only dynamic SQL (not injectable): Delete From ChaEquipmentPass WHERE Num = %d  | exec:Y;esc:N","_snprintf( szTemp, 512, ""Delete From ChaEquipmentPass WHERE Num = %d "", nNUM );"
"FALSE_POSITIVE","printf","GMTool\Logic\GMToolOdbcEquipmentLock.cpp","192","-","numeric-only dynamic SQL (not injectable): Update ChaInfo Set ChaEquipmentLockEnable=0, ChaEq | exec:Y;esc:N","_snprintf( szTemp, 512, ""Update ChaInfo Set ChaEquipmentLockEnable=0, ChaEquipmentLockStatus=0 WHERE ChaNum = %d "", nNUM"
"FALSE_POSITIVE","printf","GMTool\Logic\GMToolOdbcEquipmentLock.cpp","213","-","numeric-only dynamic SQL (not injectable): SELECT Num, ChaNum, ChaName, ChaEPass, Date FROM C | exec:Y;esc:N","_snprintf( szTemp, 1024, ""SELECT Num, ChaNum, ChaName, ChaEPass, Date FROM ChaEquipmentPass WITH (NOLOCK) WHERE Num = %d"
"VULNERABLE","printf","GMTool\Logic\GMToolOdbcEquipmentLock.cpp","301","HIGH","UPDATE ChaEquipmentPass SET ChaNum =%u, ChaName =' | exec:Y;esc:N | interp:%s-family","_snprintf( szTemp, 1024, ""UPDATE ChaEquipmentPass SET ChaNum =%u, ChaName ='%s', ChaEPass ='%s' WHERE Num = %u "","
"ESCAPED","printf","GMTool\Logic\GMToolOdbcEquipmentLock.cpp","341","MEDIUM","{call sp_InsertEquipmentPass(%d,'%s','%s',?)} | exec:Y;esc:Y | interp:%s-family","_snprintf( szTemp, 128, ""{call sp_InsertEquipmentPass(%d,'%s','%s',?)}"", pDATA->dwChaNum, strName.GetString(), strEPin.G"
"VULNERABLE","printf","GMTool\Logic\GMToolOdbcGM.cpp","25","HIGH","SELECT UserNum, UserID, UserType FROM UserInfo WIT | exec:Y;esc:N | interp:%s-family","_snprintf( szTemp, 1024, ""SELECT UserNum, UserID, UserType FROM UserInfo WITH (NOLOCK) WHERE UserID = '%s' AND UserPass "
"VULNERABLE","printf","GMTool\Logic\GMToolOdbcPet.cpp","115","MEDIUM(no-exec-in-window)","SELECT PetNum, PetChaNum, PetName, PetMID, PetSID, | exec:N;esc:N | interp:%s-family","_snprintf( szTemp, 1024, ""SELECT PetNum, PetChaNum, PetName, PetMID, PetSID, PetType FROM PetInfo WITH (NOLOCK) WHERE Pe"
"VULNERABLE","printf","GMTool\Logic\GMToolOdbcPet.cpp","119","MEDIUM(no-exec-in-window)","SELECT TOP %d PetNum, PetChaNum, PetName, PetMID,  | exec:N;esc:N | interp:%s-family","_snprintf( szTemp, 1024, ""SELECT TOP %d PetNum, PetChaNum, PetName, PetMID, PetSID, PetType FROM PetInfo WITH (NOLOCK) W"
"FALSE_POSITIVE","printf","GMTool\Logic\GMToolOdbcPet.cpp","139","-","numeric-only dynamic SQL (not injectable): SELECT PetNum, PetChaNum, PetName, PetMID, PetSID, | exec:N;esc:N","_snprintf( szTemp, 1024, ""SELECT PetNum, PetChaNum, PetName, PetMID, PetSID, PetType FROM PetInfo WITH (NOLOCK) WHERE Pe"
"FALSE_POSITIVE","printf","GMTool\Logic\GMToolOdbcPet.cpp","142","-","numeric-only dynamic SQL (not injectable): SELECT TOP %d PetNum, PetChaNum, PetName, PetMID,  | exec:N;esc:N","_snprintf( szTemp, 1024, ""SELECT TOP %d PetNum, PetChaNum, PetName, PetMID, PetSID, PetType FROM PetInfo WITH (NOLOCK) W"
"FALSE_POSITIVE","printf","GMTool\Logic\GMToolOdbcPet.cpp","161","-","numeric-only dynamic SQL (not injectable): SELECT PetNum, PetChaNum, PetName, PetMID, PetSID, | exec:N;esc:N","_snprintf( szTemp, 1024, ""SELECT PetNum, PetChaNum, PetName, PetMID, PetSID, PetType FROM PetInfo WITH (NOLOCK) WHERE Pe"
"FALSE_POSITIVE","printf","GMTool\Logic\GMToolOdbcPet.cpp","164","-","numeric-only dynamic SQL (not injectable): SELECT TOP %d PetNum, PetChaNum, PetName, PetMID,  | exec:N;esc:N","_snprintf( szTemp, 1024, ""SELECT TOP %d PetNum, PetChaNum, PetName, PetMID, PetSID, PetType FROM PetInfo WITH (NOLOCK) W"
"FALSE_POSITIVE","printf","GMTool\Logic\GMToolOdbcPet.cpp","183","-","numeric-only dynamic SQL (not injectable): SELECT PetNum, PetChaNum, PetName, PetMID, PetSID, | exec:N;esc:N","_snprintf( szTemp, 1024, ""SELECT PetNum, PetChaNum, PetName, PetMID, PetSID, PetType FROM PetInfo WITH (NOLOCK) WHERE Pe"
"FALSE_POSITIVE","printf","GMTool\Logic\GMToolOdbcPet.cpp","186","-","numeric-only dynamic SQL (not injectable): SELECT TOP %d PetNum, PetChaNum, PetName, PetMID,  | exec:N;esc:N","_snprintf( szTemp, 1024, ""SELECT TOP %d PetNum, PetChaNum, PetName, PetMID, PetSID, PetType FROM PetInfo WITH (NOLOCK) W"
"FALSE_POSITIVE","printf","GMTool\Logic\GMToolOdbcPet.cpp","205","-","numeric-only dynamic SQL (not injectable): SELECT PetNum, PetChaNum, PetName, PetMID, PetSID, | exec:N;esc:N","_snprintf( szTemp, 1024, ""SELECT PetNum, PetChaNum, PetName, PetMID, PetSID, PetType FROM PetInfo WITH (NOLOCK) WHERE Pe"
"FALSE_POSITIVE","printf","GMTool\Logic\GMToolOdbcPet.cpp","208","-","numeric-only dynamic SQL (not injectable): SELECT TOP %d PetNum, PetChaNum, PetName, PetMID,  | exec:N;esc:N","_snprintf( szTemp, 1024, ""SELECT TOP %d PetNum, PetChaNum, PetName, PetMID, PetSID, PetType FROM PetInfo WITH (NOLOCK) W"
"FALSE_POSITIVE","printf","GMTool\Logic\GMToolOdbcPet.cpp","227","-","numeric-only dynamic SQL (not injectable): SELECT PetNum, PetChaNum, PetName, PetMID, PetSID, | exec:Y;esc:N","_snprintf( szTemp, 1024, ""SELECT PetNum, PetChaNum, PetName, PetMID, PetSID, PetType FROM PetInfo WITH (NOLOCK) WHERE Pe"
"FALSE_POSITIVE","printf","GMTool\Logic\GMToolOdbcPet.cpp","230","-","numeric-only dynamic SQL (not injectable): SELECT TOP %d PetNum, PetChaNum, PetName, PetMID,  | exec:Y;esc:N","_snprintf( szTemp, 1024, ""SELECT TOP %d PetNum, PetChaNum, PetName, PetMID, PetSID, PetType FROM PetInfo WITH (NOLOCK) W"
"FALSE_POSITIVE","printf","GMTool\Logic\GMToolOdbcPet.cpp","251","-","literal-only SQL (no interpolation): SELECT PetName, PetChaNum, PetType, PetMID, PetSID | exec:Y;esc:N","_snprintf( szTemp, 256, ""SELECT PetName, PetChaNum, PetType, PetMID, PetSID, PetCardMID, PetCardSID, PetStyle, PetColor,"
"FALSE_POSITIVE","printf","GMTool\Logic\GMToolOdbcPet.cpp","433","-","literal-only SQL (no interpolation): SELECT PetInvenMID, PetInvenSID, PetInvenAvailable | exec:Y;esc:N","_snprintf( szTemp, 256, ""SELECT PetInvenMID, PetInvenSID, PetInvenAvailable """
"ESCAPED","printf","GMTool\Logic\GMToolOdbcPet.cpp","539","MEDIUM","UPDATE PetInfo SET PetName='%s', PetType=%d, PetSt | exec:Y;esc:Y | interp:%s-family","_snprintf( szTemp, 1024, ""UPDATE PetInfo SET PetName='%s', PetType=%d, PetStyle=%u, PetColor=%u, PetFull=%d, """
"PARAMETERIZED","concat/stream","GMTool\Logic\GMToolOdbcPet.cpp","624","-","placeholder stmt: UPDATE PetInfo SET PetInfo.PetPutOnItems=? WHERE ( | exec:Y;esc:N","strPetInven << _T(""UPDATE PetInfo SET PetInfo.PetPutOnItems=? WHERE (PetNum="" <<  nPETNUM << ""And PetChaNum="" << nPETCHA"
"FALSE_POSITIVE","printf","GMTool\Logic\GMToolOdbcPet.cpp","646","-","numeric-only dynamic SQL (not injectable): Delete FROM PetInven WHERE PetNum=%d AND PetChaNum | exec:Y;esc:N","_snprintf( szTemp, 256, ""Delete FROM PetInven WHERE PetNum=%d AND PetChaNum=%d AND PetInvenType=%d"", nPETNUM, nPETCHANUM"
"PARAMETERIZED","printf","GMTool\Logic\GMToolOdbcPet.cpp","659","-","placeholder stmt: {call sp_UpdatePetInven(%d,%d,%d,%d,%d,%d,%d,%d,?) | exec:Y;esc:N","_snprintf( szTemp, 256, ""{call sp_UpdatePetInven(%d,%d,%d,%d,%d,%d,%d,%d,?)}"","
"VULNERABLE","printf","GMTool\Logic\GMToolOdbcShop.cpp","32","HIGH","SELECT PurKey, ProductNum, PurPrice, PurDate, Item | exec:Y;esc:N | interp:%s-family","_snprintf( szTemp, 1024, ""SELECT PurKey, ProductNum, PurPrice, PurDate, ItemName, ItemMain, ItemSub FROM viewShopPurchas"
"VULNERABLE","printf","GMTool\Logic\GMToolOdbcShop.cpp","108","HIGH","UPDATE ShopPurchase SET PurFlag = 1, PurChgDate =  | exec:Y;esc:N | interp:%s-family","_snprintf( szTemp, 512, ""UPDATE ShopPurchase SET PurFlag = 1, PurChgDate = getdate() WHERE UserUID = '%s' AND PurKey=%d"""
"VULNERABLE","printf","GMTool\Logic\GMToolOdbcShop.cpp","125","HIGH","DELETE FROM ShopPurchase WHERE UserUID = '%s' | exec:Y;esc:N | interp:%s-family","_snprintf( szTemp, 512, ""DELETE FROM ShopPurchase WHERE UserUID = '%s'"", strUSER.c_str() );"
"FALSE_POSITIVE","printf","GMTool\Logic\GMToolOdbcShop.cpp","150","-","literal-only SQL (no interpolation): SELECT ProductNum, ItemMain, ItemSub, ItemName, It | exec:Y;esc:N","_snprintf( szTemp, 1024, ""SELECT ProductNum, ItemMain, ItemSub, ItemName, ItemList, Duration, Category, ItemStock, ItemI"
"FALSE_POSITIVE","printf","GMTool\Logic\GMToolOdbcShop.cpp","299","-","literal-only SQL (no interpolation): INSERT Into ShopItemMap ( ItemMain, ItemSub, ItemN | exec:Y;esc:N","_snprintf( szTemp, 2048, ""INSERT Into ShopItemMap ( ItemMain, ItemSub, ItemName, ItemList, Duration, Category, ItemStock"
"FALSE_POSITIVE","printf","GMTool\Logic\GMToolOdbcShop.cpp","414","-","numeric-only dynamic SQL (not injectable): DELETE FROM ShopItemMap WHERE ProductNum=%d AND It | exec:Y;esc:N","_snprintf( szTemp1, 1024, ""DELETE FROM ShopItemMap WHERE ProductNum=%d AND ItemMain=%d AND ItemSub=%d"","
"FALSE_POSITIVE","printf","GMTool\Logic\GMToolOdbcShop.cpp","418","-","numeric-only dynamic SQL (not injectable): DELETE FROM ShopPurchase WHERE ProductNum=%d | exec:Y;esc:N","_snprintf( szTemp2, 1024, ""DELETE FROM ShopPurchase WHERE ProductNum=%d"","
"FALSE_POSITIVE","printf","GMTool\Logic\GMToolOdbcUser.cpp","127","-","numeric-only dynamic SQL (not injectable): SELECT UserNum, UserID, UserEmail, UserType, UserL | exec:N;esc:N","_snprintf( szTemp, 1024, ""SELECT UserNum, UserID, UserEmail, UserType, UserLoginState, UserAvailable, UserBlock, UserBlo"
"FALSE_POSITIVE","printf","GMTool\Logic\GMToolOdbcUser.cpp","130","-","numeric-only dynamic SQL (not injectable): SELECT TOP %d UserNum, UserID, UserEmail, UserType | exec:N;esc:N","_snprintf( szTemp, 1024, ""SELECT TOP %d UserNum, UserID, UserEmail, UserType, UserLoginState, UserAvailable, UserBlock, "
"VULNERABLE","printf","GMTool\Logic\GMToolOdbcUser.cpp","150","MEDIUM(no-exec-in-window)","SELECT UserNum, UserID, UserEmail, UserType, UserL | exec:N;esc:N | interp:%s-family","_snprintf( szTemp, 1024, ""SELECT UserNum, UserID, UserEmail, UserType, UserLoginState, UserAvailable, UserBlock, UserBlo"
"VULNERABLE","printf","GMTool\Logic\GMToolOdbcUser.cpp","154","MEDIUM(no-exec-in-window)","SELECT TOP %d UserNum, UserID, UserEmail, UserType | exec:N;esc:N | interp:%s-family","_snprintf( szTemp, 1024, ""SELECT TOP %d UserNum, UserID, UserEmail, UserType, UserLoginState, UserAvailable, UserBlock, "
"VULNERABLE","printf","GMTool\Logic\GMToolOdbcUser.cpp","175","MEDIUM(no-exec-in-window)","SELECT UserNum, UserID, UserEmail, UserType, UserL | exec:N;esc:N | interp:%s-family","_snprintf( szTemp, 1024, ""SELECT UserNum, UserID, UserEmail, UserType, UserLoginState, UserAvailable, UserBlock, UserBlo"
"VULNERABLE","printf","GMTool\Logic\GMToolOdbcUser.cpp","179","MEDIUM(no-exec-in-window)","SELECT TOP %d UserNum, UserID, UserEmail, UserType | exec:N;esc:N | interp:%s-family","_snprintf( szTemp, 1024, ""SELECT TOP %d UserNum, UserID, UserEmail, UserType, UserLoginState, UserAvailable, UserBlock, "
"FALSE_POSITIVE","printf","GMTool\Logic\GMToolOdbcUser.cpp","194","-","numeric-only dynamic SQL (not injectable): SELECT UserNum, UserID, UserEmail, UserType, UserL | exec:N;esc:N","_snprintf( szTemp, 1024, ""SELECT UserNum, UserID, UserEmail, UserType, UserLoginState, UserAvailable, UserBlock, UserBlo"
"FALSE_POSITIVE","printf","GMTool\Logic\GMToolOdbcUser.cpp","198","-","numeric-only dynamic SQL (not injectable): SELECT TOP %d UserNum, UserID, UserEmail, UserType | exec:N;esc:N","_snprintf( szTemp, 1024, ""SELECT TOP %d UserNum, UserID, UserEmail, UserType, UserLoginState, UserAvailable, UserBlock, "
"FALSE_POSITIVE","printf","GMTool\Logic\GMToolOdbcUser.cpp","213","-","numeric-only dynamic SQL (not injectable): SELECT UserNum, UserID, UserEmail, UserType, UserL | exec:Y;esc:N","_snprintf( szTemp, 1024, ""SELECT UserNum, UserID, UserEmail, UserType, UserLoginState, UserAvailable, UserBlock, UserBlo"
"FALSE_POSITIVE","printf","GMTool\Logic\GMToolOdbcUser.cpp","217","-","numeric-only dynamic SQL (not injectable): SELECT TOP %d UserNum, UserID, UserEmail, UserType | exec:Y;esc:N","_snprintf( szTemp, 1024, ""SELECT TOP %d UserNum, UserID, UserEmail, UserType, UserLoginState, UserAvailable, UserBlock, "
"VULNERABLE","printf","GMTool\Logic\GMToolOdbcUser.cpp","234","HIGH","SELECT UserNum FROM UserInfo WITH (NOLOCK) WHERE U | exec:Y;esc:N | interp:%s-family","_snprintf( szTemp, 1024, ""SELECT UserNum FROM UserInfo WITH (NOLOCK) WHERE UserID = '%s' "",  strUSERID.c_str() );"
"FALSE_POSITIVE","printf","GMTool\Logic\GMToolOdbcUser.cpp","323","-","numeric-only dynamic SQL (not injectable): SELECT UserLoginState FROM UserInfo WITH (NOLOCK)  | exec:Y;esc:N","_snprintf( szTemp, 1024, ""SELECT UserLoginState FROM UserInfo WITH (NOLOCK) WHERE UserNum = %d "",  nUSERNUM );"
"FALSE_POSITIVE","printf","GMTool\Logic\GMToolOdbcUser.cpp","377","-","numeric-only dynamic SQL (not injectable): UPDATE UserInfo SET UserLoginState = %u WHERE User | exec:Y;esc:N","_snprintf( szTemp, 1024, ""UPDATE UserInfo SET UserLoginState = %u WHERE UserNum = %u "","
"VULNERABLE","printf","GMTool\Logic\GMToolOdbcUser.cpp","399","HIGH","UPDATE UserInfo SET UserBlock = %u, UserBlockDate  | exec:Y;esc:N | interp:%s-family","_snprintf( szTemp, 1024, ""UPDATE UserInfo SET UserBlock = %u, UserBlockDate = '%s' WHERE UserNum = %u "","
"VULNERABLE","printf","GMTool\Logic\GMToolOdbcUser.cpp","421","HIGH","UPDATE UserInfo SET ChatBlockDate = '%s' WHERE Use | exec:Y;esc:N | interp:%s-family","_snprintf( szTemp, 1024, ""UPDATE UserInfo SET ChatBlockDate = '%s' WHERE UserNum = %u "","
"FALSE_POSITIVE","printf","GMTool\Logic\GMToolOdbcUser.cpp","447","-","literal-only SQL (no interpolation): SELECT UserNum, UserID, UserPass, UserPass2, UserE | exec:Y;esc:N","_snprintf( szTemp, 1024, ""SELECT UserNum, UserID, UserPass, UserPass2, UserEmail, UserType, UserType2, UserLoginState, U"
"VULNERABLE","printf","GMTool\Logic\GMToolOdbcUser.cpp","598","HIGH","UPDATE UserInfo SET UserPass ='%s', UserPass2 ='%s | exec:Y;esc:N | interp:%s-family","_snprintf( szTemp, 1024, ""UPDATE UserInfo SET UserPass ='%s', UserPass2 ='%s', UserEmail ='%s', """
"FALSE_POSITIVE","printf","GMTool\Logic\GMToolOdbcUser.cpp","641","-","numeric-only dynamic SQL (not injectable): SELECT LogDate, LogIpAddress FROM LogLogin WITH (N | exec:Y;esc:N","_snprintf( szTemp, 1024, ""SELECT LogDate, LogIpAddress FROM LogLogin WITH (NOLOCK) WHERE UserNum = %d AND LogInOut = %d "
"FALSE_POSITIVE","printf","GMTool\Logic\GMToolOdbcUser.cpp","732","-","numeric-only dynamic SQL (not injectable): Delete From LogLogin WHERE UserNum = %d  | exec:Y;esc:N","_snprintf( szTemp, 512, ""Delete From LogLogin WHERE UserNum = %d "", nUSERNUM );"
"VULNERABLE","printf","GMTool\Logic\GMToolOdbcVehicle.cpp","115","MEDIUM(no-exec-in-window)","SELECT VehicleNum, VehicleChaNum, VehicleName, Veh | exec:N;esc:N | interp:%s-family","_snprintf( szTemp, 1024, ""SELECT VehicleNum, VehicleChaNum, VehicleName, VehicleCardMID, VehicleCardSID, VehicleType FRO"
"VULNERABLE","printf","GMTool\Logic\GMToolOdbcVehicle.cpp","119","MEDIUM(no-exec-in-window)","SELECT TOP %d VehicleNum, VehicleChaNum, VehicleNa | exec:N;esc:N | interp:%s-family","_snprintf( szTemp, 1024, ""SELECT TOP %d VehicleNum, VehicleChaNum, VehicleName, VehicleCardMID, VehicleCardSID, VehicleT"
"FALSE_POSITIVE","printf","GMTool\Logic\GMToolOdbcVehicle.cpp","139","-","numeric-only dynamic SQL (not injectable): SELECT VehicleNum, VehicleChaNum, VehicleName, Veh | exec:N;esc:N","_snprintf( szTemp, 1024, ""SELECT VehicleNum, VehicleChaNum, VehicleName, VehicleCardMID, VehicleCardSID, VehicleType FRO"
"FALSE_POSITIVE","printf","GMTool\Logic\GMToolOdbcVehicle.cpp","142","-","numeric-only dynamic SQL (not injectable): SELECT TOP %d VehicleNum, VehicleChaNum, VehicleNa | exec:N;esc:N","_snprintf( szTemp, 1024, ""SELECT TOP %d VehicleNum, VehicleChaNum, VehicleName, VehicleCardMID, VehicleCardSID, VehicleT"
"FALSE_POSITIVE","printf","GMTool\Logic\GMToolOdbcVehicle.cpp","161","-","numeric-only dynamic SQL (not injectable): SELECT VehicleNum, VehicleChaNum, VehicleName, Veh | exec:N;esc:N","_snprintf( szTemp, 1024, ""SELECT VehicleNum, VehicleChaNum, VehicleName, VehicleCardMID, VehicleCardSID, VehicleType FRO"
"FALSE_POSITIVE","printf","GMTool\Logic\GMToolOdbcVehicle.cpp","164","-","numeric-only dynamic SQL (not injectable): SELECT TOP %d VehicleNum, VehicleChaNum, VehicleNa | exec:N;esc:N","_snprintf( szTemp, 1024, ""SELECT TOP %d VehicleNum, VehicleChaNum, VehicleName, VehicleCardMID, VehicleCardSID, VehicleT"
"FALSE_POSITIVE","printf","GMTool\Logic\GMToolOdbcVehicle.cpp","183","-","numeric-only dynamic SQL (not injectable): SELECT VehicleNum, VehicleChaNum, VehicleName, Veh | exec:N;esc:N","_snprintf( szTemp, 1024, ""SELECT VehicleNum, VehicleChaNum, VehicleName, VehicleCardMID, VehicleCardSID, VehicleType FRO"
"FALSE_POSITIVE","printf","GMTool\Logic\GMToolOdbcVehicle.cpp","186","-","numeric-only dynamic SQL (not injectable): SELECT TOP %d VehicleNum, VehicleChaNum, VehicleNa | exec:N;esc:N","_snprintf( szTemp, 1024, ""SELECT TOP %d VehicleNum, VehicleChaNum, VehicleName, VehicleCardMID, VehicleCardSID, VehicleT"
"FALSE_POSITIVE","printf","GMTool\Logic\GMToolOdbcVehicle.cpp","205","-","numeric-only dynamic SQL (not injectable): SELECT VehicleNum, VehicleChaNum, VehicleName, Veh | exec:N;esc:N","_snprintf( szTemp, 1024, ""SELECT VehicleNum, VehicleChaNum, VehicleName, VehicleCardMID, VehicleCardSID, VehicleType FRO"
"FALSE_POSITIVE","printf","GMTool\Logic\GMToolOdbcVehicle.cpp","208","-","numeric-only dynamic SQL (not injectable): SELECT TOP %d VehicleNum, VehicleChaNum, VehicleNa | exec:N;esc:N","_snprintf( szTemp, 1024, ""SELECT TOP %d VehicleNum, VehicleChaNum, VehicleName, VehicleCardMID, VehicleCardSID, VehicleT"
"FALSE_POSITIVE","printf","GMTool\Logic\GMToolOdbcVehicle.cpp","227","-","numeric-only dynamic SQL (not injectable): SELECT VehicleNum, VehicleChaNum, VehicleName, Veh | exec:Y;esc:N","_snprintf( szTemp, 1024, ""SELECT VehicleNum, VehicleChaNum, VehicleName, VehicleCardMID, VehicleCardSID, VehicleType FRO"
"FALSE_POSITIVE","printf","GMTool\Logic\GMToolOdbcVehicle.cpp","230","-","numeric-only dynamic SQL (not injectable): SELECT TOP %d VehicleNum, VehicleChaNum, VehicleNa | exec:Y;esc:N","_snprintf( szTemp, 1024, ""SELECT TOP %d VehicleNum, VehicleChaNum, VehicleName, VehicleCardMID, VehicleCardSID, VehicleT"
"FALSE_POSITIVE","printf","GMTool\Logic\GMToolOdbcVehicle.cpp","252","-","literal-only SQL (no interpolation): SELECT VehicleName, VehicleChaNum, VehicleType, Ve | exec:Y;esc:N","_snprintf( szTemp, 256, ""SELECT VehicleName, VehicleChaNum, VehicleType, VehicleCardMID, VehicleCardSID, VehicleBattery,"
"FALSE_POSITIVE","printf","GMTool\Logic\GMToolOdbcVehicle.cpp","388","-","numeric-only dynamic SQL (not injectable): UPDATE VehicleInfo SET VehicleType=%d, VehicleBatt | exec:Y;esc:N","_snprintf( szTemp, 1024, ""UPDATE VehicleInfo SET VehicleType=%d, VehicleBattery=%d, VehicleBooster=%d """
"PARAMETERIZED","concat/stream","GMTool\Logic\GMToolOdbcVehicle.cpp","435","-","placeholder stmt: UPDATE VehicleInfo SET VehicleInfo.VehiclePutOnIte | exec:N;esc:N","strnVehicleInven << _T(""UPDATE VehicleInfo SET VehicleInfo.VehiclePutOnItems=?"");"
"FALSE_POSITIVE","concat/stream","GMTool\Logic\GMToolOdbcVehicle.cpp","436","-","literal-only SQL (no interpolation):  WHERE (VehicleNum= | exec:N;esc:N","strnVehicleInven <<"" WHERE (VehicleNum="" <<  nVEHICLENUM << "") And( VehicleChaNum=""<< nVEHICLECHANUM << "")"";"
"PARAMETERIZED","concat/stream","GMTool\Logic\GMToolOdbcVehicle.cpp","495","-","placeholder stmt: UPDATE VehicleInfo SET VehicleInfo.VehicleColor=? | exec:N;esc:N","strnVehicleColor << _T(""UPDATE VehicleInfo SET VehicleInfo.VehicleColor=?"");"
"FALSE_POSITIVE","concat/stream","GMTool\Logic\GMToolOdbcVehicle.cpp","496","-","literal-only SQL (no interpolation):  WHERE (VehicleNum= | exec:N;esc:N","strnVehicleColor <<"" WHERE (VehicleNum="" <<  nVEHICLENUM << "") And( VehicleChaNum=""<< nVEHICLECHANUM << "")"";"
"VULNERABLE","Format","Lib_Client\G-Logic\GLChar.cpp","824","MEDIUM(no-exec-in-window)","Do Trade! From, [%s][%s], Target[%s][%s], RecvMone | exec:N;esc:N | interp:%s-family","strTemp.Format( ""Do Trade! From, [%s][%s], Target[%s][%s], RecvMoney:[%I64d], SendMoney:[%I64d], HaveMoney:[%I64d], Targ"
"VULNERABLE","Format","Lib_Client\G-Logic\GLChar.cpp","827","MEDIUM(no-exec-in-window)","Do Trade! From, [%s][%s], Target Not Found, RecvMo | exec:N;esc:N | interp:%s-family","strTemp.Format( ""Do Trade! From, [%s][%s], Target Not Found, RecvMoney:[%I64d], SendMoney:[%I64d], HaveMoney:[%I64d]"","
"VULNERABLE","Format","Lib_Client\G-Logic\GLChar.cpp","841","MEDIUM(no-exec-in-window)",",Do Trade! From, [%s][%s], Target[%s][%s], RecvMon | exec:N;esc:N | interp:%s-family","strTemp.Format( "",Do Trade! From, [%s][%s], Target[%s][%s], RecvMoney:[%I64d], SendMoney:[%I64d], HaveMoney:[%I64d], Tar"
"VULNERABLE","Format","Lib_Client\G-Logic\GLChar.cpp","850","MEDIUM(no-exec-in-window)",",Do Trade! From, [%s][%s], Target Not Found, RecvM | exec:N;esc:N | interp:%s-family","strTemp.Format( "",Do Trade! From, [%s][%s], Target Not Found, RecvMoney:[%I64d], SendMoney:[%I64d], HaveMoney:[%I64d]"","
"VULNERABLE","Format","Lib_Client\G-Logic\GLChar.cpp","910","MEDIUM(no-exec-in-window)",",Do Trade Item! From, [%s][%s], Target[%s][%s] | exec:N;esc:N | interp:%s-family","strTemp.Format( "",Do Trade Item! From, [%s][%s], Target[%s][%s]"",m_szUID, m_szName, pFromChar->m_szUID, pFromChar->m_szN"
"FALSE_POSITIVE","concat/stream","Lib_Client\G-Logic\GLChar.cpp","8299","-","literal-only SQL (no interpolation):  Not Correct Update Money Value!! | exec:N;esc:N","str += "" Not Correct Update Money Value!!"";"
"FALSE_POSITIVE","printf","Lib_Client\G-Logic\GLChar.cpp","8302","-","numeric-only dynamic SQL (not injectable):  Current Money %I64d Update Money %I64d Plus!! | exec:N;esc:N","if( bPlus )	sprintf( szTempChar, "" Current Money %I64d Update Money %I64d Plus!!"", lnCurrentMoney, lnUpdateMoney );"
"FALSE_POSITIVE","printf","Lib_Client\G-Logic\GLChar.cpp","8303","-","numeric-only dynamic SQL (not injectable):  Current Money %I64d Update Money %I64d Minus!! | exec:N;esc:N","else		sprintf( szTempChar, "" Current Money %I64d Update Money %I64d Minus!!"", lnCurrentMoney, lnUpdateMoney );"
"DEAD","comment-text","Lib_Client\G-Logic\GLChar.cpp","4909","-","commented-out / in /* */ block","//CONSOLEMSG_WRITE( ""%d %s land effect update"", m_dwCharID, m_szName );"
"DEAD","comment-text","Lib_Client\G-Logic\GLCharacter.cpp","4176","-","commented-out / in /* */ block","//CInnerInterface::GetInstance().PrintMsgText ( NS_UITEXTCOLOR::AQUA, (""You have been disconnected from the server."") );"
"FALSE_POSITIVE","concat/stream","Lib_Client\G-Logic\GLCharClubMsg.cpp","1188","-","literal-only SQL (no interpolation):  Not Correct Update Money Value!! | exec:N;esc:N","str += "" Not Correct Update Money Value!!"";"
"FALSE_POSITIVE","printf","Lib_Client\G-Logic\GLCharClubMsg.cpp","1191","-","numeric-only dynamic SQL (not injectable):  Current Money %I64d, Update Money %I64d Money In, | exec:N;esc:N","sprintf( szTempChar, "" Current Money %I64d, Update Money %I64d Money In, Current Club Storage Money %I64d, Update Club S"
"FALSE_POSITIVE","concat/stream","Lib_Client\G-Logic\GLCharClubMsg.cpp","1260","-","literal-only SQL (no interpolation):  Not Correct Update Money Value!! | exec:N;esc:N","str += "" Not Correct Update Money Value!!"";"
"FALSE_POSITIVE","printf","Lib_Client\G-Logic\GLCharClubMsg.cpp","1263","-","numeric-only dynamic SQL (not injectable):  Current Money %I64d, Update Money %I64d Money Out | exec:N;esc:N","sprintf( szTempChar, "" Current Money %I64d, Update Money %I64d Money Out, Current Club Storage Money %I64d,  Update Club"
"VULNERABLE","Format","Lib_Client\G-Logic\GLCharInvenMsg.cpp","1144","MEDIUM(no-exec-in-window)","Insert Money, [%s][%s], Insert Amount:[%I64d], Hav | exec:N;esc:N | interp:%s-family","strTemp.Format( ""Insert Money, [%s][%s], Insert Amount:[%I64d], Have Money:[%I64d]"","
"VULNERABLE","printf","Lib_Client\G-Logic\GLCharInvenMsg.cpp","1646","MEDIUM(no-exec-in-window)",",[%s][%s], Hold Item from inventory %02d_%02d, %s  | exec:N;esc:N | interp:%s-family","sprintf( szTempChar, "",[%s][%s], Hold Item from inventory %02d_%02d, %s x(%d/%d), GenNum(%d)"", m_szUID, m_szName,"
"VULNERABLE","printf","Lib_Client\G-Logic\GLCharInvenMsg.cpp","3144","MEDIUM(no-exec-in-window)"," Insert New Item %02d_%02d, %s, x(%d/%d), GenNum(% | exec:N;esc:N | interp:%s-family","sprintf( szTempChar, "" Insert New Item %02d_%02d, %s, x(%d/%d), GenNum(%d)"","
"VULNERABLE","printf","Lib_Client\G-Logic\GLCharInvenMsg.cpp","3232","MEDIUM(no-exec-in-window)",",[%s][%s], Insert from item hold Item %02d_%02d, % | exec:N;esc:N | interp:%s-family","sprintf( szTempChar, "",[%s][%s], Insert from item hold Item %02d_%02d, %s x(%d/%d), GenNum(%d)"", m_szUID, m_szName,"
"VULNERABLE","Format","Lib_Client\G-Logic\GLCharInvenMsg.cpp","4411","MEDIUM(no-exec-in-window)","Buy From Npc, [%s][%s], Buy price:[%I64d], Have Mo | exec:N;esc:N | interp:%s-family","strTemp.Format( ""Buy From Npc, [%s][%s], Buy price:[%I64d], Have Money:[%I64d]"","
"VULNERABLE","printf","Lib_Client\G-Logic\GLCharInvenMsg.cpp","4422","MEDIUM(no-exec-in-window)",",[%s][%s], Pile Buy Item From NPC %02d_%02d, %s x( | exec:N;esc:N | interp:%s-family","sprintf( szTempChar, "",[%s][%s], Pile Buy Item From NPC %02d_%02d, %s x(%d/%d), GenNum(%d)"", m_szUID, m_szName,"
"VULNERABLE","Format","Lib_Client\G-Logic\GLCharInvenMsg.cpp","4516","MEDIUM(no-exec-in-window)","Buy From Npc, [%s][%s], Buy price:[%I64d], Have Mo | exec:N;esc:N | interp:%s-family","strTemp.Format( ""Buy From Npc, [%s][%s], Buy price:[%I64d], Have Money:[%I64d]"","
"VULNERABLE","printf","Lib_Client\G-Logic\GLCharInvenMsg.cpp","4528","MEDIUM(no-exec-in-window)",",[%s][%s], Buy Item From NPC %02d_%02d, %s x(%d/%d | exec:N;esc:N | interp:%s-family","sprintf( szTempChar, "",[%s][%s], Buy Item From NPC %02d_%02d, %s x(%d/%d), GenNum(%d)"", m_szUID, m_szName,"
"FALSE_POSITIVE","Format","Lib_Client\G-Logic\GLCharInvenMsg.cpp","5292","-","literal-only SQL (no interpolation): ,Insert Item From Box: | exec:N;esc:N","strTemp.Format( "",Insert Item From Box:"");"
"FALSE_POSITIVE","Format","Lib_Client\G-Logic\GLCharInvenMsg.cpp","5540","-","numeric-only dynamic SQL (not injectable): ,Insert Item From Random Box, [%02d_%02d][x%d] | exec:N;esc:N","strTemp.Format( "",Insert Item From Random Box, [%02d_%02d][x%d]"", pITEM_DATA->sBasicOp.sNativeID.wMainID,pITEM_DATA->sBa"
"DEAD","comment-text","Lib_Client\G-Logic\GLCharInvenMsg.cpp","995","-","commented-out / in /* */ block","CheckMoneyUpdate( m_lnMoney, lnAmount, TRUE, ""Insert Party Money."" );"
"DEAD","Format","Lib_Client\G-Logic\GLCharInvenMsg.cpp","1016","-","commented-out / in /* */ block","strTemp.Format( ""Insert Party Money, [%s][%s], Insert Amount:[%I64d], Have Money:[%I64d]"","
"VULNERABLE","Format","Lib_Client\G-Logic\GLCharPMarketMsg.cpp","730","MEDIUM(no-exec-in-window)",",Buy From PC, [%s][%s], PC Have Money:[%I64d], Mar | exec:N;esc:N | interp:%s-family","strTemp.Format( "",Buy From PC, [%s][%s], PC Have Money:[%I64d], MarketPC[%s][%s], MarketPC Have Money:[%I64d], Buy price"
"VULNERABLE","Format","Lib_Client\G-Logic\GLCharPMarketMsg.cpp","757","MEDIUM(no-exec-in-window)","Buy From PC, [%s][%s], PC Have Money:[%I64d], Mark | exec:N;esc:N | interp:%s-family","strTemp.Format( ""Buy From PC, [%s][%s], PC Have Money:[%I64d], MarketPC[%s][%s], MarketPC Have Money:[%I64d], Buy price:"
"DEAD","comment-text","Lib_Client\G-Logic\GLLandMan.cpp","169","-","commented-out / in /* */ block","//	TEXTCONSOLEMSG_WRITE( ""[INFO]Delete WeatherThread Begin"" );"
"DEAD","comment-text","Lib_Client\G-Logic\GLLandMan.cpp","171","-","commented-out / in /* */ block","//	TEXTCONSOLEMSG_WRITE( ""[INFO]Delete WeatherThread End"" );"
"DEAD","comment-text","Lib_Client\G-Logic\GLSkill.cpp","583","-","commented-out / in /* */ block","//	CDebugSet::ToFileWithTime( ""skillweapreqtxt"", ""[%03d~%03d] %s correcting mismatch weapon req set SKILLATT_NOCARE from"
"DEAD","comment-text","Lib_Client\G-Logic\GLSkill.cpp","590","-","commented-out / in /* */ block","//	CDebugSet::ToFileWithTime( ""skillweapreqtxt"", ""[%03d~%03d] %s correcting mismatch weapon req set SKILLATT_NOCARE from"
"DEAD","comment-text","Lib_Client\G-Logic\GLSkill.cpp","597","-","commented-out / in /* */ block","//	CDebugSet::ToFileWithTime( ""skillweapreqtxt"", ""[%03d~%03d] %s correcting mismatch weapon req set SKILLATT_NOCARE from"
"DEAD","comment-text","Lib_Client\G-Logic\GLSkill.cpp","603","-","commented-out / in /* */ block","//	CDebugSet::ToFileWithTime( ""skillweapreqtxt"", ""[%03d~%03d] %s correcting mismatch weapon req set SKILLATT_NOCARE from"
"DEAD","","Lib_Engine\DxCommon\TextureManager.cpp","1421","-","commented-out / in /* */ block","////CDebugSet::ToListView ( ""delete texture : %s"", iter->second->m_strName.c_str() );"
