sNativeID wMainID,sNativeID wSubID,Random Option File,
0,0,randomOption_Weapon.bin,
0,1,randomOption_Weapon.bin,
0,2,randomOption_Weapon.bin,
0,3,randomOption_Weapon.bin,
0,4,randomOption_Weapon.bin,
0,5,randomOption_Weapon.bin,
0,6,randomOption_Weapon.bin,
0,7,randomOption_Weapon.bin,
0,8,randomOption_Weapon.bin,
0,9,randomOption_Weapon.bin,
0,10,randomOption_Weapon.bin,
0,11,randomOption_Weapon.bin,
0,12,randomOption_Weapon.bin,
0,13,randomOption_Weapon.bin,
0,14,randomOption_Weapon.bin,
0,15,randomOption_Weapon.bin,
0,16,randomOption_Weapon.bin,
0,17,randomOption_Weapon.bin,
0,18,randomOption_Weapon.bin,
0,19, ,
0,20, ,
0,21, ,
1,0, ,
1,1,randomOption_Weapon.bin,
1,2, ,
1,3,randomOption_Weapon.bin,
1,4,randomOption_Weapon.bin,
1,5,randomOption_Weapon.bin,
1,6,randomOption_Weapon.bin,
1,7,randomOption_Weapon.bin,
1,8,randomOption_Weapon.bin,
1,9,randomOption_Weapon.bin,
1,10,randomOption_Weapon.bin,
1,11,randomOption_Weapon.bin,
1,12,randomOption_Weapon.bin,
1,13,randomOption_Weapon.bin,
1,14,randomOption_Weapon.bin,
1,15,randomOption_Weapon.bin,
1,16,randomOption_Weapon.bin,
1,17,randomOption_Weapon.bin,
1,18, ,
1,19, ,
1,20, ,
1,21, ,
1,22, ,
1,23, ,
1,24, ,
1,25, ,
1,26, ,
1,27, ,
1,28, ,
1,29, ,
1,30, ,
1,31, ,
1,32, ,
1,33, ,
1,34, ,
1,35, ,
1,36, ,
1,37, ,
1,38, ,
1,39, ,
1,40, ,
1,41, ,
1,42, ,
1,43, ,
1,44, ,
1,45, ,
1,46, ,
1,47, ,
1,48, ,
1,49, ,
1,50, ,
1,51, ,
1,52, ,
1,53, ,
1,54, ,
1,55, ,
1,56, ,
1,57, ,
1,58, ,
1,59, ,
1,60,randomOption_Weapon.bin,
1,61,randomOption_Weapon.bin,
1,62,randomOption_Weapon.bin,
1,63,randomOption_Weapon.bin,
1,64,randomOption_Weapon.bin,
1,65,randomOption_Weapon.bin,
1,66, ,
1,67, ,
1,68, ,
1,69, ,
1,70, ,
1,71, ,
1,72, ,
1,73, ,
1,74, ,
1,75, ,
1,76, ,
1,77, ,
1,78, ,
1,79, ,
1,80, ,
1,81, ,
1,82, ,
1,83, ,
1,84, ,
1,85, ,
1,86, ,
1,87, ,
1,88, ,
1,89, ,
1,90, ,
1,91, ,
1,92, ,
1,100, ,
1,120, ,
1,121, ,
1,122, ,
1,123, ,
1,124, ,
1,125, ,
1,126, ,
1,127, ,
1,128, ,
1,129, ,
1,130, ,
1,131, ,
1,132, ,
1,133, ,
1,134, ,
1,135, ,
1,136, ,
1,137, ,
1,138, ,
1,139, ,
1,140, ,
1,141, ,
1,142, ,
1,143, ,
1,151, ,
1,152, ,
1,153, ,
1,154, ,
1,175, ,
1,176, ,
1,177, ,
1,181, ,
1,182, ,
1,183, ,
1,184, ,
1,185, ,
1,186, ,
1,187, ,
1,188, ,
1,189, ,
1,190, ,
1,191, ,
1,192, ,
1,193, ,
1,194, ,
1,195, ,
1,196, ,
1,202,randomOption_Weapon.bin,
1,203,randomOption_Weapon.bin,
1,204,randomOption_Weapon.bin,
1,205,randomOption_Weapon.bin,
1,206,randomOption_Weapon.bin,
1,207,randomOption_Weapon.bin,
1,208,randomOption_Weapon.bin,
1,209,randomOption_Weapon.bin,
1,210,randomOption_Weapon.bin,
1,211,randomOption_Weapon.bin,
1,212,randomOption_Weapon.bin,
1,213,randomOption_Weapon.bin,
1,214,randomOption_Weapon.bin,
1,215,randomOption_Weapon.bin,
1,216,randomOption_Weapon.bin,
1,217,randomOption_Weapon.bin,
1,218,randomOption_Weapon.bin,
1,219,randomOption_Weapon.bin,
1,220,randomOption_Weapon.bin,
1,221,randomOption_Weapon.bin,
2,0, ,
2,1, ,
2,2, ,
2,3, ,
2,4, ,
2,5, ,
2,6, ,
2,7, ,
2,8, ,
2,9, ,
2,10,randomOption_Necklace.bin,
2,11,randomOption_Necklace.bin,
2,12,randomOption_Necklace.bin,
2,13,randomOption_Necklace.bin,
2,14,randomOption_Necklace.bin,
2,15, ,
2,16,randomOption_Armor.bin,
2,17,randomOption_Armor.bin,
2,18,randomOption_Armor.bin,
2,19,randomOption_Armor.bin,
2,42, ,
3,0, ,
3,1,randomOption_Weapon.bin,
3,2,randomOption_Weapon.bin,
3,3,randomOption_Weapon.bin,
3,4,randomOption_Weapon.bin,
3,5,randomOption_Weapon.bin,
3,6,randomOption_Weapon.bin,
3,7,randomOption_Weapon.bin,
3,8,randomOption_Weapon.bin,
3,9,randomOption_Weapon.bin,
3,10,randomOption_Weapon.bin,
3,11,randomOption_Weapon.bin,
3,12,randomOption_Weapon.bin,
3,13,randomOption_Weapon.bin,
3,14,randomOption_Weapon.bin,
3,15,randomOption_Weapon.bin,
3,16,randomOption_Weapon.bin,
3,17,randomOption_Weapon.bin,
4,0, ,
4,1, ,
4,2, ,
4,3, ,
4,4, ,
4,5, ,
4,6, ,
4,7, ,
4,8, ,
5,0, ,
5,1, ,
5,2, ,
5,3, ,
5,4, ,
5,5, ,
6,0, ,
6,1, ,
6,2, ,
6,3, ,
6,4, ,
6,5, ,
7,0, ,
7,1,randomOption_WeaponCS.bin,
7,2,randomOption_WeaponCS.bin,
8,0, ,
8,1, ,
8,2, ,
8,3, ,
8,4, ,
8,5, ,
8,6, ,
8,7, ,
8,8, ,
8,9, ,
9,0, ,
9,1, ,
9,2, ,
9,3, ,
9,4, ,
9,5, ,
9,6, ,
9,7, ,
9,8, ,
9,9, ,
9,10, ,
9,11, ,
9,12, ,
9,13, ,
9,14, ,
9,15, ,
9,16, ,
9,17, ,
9,18, ,
9,19, ,
9,20, ,
9,21, ,
9,22, ,
9,23, ,
9,24, ,
9,25, ,
9,26, ,
9,27, ,
9,28, ,
9,29, ,
9,32, ,
9,33, ,
9,34, ,
9,35, ,
9,42, ,
9,44, ,
9,45, ,
9,46, ,
10,0, ,
11,0, ,
11,1, ,
11,2, ,
11,3, ,
11,4, ,
11,5, ,
11,6, ,
11,7, ,
11,8, ,
11,9, ,
11,10, ,
11,11, ,
11,12, ,
11,13, ,
11,14, ,
11,15, ,
11,16, ,
11,17, ,
11,18, ,
11,19, ,
11,20, ,
11,21, ,
11,22, ,
11,23, ,
11,24, ,
11,25, ,
12,0, ,
12,1, ,
12,2, ,
12,3, ,
12,4, ,
12,5, ,
12,6, ,
12,7, ,
12,8, ,
12,9, ,
12,10, ,
13,0, ,
13,1, ,
13,2, ,
13,3, ,
13,4, ,
13,5, ,
13,6, ,
13,7, ,
14,0, ,
14,1, ,
14,2, ,
14,3, ,
14,4, ,
14,5, ,
14,6, ,
14,7, ,
15,0, ,
15,1,randomOption_Ring.bin,
15,2,randomOption_Ring.bin,
15,3,randomOption_Ring.bin,
16,0, ,
16,1, ,
16,2, ,
16,3, ,
16,4, ,
16,5, ,
16,6, ,
17,0, ,
17,1, ,
18,0, ,
18,1, ,
18,2, ,
18,3, ,
18,11, ,
18,12, ,
18,13, ,
18,21, ,
18,22, ,
18,31, ,
18,32, ,
18,33, ,
18,41, ,
18,51, ,
18,52, ,
19,0,randomOption_Weapon.bin,
19,1,randomOption_Weapon.bin,
19,2,randomOption_Weapon.bin,
19,3,randomOption_Weapon.bin,
19,4,randomOption_Weapon.bin,
19,5,randomOption_Weapon.bin,
19,6,randomOption_Weapon.bin,
19,7,randomOption_Weapon.bin,
19,8,randomOption_Weapon.bin,
20,0, ,
21,0, ,
21,1,randomOption_Necklace.bin,
21,2,randomOption_Necklace.bin,
21,3,randomOption_Necklace.bin,
21,4,randomOption_Necklace.bin,
21,5,randomOption_Necklace.bin,
21,51,randomOption_Ring.bin,
21,52,randomOption_Ring.bin,
22,0, ,
22,1, ,
22,2, ,
22,3, ,
22,4, ,
22,5, ,
22,6, ,
22,7, ,
22,21, ,
23,0, ,
23,1, ,
23,2,randomOption_Weapon.bin,
23,3,randomOption_Weapon.bin,
23,4,randomOption_Weapon.bin,
23,5,randomOption_Weapon.bin,
23,6,randomOption_Weapon.bin,
23,7,randomOption_Weapon.bin,
23,8,randomOption_Weapon.bin,
23,9,randomOption_Weapon.bin,
23,10,randomOption_Weapon.bin,
23,11, ,
23,12,randomOption_Weapon.bin,
24,0, ,
25,0, ,
26,0, ,
27,0,randomOption_Weapon.bin,
27,1, ,
27,2,randomOption_Weapon.bin,
27,3,randomOption_Weapon.bin,
27,4,randomOption_Weapon.bin,
27,5,randomOption_Weapon.bin,
27,6,randomOption_Weapon.bin,
27,7,randomOption_Weapon.bin,
27,8,randomOption_Weapon.bin,
27,9,randomOption_Weapon.bin,
27,10,randomOption_Weapon.bin,
27,11,randomOption_Weapon.bin,
27,12,randomOption_Weapon.bin,
27,13,randomOption_Weapon.bin,
27,14,randomOption_Weapon.bin,
27,15,randomOption_Weapon.bin,
27,16,randomOption_Weapon.bin,
28,0,randomOption_Weapon.bin,
28,1,randomOption_Weapon.bin,
28,2,randomOption_Weapon.bin,
28,3,randomOption_Weapon.bin,
28,4,randomOption_Weapon.bin,
28,5,randomOption_Weapon.bin,
28,6,randomOption_Weapon.bin,
28,7,randomOption_Weapon.bin,
28,8,randomOption_Weapon.bin,
28,9,randomOption_Weapon.bin,
28,10,randomOption_Weapon.bin,
28,11,randomOption_Weapon.bin,
28,12,randomOption_Weapon.bin,
28,13,randomOption_Weapon.bin,
28,14,randomOption_Weapon.bin,
28,15,randomOption_Weapon.bin,
28,16,randomOption_Weapon.bin,
28,17,randomOption_Weapon.bin,
28,18,randomOption_Weapon.bin,
28,19, ,
28,20, ,
28,21, ,
29,0,randomOption_Weapon.bin,
29,1, ,
29,2,randomOption_Weapon.bin,
29,3,randomOption_Weapon.bin,
29,4,randomOption_Weapon.bin,
30,0, ,
30,1,randomOption_Weapon.bin,
30,2,randomOption_Weapon.bin,
30,3,randomOption_Weapon.bin,
30,4,randomOption_Weapon.bin,
30,5,randomOption_Weapon.bin,
30,6,randomOption_Weapon.bin,
30,7,randomOption_Weapon.bin,
30,8,randomOption_Weapon.bin,
30,9,randomOption_Weapon.bin,
30,10,randomOption_Weapon.bin,
30,11,randomOption_Weapon.bin,
30,12,randomOption_Weapon.bin,
30,13,randomOption_Weapon.bin,
30,14, ,
30,15, ,
31,0,randomOption_Weapon.bin,
31,1,randomOption_Weapon.bin,
31,2,randomOption_Weapon.bin,
31,3,randomOption_Weapon.bin,
31,4,randomOption_Weapon.bin,
31,5,randomOption_Weapon.bin,
31,6,randomOption_Weapon.bin,
31,7,randomOption_Weapon.bin,
31,8,randomOption_Weapon.bin,
31,9,randomOption_Weapon.bin,
31,10,randomOption_Weapon.bin,
31,11,randomOption_Weapon.bin,
31,12,randomOption_Weapon.bin,
31,13,randomOption_Weapon.bin,
31,14, ,
31,15, ,
32,0, ,
32,1,randomOption_Armor.bin,
32,2,randomOption_Armor.bin,
32,3,randomOption_Armor.bin,
32,4,randomOption_Armor.bin,
32,5,randomOption_Armor.bin,
32,6,randomOption_Armor.bin,
32,7,randomOption_Armor.bin,
32,8,randomOption_Armor.bin,
32,9,randomOption_Armor.bin,
33,0, ,
33,1,randomOption_Armor.bin,
33,2,randomOption_Armor.bin,
33,3,randomOption_Armor.bin,
33,4,randomOption_Armor.bin,
33,5,randomOption_Armor.bin,
33,6,randomOption_Armor.bin,
33,7,randomOption_Armor.bin,
33,8,randomOption_Armor.bin,
33,9,randomOption_Armor.bin,
33,10,randomOption_Armor.bin,
33,11,randomOption_Armor.bin,
33,12,randomOption_Armor.bin,
33,13,randomOption_Armor.bin,
33,14,randomOption_Armor.bin,
33,15,randomOption_Armor.bin,
33,16,randomOption_Armor.bin,
33,17,randomOption_Armor.bin,
33,18,randomOption_Armor.bin,
33,19,randomOption_Armor.bin,
33,20,randomOption_Armor.bin,
34,0, ,
34,1,randomOption_Armor.bin,
34,2,randomOption_Armor.bin,
34,3,randomOption_Armor.bin,
34,4,randomOption_Armor.bin,
34,5,randomOption_Armor.bin,
34,6,randomOption_Armor.bin,
34,7,randomOption_Armor.bin,
34,8,randomOption_Armor.bin,
34,9,randomOption_Armor.bin,
34,10,randomOption_Armor.bin,
34,11,randomOption_Armor.bin,
34,12,randomOption_Armor.bin,
34,13,randomOption_Armor.bin,
34,14,randomOption_Armor.bin,
34,15,randomOption_Armor.bin,
34,16,randomOption_Armor.bin,
34,17,randomOption_Armor.bin,
34,18,randomOption_Armor.bin,
34,19,randomOption_Armor.bin,
34,20,randomOption_Armor.bin,
35,0, ,
35,1,randomOption_Armor.bin,
35,2,randomOption_Armor.bin,
35,3,randomOption_Armor.bin,
35,4,randomOption_Armor.bin,
35,5,randomOption_Armor.bin,
35,6,randomOption_Armor.bin,
35,7,randomOption_Armor.bin,
35,8,randomOption_Armor.bin,
35,9,randomOption_Armor.bin,
35,10,randomOption_Armor.bin,
35,11,randomOption_Armor.bin,
35,12,randomOption_Armor.bin,
35,13,randomOption_Armor.bin,
35,14,randomOption_Armor.bin,
35,15,randomOption_Armor.bin,
35,16,randomOption_Armor.bin,
35,17,randomOption_Armor.bin,
35,18,randomOption_Armor.bin,
35,19,randomOption_Armor.bin,
35,20,randomOption_Armor.bin,
36,0, ,
36,1,randomOption_Armor.bin,
36,2,randomOption_Armor.bin,
36,3,randomOption_Armor.bin,
36,4,randomOption_Armor.bin,
36,5,randomOption_Armor.bin,
36,6,randomOption_Armor.bin,
36,7,randomOption_Armor.bin,
36,8,randomOption_Armor.bin,
36,9,randomOption_Armor.bin,
36,10,randomOption_Armor.bin,
36,11,randomOption_Armor.bin,
36,12,randomOption_Armor.bin,
36,13,randomOption_Armor.bin,
36,14,randomOption_Armor.bin,
36,15,randomOption_Armor.bin,
36,16,randomOption_Armor.bin,
36,17,randomOption_Armor.bin,
36,18,randomOption_Armor.bin,
36,19,randomOption_Armor.bin,
36,20,randomOption_Armor.bin,
37,0, ,
38,0, ,
38,1, ,
38,2,randomOption_Armor.bin,
38,3,randomOption_Armor.bin,
38,4,randomOption_Armor.bin,
38,5,randomOption_Armor.bin,
38,6,randomOption_Armor.bin,
38,7,randomOption_Armor.bin,
38,8,randomOption_Armor.bin,
38,9,randomOption_Armor.bin,
38,10,randomOption_Armor.bin,
39,0, ,
39,1,randomOption_Armor.bin,
39,2,randomOption_Armor.bin,
39,3,randomOption_Armor.bin,
39,4,randomOption_Armor.bin,
39,5,randomOption_Armor.bin,
39,6,randomOption_Armor.bin,
39,7,randomOption_Armor.bin,
39,8,randomOption_Armor.bin,
39,9,randomOption_Armor.bin,
39,10,randomOption_Armor.bin,
39,11,randomOption_Armor.bin,
39,12,randomOption_Armor.bin,
39,13,randomOption_Armor.bin,
39,14,randomOption_Armor.bin,
39,15,randomOption_Armor.bin,
39,16,randomOption_Armor.bin,
39,17,randomOption_Armor.bin,
39,18,randomOption_Armor.bin,
39,19,randomOption_Armor.bin,
39,20,randomOption_Armor.bin,
40,0, ,
40,1,randomOption_Armor.bin,
40,2,randomOption_Armor.bin,
40,3,randomOption_Armor.bin,
40,4,randomOption_Armor.bin,
40,5,randomOption_Armor.bin,
40,6,randomOption_Armor.bin,
40,7,randomOption_Armor.bin,
40,8,randomOption_Armor.bin,
40,9,randomOption_Armor.bin,
40,10,randomOption_Armor.bin,
40,11,randomOption_Armor.bin,
40,12,randomOption_Armor.bin,
40,13,randomOption_Armor.bin,
40,14,randomOption_Armor.bin,
40,15,randomOption_Armor.bin,
40,16,randomOption_Armor.bin,
40,17,randomOption_Armor.bin,
40,18,randomOption_Armor.bin,
40,19,randomOption_Armor.bin,
40,20,randomOption_Armor.bin,
41,0, ,
41,1, ,
41,2,randomOption_Armor.bin,
41,3,randomOption_Armor.bin,
41,4,randomOption_Armor.bin,
41,5,randomOption_Armor.bin,
41,6,randomOption_Armor.bin,
41,7,randomOption_Armor.bin,
41,8,randomOption_Armor.bin,
41,9,randomOption_Armor.bin,
41,10,randomOption_Armor.bin,
42,0, ,
42,1,randomOption_Armor.bin,
42,2,randomOption_Armor.bin,
42,3,randomOption_Armor.bin,
42,4,randomOption_Armor.bin,
42,5,randomOption_Armor.bin,
42,6,randomOption_Armor.bin,
42,7,randomOption_Armor.bin,
42,8,randomOption_Armor.bin,
42,9,randomOption_Armor.bin,
42,10,randomOption_Armor.bin,
42,11,randomOption_Armor.bin,
42,12,randomOption_Armor.bin,
42,13,randomOption_Armor.bin,
42,14,randomOption_Armor.bin,
42,15,randomOption_Armor.bin,
42,16,randomOption_Armor.bin,
42,17,randomOption_Armor.bin,
42,18,randomOption_Armor.bin,
42,19,randomOption_Armor.bin,
42,20,randomOption_Armor.bin,
43,0, ,
43,1,randomOption_Armor.bin,
43,2,randomOption_Armor.bin,
43,3,randomOption_Armor.bin,
43,4,randomOption_Armor.bin,
43,5,randomOption_Armor.bin,
43,6,randomOption_Armor.bin,
43,7,randomOption_Armor.bin,
43,8,randomOption_Armor.bin,
43,9,randomOption_Armor.bin,
43,10,randomOption_Armor.bin,
43,11,randomOption_Armor.bin,
43,12,randomOption_Armor.bin,
43,13,randomOption_Armor.bin,
43,14,randomOption_Armor.bin,
43,15,randomOption_Armor.bin,
43,16,randomOption_Armor.bin,
43,17,randomOption_Armor.bin,
43,18,randomOption_Armor.bin,
43,19,randomOption_Armor.bin,
43,20,randomOption_Armor.bin,
44,0, ,
44,1, ,
44,2,randomOption_Armor.bin,
44,3,randomOption_Armor.bin,
44,4,randomOption_Armor.bin,
44,5,randomOption_Armor.bin,
44,6,randomOption_Armor.bin,
44,7,randomOption_Armor.bin,
44,8,randomOption_Armor.bin,
44,9,randomOption_Armor.bin,
44,10,randomOption_Armor.bin,
45,0, ,
45,1,randomOption_Armor.bin,
45,2,randomOption_Armor.bin,
45,3,randomOption_Armor.bin,
45,4,randomOption_Armor.bin,
45,5,randomOption_Armor.bin,
45,6,randomOption_Armor.bin,
45,7,randomOption_Armor.bin,
45,8,randomOption_Armor.bin,
45,9,randomOption_Armor.bin,
45,10,randomOption_Armor.bin,
45,11,randomOption_Armor.bin,
45,12,randomOption_Armor.bin,
45,13,randomOption_Armor.bin,
45,14,randomOption_Armor.bin,
45,15,randomOption_Armor.bin,
45,16,randomOption_Armor.bin,
45,17,randomOption_Armor.bin,
45,18,randomOption_Armor.bin,
45,19,randomOption_Armor.bin,
45,20,randomOption_Armor.bin,
46,0, ,
46,1,randomOption_Armor.bin,
46,2,randomOption_Armor.bin,
46,3,randomOption_Armor.bin,
46,4,randomOption_Armor.bin,
46,5,randomOption_Armor.bin,
46,6,randomOption_Armor.bin,
46,7,randomOption_Armor.bin,
46,8,randomOption_Armor.bin,
46,9,randomOption_Armor.bin,
46,10,randomOption_Armor.bin,
46,11,randomOption_Armor.bin,
46,12,randomOption_Armor.bin,
46,13,randomOption_Armor.bin,
46,14,randomOption_Armor.bin,
46,15,randomOption_Armor.bin,
46,16,randomOption_Armor.bin,
46,17,randomOption_Armor.bin,
46,18,randomOption_Armor.bin,
46,19,randomOption_Armor.bin,
46,20,randomOption_Armor.bin,
47,0, ,
48,0, ,
49,0, ,
50,0, ,
50,1, ,
50,2,randomOption_Armor.bin,
50,3,randomOption_Armor.bin,
50,4,randomOption_Armor.bin,
50,5,randomOption_Armor.bin,
50,6,randomOption_Armor.bin,
50,7,randomOption_Armor.bin,
50,8,randomOption_Armor.bin,
50,9,randomOption_Armor.bin,
50,10,randomOption_Armor.bin,
51,0, ,
51,1,randomOption_Armor.bin,
51,2,randomOption_Armor.bin,
51,3,randomOption_Armor.bin,
51,4,randomOption_Armor.bin,
51,5,randomOption_Armor.bin,
51,6,randomOption_Armor.bin,
51,7,randomOption_Armor.bin,
51,8,randomOption_Armor.bin,
51,9,randomOption_Armor.bin,
51,10,randomOption_Armor.bin,
51,11,randomOption_Armor.bin,
51,12,randomOption_Armor.bin,
51,13,randomOption_Armor.bin,
51,14,randomOption_Armor.bin,
51,15,randomOption_Armor.bin,
51,16,randomOption_Armor.bin,
51,17,randomOption_Armor.bin,
51,18,randomOption_Armor.bin,
51,19,randomOption_Armor.bin,
51,20,randomOption_Armor.bin,
52,0, ,
52,1,randomOption_Armor.bin,
52,2,randomOption_Armor.bin,
52,3,randomOption_Armor.bin,
52,4,randomOption_Armor.bin,
52,5,randomOption_Armor.bin,
52,6,randomOption_Armor.bin,
52,7,randomOption_Armor.bin,
52,8,randomOption_Armor.bin,
52,9,randomOption_Armor.bin,
52,10,randomOption_Armor.bin,
52,11,randomOption_Armor.bin,
52,12,randomOption_Armor.bin,
52,13,randomOption_Armor.bin,
52,14,randomOption_Armor.bin,
52,15,randomOption_Armor.bin,
52,16,randomOption_Armor.bin,
52,17,randomOption_Armor.bin,
52,18,randomOption_Armor.bin,
52,19,randomOption_Armor.bin,
52,20,randomOption_Armor.bin,
53,0, ,
53,1, ,
53,2,randomOption_Armor.bin,
53,3,randomOption_Armor.bin,
53,4,randomOption_Armor.bin,
53,5,randomOption_Armor.bin,
53,6,randomOption_Armor.bin,
53,7,randomOption_Armor.bin,
53,8,randomOption_Armor.bin,
53,9,randomOption_Armor.bin,
53,10,randomOption_Armor.bin,
54,0, ,
54,1,randomOption_Armor.bin,
54,2,randomOption_Armor.bin,
54,3,randomOption_Armor.bin,
54,4,randomOption_Armor.bin,
54,5,randomOption_Armor.bin,
54,6,randomOption_Armor.bin,
54,7,randomOption_Armor.bin,
54,8,randomOption_Armor.bin,
54,9,randomOption_Armor.bin,
54,10,randomOption_Armor.bin,
54,11,randomOption_Armor.bin,
54,12,randomOption_Armor.bin,
54,13,randomOption_Armor.bin,
54,14,randomOption_Armor.bin,
54,15,randomOption_Armor.bin,
54,16,randomOption_Armor.bin,
54,17,randomOption_Armor.bin,
54,18,randomOption_Armor.bin,
54,19,randomOption_Armor.bin,
54,20,randomOption_Armor.bin,
55,0, ,
55,1,randomOption_Armor.bin,
55,2,randomOption_Armor.bin,
55,3,randomOption_Armor.bin,
55,4,randomOption_Armor.bin,
55,5,randomOption_Armor.bin,
55,6,randomOption_Armor.bin,
55,7,randomOption_Armor.bin,
55,8,randomOption_Armor.bin,
55,9,randomOption_Armor.bin,
55,10,randomOption_Armor.bin,
55,11,randomOption_Armor.bin,
55,12,randomOption_Armor.bin,
55,13,randomOption_Armor.bin,
55,14,randomOption_Armor.bin,
55,15,randomOption_Armor.bin,
55,16,randomOption_Armor.bin,
55,17,randomOption_Armor.bin,
55,18,randomOption_Armor.bin,
55,19,randomOption_Armor.bin,
55,20,randomOption_Armor.bin,
56,0, ,
56,1, ,
56,2,randomOption_Armor.bin,
56,3,randomOption_Armor.bin,
56,4,randomOption_Armor.bin,
56,5,randomOption_Armor.bin,
56,6,randomOption_Armor.bin,
56,7,randomOption_Armor.bin,
56,8,randomOption_Armor.bin,
56,9,randomOption_Armor.bin,
56,10,randomOption_Armor.bin,
57,0, ,
57,1,randomOption_Armor.bin,
57,2,randomOption_Armor.bin,
57,3,randomOption_Armor.bin,
57,4,randomOption_Armor.bin,
57,5,randomOption_Armor.bin,
57,6,randomOption_Armor.bin,
57,7,randomOption_Armor.bin,
57,8,randomOption_Armor.bin,
57,9,randomOption_Armor.bin,
57,10,randomOption_Armor.bin,
57,11,randomOption_Armor.bin,
57,12,randomOption_Armor.bin,
57,13,randomOption_Armor.bin,
57,14,randomOption_Armor.bin,
57,15,randomOption_Armor.bin,
57,16,randomOption_Armor.bin,
57,17,randomOption_Armor.bin,
57,18,randomOption_Armor.bin,
57,19,randomOption_Armor.bin,
57,20,randomOption_Armor.bin,
58,0, ,
58,1,randomOption_Armor.bin,
58,2,randomOption_Armor.bin,
58,3,randomOption_Armor.bin,
58,4,randomOption_Armor.bin,
58,5,randomOption_Armor.bin,
58,6,randomOption_Armor.bin,
58,7,randomOption_Armor.bin,
58,8,randomOption_Armor.bin,
58,9,randomOption_Armor.bin,
58,10,randomOption_Armor.bin,
58,11,randomOption_Armor.bin,
58,12,randomOption_Armor.bin,
58,13,randomOption_Armor.bin,
58,14,randomOption_Armor.bin,
58,15,randomOption_Armor.bin,
58,16,randomOption_Armor.bin,
58,17,randomOption_Armor.bin,
58,18,randomOption_Armor.bin,
58,19,randomOption_Armor.bin,
58,20,randomOption_Armor.bin,
59,0, ,
59,1, ,
59,2,randomOption_Necklace.bin,
59,3,randomOption_Necklace.bin,
59,4,randomOption_Necklace.bin,
59,5,randomOption_Necklace.bin,
59,6,randomOption_Necklace.bin,
59,7,randomOption_Necklace.bin,
59,8,randomOption_Necklace.bin,
59,9,randomOption_Necklace.bin,
59,10,randomOption_Necklace.bin,
59,11,randomOption_Necklace.bin,
59,12,randomOption_Necklace.bin,
59,13,randomOption_Necklace.bin,
59,14,randomOption_Necklace.bin,
59,15,randomOption_Necklace.bin,
59,16,randomOption_Necklace.bin,
59,17,randomOption_Necklace.bin,
59,18,randomOption_Necklace.bin,
59,19,randomOption_Necklace.bin,
59,20,randomOption_Necklace.bin,
59,21,randomOption_Necklace.bin,
59,22,randomOption_Necklace.bin,
59,23,randomOption_Necklace.bin,
59,24,randomOption_Necklace.bin,
59,25,randomOption_Necklace.bin,
59,26,randomOption_Necklace.bin,
59,27,randomOption_Necklace.bin,
59,28,randomOption_Necklace.bin,
59,29,randomOption_Necklace.bin,
59,30,randomOption_Necklace.bin,
59,31,randomOption_Necklace.bin,
59,32,randomOption_Necklace.bin,
59,33,randomOption_Necklace.bin,
59,34,randomOption_Necklace.bin,
59,35,randomOption_Necklace.bin,
59,36,randomOption_Necklace.bin,
59,37,randomOption_Necklace.bin,
59,38,randomOption_Necklace.bin,
59,39,randomOption_Necklace.bin,
59,40,randomOption_Necklace.bin,
59,41,randomOption_Necklace.bin,
59,42,randomOption_Armor.bin,
59,43,randomOption_Armor.bin,
59,44,randomOption_Armor.bin,
59,45,randomOption_Armor.bin,
59,46,randomOption_Armor.bin,
60,0, ,
60,1, ,
60,2, ,
60,3, ,
60,4, ,
60,5, ,
60,6, ,
60,7, ,
60,8,randomOption_Necklace.bin,
60,9,randomOption_Necklace.bin,
60,10,randomOption_Necklace.bin,
60,11,randomOption_Necklace.bin,
60,12,randomOption_Necklace.bin,
60,13,randomOption_Necklace.bin,
60,14, ,
60,15, ,
60,16, ,
60,17, ,
60,18,randomOption_Necklace.bin,
60,19,randomOption_Necklace.bin,
60,20,randomOption_Necklace.bin,
60,21,randomOption_Necklace.bin,
60,22,randomOption_Necklace.bin,
60,23,randomOption_Necklace.bin,
60,24,randomOption_Necklace.bin,
60,25, ,
60,26, ,
60,27, ,
60,28, ,
60,29,randomOption_Necklace.bin,
60,30,randomOption_Necklace.bin,
60,31,randomOption_Necklace.bin,
60,32,randomOption_Necklace.bin,
60,33,randomOption_Necklace.bin,
60,34,randomOption_Necklace.bin,
60,35,randomOption_Necklace.bin,
60,36, ,
60,37, ,
60,38, ,
60,39, ,
60,40,randomOption_Necklace.bin,
60,41,randomOption_Necklace.bin,
60,42,randomOption_Necklace.bin,
60,43,randomOption_Necklace.bin,
60,44,randomOption_Necklace.bin,
60,45,randomOption_Necklace.bin,
60,46,randomOption_Necklace.bin,
60,51,randomOption_Necklace.bin,
60,52,randomOption_Necklace.bin,
60,53,randomOption_Necklace.bin,
60,54,randomOption_Necklace.bin,
60,55,randomOption_Necklace.bin,
60,56,randomOption_Necklace.bin,
60,57,randomOption_Necklace.bin,
60,58,randomOption_Necklace.bin,
60,59,randomOption_Necklace.bin,
60,60,randomOption_Necklace.bin,
60,61,randomOption_Necklace.bin,
60,62,randomOption_Necklace.bin,
60,63,randomOption_Necklace.bin,
60,64,randomOption_Necklace.bin,
60,65,randomOption_Necklace.bin,
60,66,randomOption_Necklace.bin,
60,67,randomOption_Necklace.bin,
60,68,randomOption_Necklace.bin,
60,69,randomOption_Necklace.bin,
61,0, ,
61,1, ,
61,2, ,
61,3,randomOption_Ring.bin,
61,4,randomOption_Ring.bin,
61,5,randomOption_Ring.bin,
61,6,randomOption_Ring.bin,
61,7,randomOption_Ring.bin,
61,8,randomOption_Ring.bin,
61,9,randomOption_Ring.bin,
61,10,randomOption_Ring.bin,
61,11,randomOption_Ring.bin,
61,12,randomOption_Ring.bin,
61,13,randomOption_Bracelet.bin,
61,14,randomOption_Bracelet.bin,
61,15,randomOption_Bracelet.bin,
61,16,randomOption_Bracelet.bin,
61,17,randomOption_Bracelet.bin,
61,18,randomOption_Bracelet.bin,
61,19,randomOption_Bracelet.bin,
61,20,randomOption_Bracelet.bin,
61,21,randomOption_Bracelet.bin,
61,22,randomOption_Necklace.bin,
61,23,randomOption_Bracelet.bin,
61,24,randomOption_Bracelet.bin,
61,25,randomOption_Ring.bin,
61,26,randomOption_Ring.bin,
61,27,randomOption_Necklace.bin,
61,28,randomOption_Ring.bin,
61,29,randomOption_Ring.bin,
61,30,randomOption_Ring.bin,
61,31,randomOption_Ring.bin,
61,32,randomOption_Ring.bin,
61,33,randomOption_Ring.bin,
61,34,randomOption_Ring.bin,
61,35,randomOption_Ring.bin,
61,36,randomOption_Ring.bin,
61,37,randomOption_Ring.bin,
61,38,randomOption_Ring.bin,
62,0, ,
62,1, ,
62,2, ,
62,3, ,
62,4, ,
62,5, ,
62,6, ,
62,7, ,
62,8, ,
62,9, ,
62,10,randomOption_Ring.bin,
62,11,randomOption_Ring.bin,
62,12,randomOption_Ring.bin,
62,13,randomOption_Ring.bin,
62,14,randomOption_Ring.bin,
62,15,randomOption_Ring.bin,
62,16,randomOption_Ring.bin,
62,17,randomOption_Ring.bin,
62,18,randomOption_Ring.bin,
62,19,randomOption_Ring.bin,
62,20,randomOption_Ring.bin,
62,21,randomOption_Ring.bin,
62,22,randomOption_Ring.bin,
62,23,randomOption_Ring.bin,
62,24,randomOption_Ring.bin,
62,25,randomOption_Ring.bin,
62,26,randomOption_Ring.bin,
62,27,randomOption_Ring.bin,
62,28,randomOption_Ring.bin,
62,29,randomOption_Ring.bin,
62,30,randomOption_Ring.bin,
62,31,randomOption_Ring.bin,
62,32,randomOption_Ring.bin,
62,33,randomOption_Ring.bin,
62,34,randomOption_Ring.bin,
62,35,randomOption_Ring.bin,
62,36,randomOption_Ring.bin,
62,37,randomOption_Ring.bin,
62,38,randomOption_Ring.bin,
62,39,randomOption_Ring.bin,
62,40,randomOption_Ring.bin,
62,41,randomOption_Ring.bin,
62,42,randomOption_Ring.bin,
62,43,randomOption_Ring.bin,
62,44,randomOption_Ring.bin,
62,45,randomOption_Ring.bin,
62,46,randomOption_Ring.bin,
62,47,randomOption_Ring.bin,
62,48,randomOption_Ring.bin,
62,49,randomOption_Ring.bin,
62,50,randomOption_Ring.bin,
62,51,randomOption_Ring.bin,
62,52,randomOption_Ring.bin,
62,53,randomOption_Ring.bin,
62,54,randomOption_Ring.bin,
62,55,randomOption_Ring.bin,
62,56,randomOption_Ring.bin,
63,0, ,
64,0, ,
65,0, ,
65,1, ,
65,2, ,
65,3, ,
65,4, ,
65,5, ,
65,6, ,
65,7,randomOption_Weapon.bin,
65,8,randomOption_Weapon.bin,
65,9,randomOption_Weapon.bin,
65,10,randomOption_Weapon.bin,
65,11,randomOption_Weapon.bin,
65,12,randomOption_Weapon.bin,
65,13,randomOption_Weapon.bin,
65,14,randomOption_Weapon.bin,
65,15,randomOption_Weapon.bin,
65,16,randomOption_Weapon.bin,
65,17,randomOption_Ring.bin,
65,18, ,
65,19,randomOption_Armor.bin,
65,20,randomOption_Armor.bin,
65,21,randomOption_Armor.bin,
65,22,randomOption_Necklace.bin,
65,23,randomOption_Weapon.bin,
65,24,randomOption_Weapon.bin,
65,25,randomOption_Weapon.bin,
65,26,randomOption_Weapon.bin,
65,27,randomOption_Weapon.bin,
65,28,randomOption_Weapon.bin,
65,29,randomOption_Weapon.bin,
65,30,randomOption_Weapon.bin,
65,31,randomOption_Weapon.bin,
65,32,randomOption_Weapon.bin,
65,33,randomOption_Weapon.bin,
65,34,randomOption_Ring.bin,
65,35, ,
65,36,randomOption_Weapon.bin,
65,37,randomOption_Weapon.bin,
65,38,randomOption_Weapon.bin,
65,39,randomOption_Weapon.bin,
65,40,randomOption_Weapon.bin,
65,41,randomOption_Weapon.bin,
65,42,randomOption_Weapon.bin,
65,43,randomOption_Weapon.bin,
65,44,randomOption_Weapon.bin,
65,45,randomOption_Weapon.bin,
65,46,randomOption_Weapon.bin,
65,47, ,
65,48, ,
65,49,randomOption_Armor.bin,
65,50,randomOption_Armor.bin,
65,51,randomOption_Armor.bin,
65,52,randomOption_Ring.bin,
65,53, ,
65,54, ,
65,55, ,
65,56, ,
65,57, ,
65,58, ,
65,59, ,
65,60,randomOption_Ring.bin,
65,61,randomOption_Ring.bin,
65,62,randomOption_Ring.bin,
65,63,randomOption_Necklace.bin,
65,64, ,
65,65, ,
65,66, ,
65,67,randomOption_Necklace.bin,
65,68,randomOption_Necklace.bin,
65,69,randomOption_Necklace.bin,
65,70,randomOption_Weapon.bin,
65,71,randomOption_Weapon.bin,
65,72,randomOption_Weapon.bin,
65,73,randomOption_Weapon.bin,
65,74,randomOption_Weapon.bin,
65,75,randomOption_Weapon.bin,
65,76,randomOption_Weapon.bin,
65,77,randomOption_Weapon.bin,
65,78,randomOption_Weapon.bin,
65,79,randomOption_Necklace.bin,
65,80,randomOption_Necklace.bin,
65,81,randomOption_Necklace.bin,
65,82,randomOption_Necklace.bin,
65,83,randomOption_Necklace.bin,
65,93, ,
65,94, ,
65,95, ,
65,96, ,
65,97, ,
65,98, ,
65,99, ,
65,100, ,
65,101, ,
65,102, ,
65,103, ,
65,104, ,
65,105, ,
65,106, ,
65,107,randomOption_Weapon.bin,
65,108,randomOption_Weapon.bin,
65,109,randomOption_Weapon.bin,
66,0, ,
66,1, ,
66,2, ,
66,3, ,
66,4, ,
66,5, ,
66,6, ,
66,7, ,
66,8, ,
66,9, ,
66,10, ,
66,11, ,
66,12, ,
66,13, ,
66,14, ,
66,15, ,
66,16, ,
66,17, ,
66,18, ,
66,19, ,
66,20, ,
66,21, ,
67,0, ,
68,0,randomOption_Weapon.bin,
68,1,randomOption_Weapon.bin,
68,2,randomOption_Weapon.bin,
68,3,randomOption_Weapon.bin,
68,4,randomOption_Weapon.bin,
68,5,randomOption_Weapon.bin,
68,6,randomOption_Weapon.bin,
68,7,randomOption_Weapon.bin,
68,8,randomOption_Weapon.bin,
68,9,randomOption_Weapon.bin,
68,10,randomOption_Weapon.bin,
68,11,randomOption_Weapon.bin,
68,12,randomOption_Weapon.bin,
68,13,randomOption_Weapon.bin,
68,14,randomOption_Weapon.bin,
68,15,randomOption_Weapon.bin,
68,16,randomOption_Weapon.bin,
68,17,randomOption_Weapon.bin,
68,18,randomOption_Weapon.bin,
68,19,randomOption_Weapon.bin,
68,20,randomOption_Weapon.bin,
68,21,randomOption_Weapon.bin,
68,22,randomOption_Weapon.bin,
68,23,randomOption_Weapon.bin,
68,24,randomOption_Weapon.bin,
68,25,randomOption_Weapon.bin,
68,26,randomOption_Weapon.bin,
68,27,randomOption_Weapon.bin,
68,28,randomOption_Weapon.bin,
68,29,randomOption_Weapon.bin,
68,30,randomOption_Weapon.bin,
68,31,randomOption_Weapon.bin,
68,32,randomOption_Weapon.bin,
68,33,randomOption_Weapon.bin,
68,34,randomOption_Weapon.bin,
68,35,randomOption_Weapon.bin,
68,36,randomOption_Weapon.bin,
68,37,randomOption_Weapon.bin,
68,38,randomOption_Weapon.bin,
68,39,randomOption_Weapon.bin,
68,40,randomOption_Weapon.bin,
68,41,randomOption_Weapon.bin,
68,42,randomOption_Weapon.bin,
68,43,randomOption_Weapon.bin,
68,44,randomOption_Weapon.bin,
68,45,randomOption_Weapon.bin,
68,46,randomOption_Weapon.bin,
68,47,randomOption_Weapon.bin,
68,48,randomOption_Weapon.bin,
68,49,randomOption_Weapon.bin,
68,50,randomOption_Weapon.bin,
68,51,randomOption_Weapon.bin,
68,52,randomOption_Weapon.bin,
68,53,randomOption_Weapon.bin,
68,54,randomOption_Weapon.bin,
68,55,randomOption_Weapon.bin,
68,56,randomOption_Weapon.bin,
68,57,randomOption_Weapon.bin,
68,58,randomOption_Weapon.bin,
68,59,randomOption_Weapon.bin,
68,60,randomOption_Weapon.bin,
68,61,randomOption_Weapon.bin,
68,62,randomOption_Weapon.bin,
68,63,randomOption_Weapon.bin,
68,64,randomOption_Weapon.bin,
68,65,randomOption_Weapon.bin,
68,66,randomOption_Weapon.bin,
68,67,randomOption_Weapon.bin,
68,68,randomOption_Weapon.bin,
68,69,randomOption_Weapon.bin,
68,70,randomOption_Weapon.bin,
68,71,randomOption_Weapon.bin,
68,72,randomOption_Weapon.bin,
68,73,randomOption_Weapon.bin,
68,74,randomOption_Weapon.bin,
68,75,randomOption_Weapon.bin,
68,76,randomOption_Weapon.bin,
68,77,randomOption_Weapon.bin,
68,78,randomOption_Weapon.bin,
68,79,randomOption_Weapon.bin,
68,80,randomOption_Weapon.bin,
68,81,randomOption_Weapon.bin,
68,82,randomOption_Weapon.bin,
68,83,randomOption_Weapon.bin,
68,84,randomOption_Weapon.bin,
68,85,randomOption_Weapon.bin,
68,86,randomOption_Weapon.bin,
68,87,randomOption_Weapon.bin,
68,88,randomOption_Weapon.bin,
68,89,randomOption_Weapon.bin,
68,90,randomOption_Weapon.bin,
68,91,randomOption_Weapon.bin,
68,92,randomOption_Weapon.bin,
68,93,randomOption_Weapon.bin,
68,94,randomOption_Weapon.bin,
68,95,randomOption_Weapon.bin,
68,96,randomOption_Weapon.bin,
68,97, ,
68,98,randomOption_Weapon.bin,
68,99,randomOption_Weapon.bin,
68,100,randomOption_Weapon.bin,
68,101,randomOption_Weapon.bin,
68,102,randomOption_Weapon.bin,
68,103,randomOption_Weapon.bin,
69,0,randomOption_Weapon.bin,
69,1,randomOption_Weapon.bin,
69,2,randomOption_Weapon.bin,
69,3,randomOption_Weapon.bin,
69,4,randomOption_Weapon.bin,
69,5,randomOption_Weapon.bin,
69,6,randomOption_Weapon.bin,
69,7,randomOption_Weapon.bin,
69,8,randomOption_Weapon.bin,
69,9,randomOption_Weapon.bin,
69,10,randomOption_Weapon.bin,
69,11,randomOption_Weapon.bin,
69,12,randomOption_Weapon.bin,
69,13,randomOption_Weapon.bin,
69,14,randomOption_Weapon.bin,
69,15,randomOption_Weapon.bin,
69,16,randomOption_Weapon.bin,
69,17,randomOption_Weapon.bin,
69,18,randomOption_Weapon.bin,
69,19,randomOption_Weapon.bin,
69,20,randomOption_Weapon.bin,
69,21,randomOption_Weapon.bin,
69,22,randomOption_Weapon.bin,
69,23,randomOption_Weapon.bin,
69,24,randomOption_Weapon.bin,
69,25,randomOption_Weapon.bin,
69,26,randomOption_Weapon.bin,
69,27,randomOption_Weapon.bin,
69,28,randomOption_Weapon.bin,
69,29,randomOption_Weapon.bin,
69,30,randomOption_Weapon.bin,
69,31,randomOption_Weapon.bin,
69,32,randomOption_Weapon.bin,
69,33,randomOption_Weapon.bin,
69,34,randomOption_Weapon.bin,
69,35,randomOption_Weapon.bin,
69,36,randomOption_Weapon.bin,
69,37,randomOption_Weapon.bin,
69,38,randomOption_Weapon.bin,
69,39,randomOption_Weapon.bin,
69,40,randomOption_Weapon.bin,
69,41,randomOption_Weapon.bin,
69,42,randomOption_Weapon.bin,
69,43,randomOption_Weapon.bin,
69,44,randomOption_Weapon.bin,
69,45,randomOption_Weapon.bin,
69,46,randomOption_Weapon.bin,
69,47,randomOption_Weapon.bin,
69,48,randomOption_Weapon.bin,
69,49,randomOption_Weapon.bin,
69,50,randomOption_Weapon.bin,
69,51,randomOption_Weapon.bin,
69,52,randomOption_Weapon.bin,
69,53,randomOption_Weapon.bin,
69,54,randomOption_Weapon.bin,
69,55,randomOption_Weapon.bin,
69,56,randomOption_Weapon.bin,
69,57,randomOption_Weapon.bin,
69,58,randomOption_Weapon.bin,
69,59,randomOption_Weapon.bin,
69,60,randomOption_Weapon.bin,
69,61,randomOption_Weapon.bin,
69,62,randomOption_Weapon.bin,
69,63,randomOption_Weapon.bin,
69,64,randomOption_Weapon.bin,
69,65,randomOption_Weapon.bin,
69,66,randomOption_Weapon.bin,
69,67,randomOption_Weapon.bin,
69,68,randomOption_Weapon.bin,
69,69,randomOption_Weapon.bin,
69,70,randomOption_Weapon.bin,
69,71,randomOption_Weapon.bin,
69,72,randomOption_Weapon.bin,
69,73,randomOption_Weapon.bin,
69,74,randomOption_Weapon.bin,
69,75,randomOption_Weapon.bin,
69,76,randomOption_Weapon.bin,
69,77,randomOption_Weapon.bin,
69,78,randomOption_Weapon.bin,
69,79,randomOption_Weapon.bin,
69,80,randomOption_Weapon.bin,
69,81,randomOption_Weapon.bin,
69,82,randomOption_Weapon.bin,
69,83,randomOption_Weapon.bin,
69,84,randomOption_Weapon.bin,
69,85,randomOption_Weapon.bin,
69,86,randomOption_Weapon.bin,
69,87,randomOption_Weapon.bin,
69,88,randomOption_Weapon.bin,
69,89,randomOption_Weapon.bin,
69,90,randomOption_Weapon.bin,
69,91,randomOption_Weapon.bin,
69,92,randomOption_Weapon.bin,
69,93,randomOption_Weapon.bin,
69,94,randomOption_Weapon.bin,
69,95,randomOption_Weapon.bin,
69,96,randomOption_Weapon.bin,
69,97,randomOption_Weapon.bin,
69,98, ,
69,99,randomOption_Weapon.bin,
69,100,randomOption_Weapon.bin,
69,101,randomOption_Weapon.bin,
69,102,randomOption_Weapon.bin,
69,103,randomOption_Weapon.bin,
69,104,randomOption_Weapon.bin,
70,0,randomOption_Weapon.bin,
70,1,randomOption_Weapon.bin,
70,2,randomOption_Weapon.bin,
70,3,randomOption_Weapon.bin,
70,4,randomOption_Weapon.bin,
70,5,randomOption_Weapon.bin,
70,6,randomOption_Weapon.bin,
70,7,randomOption_Weapon.bin,
70,8,randomOption_Weapon.bin,
70,9,randomOption_Weapon.bin,
70,10,randomOption_Weapon.bin,
70,11,randomOption_Weapon.bin,
70,12,randomOption_Weapon.bin,
70,13,randomOption_Weapon.bin,
70,14,randomOption_Weapon.bin,
70,15,randomOption_Weapon.bin,
70,16,randomOption_Weapon.bin,
70,17,randomOption_Weapon.bin,
70,18,randomOption_Weapon.bin,
70,19,randomOption_Weapon.bin,
70,20,randomOption_Weapon.bin,
70,21,randomOption_Weapon.bin,
70,22,randomOption_Weapon.bin,
70,23,randomOption_Weapon.bin,
70,24,randomOption_Weapon.bin,
70,25,randomOption_Weapon.bin,
70,26,randomOption_Weapon.bin,
70,27,randomOption_Weapon.bin,
70,28,randomOption_Weapon.bin,
70,29,randomOption_Weapon.bin,
70,30,randomOption_Weapon.bin,
70,31,randomOption_Weapon.bin,
70,32,randomOption_Weapon.bin,
70,33,randomOption_Weapon.bin,
70,34,randomOption_Weapon.bin,
70,35,randomOption_Weapon.bin,
70,36,randomOption_Weapon.bin,
70,37,randomOption_Weapon.bin,
70,38,randomOption_Weapon.bin,
70,39,randomOption_Weapon.bin,
70,40,randomOption_Weapon.bin,
70,41,randomOption_Weapon.bin,
70,42,randomOption_Weapon.bin,
70,43,randomOption_Weapon.bin,
70,44,randomOption_Weapon.bin,
70,45,randomOption_Weapon.bin,
70,46,randomOption_Weapon.bin,
70,47,randomOption_Weapon.bin,
70,48,randomOption_Weapon.bin,
70,49,randomOption_Weapon.bin,
70,50,randomOption_Weapon.bin,
70,51,randomOption_Weapon.bin,
70,52,randomOption_Weapon.bin,
70,53,randomOption_Weapon.bin,
70,54,randomOption_Weapon.bin,
70,55,randomOption_Weapon.bin,
70,56,randomOption_Weapon.bin,
70,57,randomOption_Weapon.bin,
70,58,randomOption_Weapon.bin,
70,59,randomOption_Weapon.bin,
70,60,randomOption_Weapon.bin,
70,61,randomOption_Weapon.bin,
70,62,randomOption_Weapon.bin,
70,63,randomOption_Weapon.bin,
70,64,randomOption_Weapon.bin,
70,65,randomOption_Weapon.bin,
70,66,randomOption_Weapon.bin,
70,67,randomOption_Weapon.bin,
70,68,randomOption_Weapon.bin,
70,69,randomOption_Weapon.bin,
70,70,randomOption_Weapon.bin,
70,71,randomOption_Weapon.bin,
70,72,randomOption_Weapon.bin,
70,73,randomOption_Weapon.bin,
70,74,randomOption_Weapon.bin,
70,75,randomOption_Weapon.bin,
70,76,randomOption_Weapon.bin,
70,77,randomOption_Weapon.bin,
70,78,randomOption_Weapon.bin,
70,79,randomOption_Weapon.bin,
70,80,randomOption_Weapon.bin,
70,81,randomOption_Weapon.bin,
70,82,randomOption_Weapon.bin,
70,83,randomOption_Weapon.bin,
70,84,randomOption_Weapon.bin,
70,85,randomOption_Weapon.bin,
70,86,randomOption_Weapon.bin,
70,87,randomOption_Weapon.bin,
70,88,randomOption_Weapon.bin,
70,89,randomOption_Weapon.bin,
70,90,randomOption_Weapon.bin,
70,91,randomOption_Weapon.bin,
70,92,randomOption_Weapon.bin,
70,93,randomOption_Weapon.bin,
70,94,randomOption_Weapon.bin,
70,95,randomOption_Weapon.bin,
70,96,randomOption_Weapon.bin,
70,97,randomOption_Weapon.bin,
70,98, ,
70,99,randomOption_Weapon.bin,
70,100,randomOption_Weapon.bin,
70,101,randomOption_Weapon.bin,
70,102,randomOption_Weapon.bin,
70,103,randomOption_Weapon.bin,
70,104,randomOption_Weapon.bin,
71,0, ,
71,1, ,
71,2, ,
71,3, ,
71,4, ,
71,5, ,
71,6, ,
71,7, ,
71,8, ,
71,9, ,
71,10, ,
71,11, ,
71,12, ,
71,13, ,
71,14, ,
71,15, ,
71,16, ,
71,17, ,
71,18, ,
71,19, ,
71,20, ,
71,21, ,
71,22, ,
71,23, ,
71,24, ,
71,25, ,
71,26, ,
71,27, ,
71,28, ,
71,29, ,
71,30, ,
71,31, ,
71,32, ,
71,33, ,
71,34, ,
71,35, ,
71,36, ,
71,37, ,
71,38, ,
71,39, ,
71,40, ,
71,41, ,
71,42, ,
71,43, ,
71,44, ,
71,45, ,
71,46, ,
71,47, ,
71,48, ,
71,49, ,
71,50, ,
71,51, ,
71,52, ,
71,53, ,
71,54, ,
71,55, ,
71,56, ,
71,57, ,
71,58, ,
71,59, ,
71,60, ,
71,61, ,
71,62, ,
71,63, ,
71,64, ,
71,65, ,
71,66, ,
71,67, ,
71,68, ,
71,69, ,
71,70, ,
71,71, ,
71,72, ,
71,73, ,
71,74, ,
71,75, ,
71,76, ,
71,77, ,
71,78, ,
71,79, ,
71,80, ,
71,81, ,
71,82, ,
71,83, ,
71,84, ,
71,85, ,
71,86, ,
71,87, ,
72,0, ,
72,1, ,
72,2, ,
72,3, ,
72,4, ,
72,5, ,
72,6, ,
72,7, ,
72,8, ,
72,9, ,
72,10, ,
72,11, ,
72,12, ,
72,13, ,
72,14, ,
72,15, ,
72,16, ,
72,17, ,
72,18, ,
72,19, ,
72,20, ,
72,21, ,
72,22, ,
72,23, ,
72,24, ,
72,25, ,
72,26, ,
72,27, ,
72,28, ,
72,29, ,
72,30, ,
72,31, ,
72,32, ,
72,33, ,
72,34, ,
72,35, ,
72,36, ,
72,37, ,
72,38, ,
72,39, ,
72,40, ,
72,41, ,
72,42, ,
72,43, ,
72,44, ,
72,45, ,
72,46, ,
72,47, ,
72,48, ,
72,49, ,
72,50, ,
72,51, ,
72,52, ,
72,53, ,
72,54, ,
72,55, ,
72,56, ,
72,57, ,
72,58, ,
72,59, ,
72,60, ,
72,61, ,
72,62, ,
72,63, ,
72,64, ,
72,65, ,
72,66, ,
72,67, ,
72,68, ,
72,69, ,
72,70, ,
72,71, ,
72,72, ,
72,73, ,
72,74, ,
72,75, ,
72,76, ,
72,77, ,
72,78, ,
72,79, ,
72,80, ,
72,81, ,
73,0, ,
73,1, ,
73,2, ,
73,3, ,
73,4, ,
73,5, ,
73,6, ,
73,7, ,
73,8, ,
73,9, ,
73,10, ,
73,11, ,
73,12, ,
73,13, ,
73,14, ,
73,15, ,
73,16, ,
73,17, ,
73,18, ,
73,19, ,
73,20, ,
73,21, ,
73,22, ,
73,23, ,
73,24, ,
73,25, ,
73,26, ,
73,27, ,
73,28, ,
73,29, ,
73,30, ,
73,31, ,
73,32, ,
73,33, ,
73,34, ,
73,35, ,
73,36, ,
73,37, ,
73,38, ,
73,39, ,
73,40, ,
73,41, ,
73,42, ,
73,43, ,
73,44, ,
73,45, ,
73,46, ,
73,47, ,
73,48, ,
73,49, ,
73,50, ,
73,51, ,
73,52, ,
73,53, ,
73,54, ,
73,55, ,
73,56, ,
73,57, ,
73,58, ,
73,59, ,
73,60, ,
73,61, ,
73,62, ,
73,63, ,
73,64, ,
73,65, ,
73,66, ,
73,67, ,
73,68, ,
73,69, ,
73,70, ,
73,71, ,
73,72, ,
73,73, ,
73,74, ,
73,75, ,
73,76, ,
73,77, ,
73,78, ,
73,79, ,
73,80, ,
73,81, ,
73,82, ,
73,83, ,
73,84, ,
73,85, ,
73,86, ,
73,87, ,
73,90, ,
74,0, ,
74,1, ,
74,2, ,
74,3, ,
74,4, ,
74,5, ,
74,6, ,
74,7, ,
74,8, ,
74,9, ,
74,10, ,
74,11, ,
74,12, ,
75,0, ,
75,1,randomOption_Weapon.bin,
75,2,randomOption_Weapon.bin,
75,3,randomOption_Weapon.bin,
75,4,randomOption_Weapon.bin,
75,5,randomOption_Weapon.bin,
75,6,randomOption_Weapon.bin,
75,7,randomOption_Weapon.bin,
75,8,randomOption_Weapon.bin,
75,9, ,
75,18,randomOption_Weapon.bin,
75,19,randomOption_Weapon.bin,
75,20,randomOption_Weapon.bin,
75,21,randomOption_Weapon.bin,
75,22,randomOption_Weapon.bin,
75,23,randomOption_Weapon.bin,
75,24,randomOption_Weapon.bin,
75,25,randomOption_Weapon.bin,
75,26,randomOption_Weapon.bin,
75,27,randomOption_Weapon.bin,
75,28,randomOption_Weapon.bin,
75,29,randomOption_Weapon.bin,
75,30,randomOption_Weapon.bin,
75,31,randomOption_Weapon.bin,
75,32,randomOption_Weapon.bin,
75,33,randomOption_Weapon.bin,
75,34,randomOption_Weapon.bin,
75,35,randomOption_Weapon.bin,
75,36,randomOption_Weapon.bin,
75,37,randomOption_Weapon.bin,
75,38,randomOption_Weapon.bin,
75,39, ,
75,40,randomOption_Weapon.bin,
76,0, ,
76,1, ,
76,2, ,
76,3, ,
76,4, ,
76,5, ,
76,6, ,
76,7, ,
76,8, ,
76,9, ,
76,10, ,
76,11, ,
76,12, ,
76,13, ,
76,14, ,
76,15, ,
76,16, ,
76,17, ,
76,18, ,
76,19, ,
76,20, ,
76,21, ,
76,22, ,
76,23, ,
76,24, ,
76,25, ,
76,26, ,
76,27, ,
76,28, ,
76,29, ,
76,30, ,
76,31, ,
76,32, ,
76,33, ,
76,34, ,
76,35, ,
76,36, ,
76,37, ,
76,38, ,
76,39, ,
76,40, ,
76,41, ,
77,0, ,
77,1,randomOption_Weapon.bin,
77,2,randomOption_Weapon.bin,
77,3,randomOption_Weapon.bin,
77,4,randomOption_Weapon.bin,
77,5,randomOption_Weapon.bin,
77,6,randomOption_Weapon.bin,
77,7,randomOption_Weapon.bin,
77,8,randomOption_Weapon.bin,
77,9,randomOption_Weapon.bin,
77,10,randomOption_Weapon.bin,
77,11,randomOption_Weapon.bin,
77,12, ,
77,13, ,
77,14, ,
77,15, ,
77,16, ,
77,17, ,
77,18, ,
77,19, ,
77,20, ,
77,21, ,
77,22, ,
77,23, ,
77,24, ,
77,25,randomOption_Weapon.bin,
77,26,randomOption_Weapon.bin,
77,27,randomOption_Weapon.bin,
77,28,randomOption_Weapon.bin,
77,29,randomOption_Weapon.bin,
77,30,randomOption_Weapon.bin,
77,31,randomOption_Weapon.bin,
77,32,randomOption_Weapon.bin,
77,33,randomOption_Weapon.bin,
77,34,randomOption_Weapon.bin,
77,35,randomOption_Weapon.bin,
77,41,randomOption_Weapon.bin,
77,42,randomOption_Weapon.bin,
77,43,randomOption_Weapon.bin,
77,44,randomOption_Weapon.bin,
77,45,randomOption_Weapon.bin,
77,46,randomOption_Weapon.bin,
77,47,randomOption_Weapon.bin,
77,48,randomOption_Weapon.bin,
77,49,randomOption_Weapon.bin,
77,50,randomOption_Weapon.bin,
77,51,randomOption_Weapon.bin,
77,52,randomOption_Weapon.bin,
77,53,randomOption_Weapon.bin,
77,54,randomOption_Weapon.bin,
77,55,randomOption_Weapon.bin,
77,56,randomOption_Weapon.bin,
77,57,randomOption_Weapon.bin,
77,58,randomOption_Weapon.bin,
77,59,randomOption_Weapon.bin,
77,60,randomOption_Weapon.bin,
77,61,randomOption_Weapon.bin,
77,62,randomOption_Weapon.bin,
77,63,randomOption_Weapon.bin,
77,64,randomOption_Weapon.bin,
77,65,randomOption_Weapon.bin,
77,66,randomOption_Weapon.bin,
77,67,randomOption_Weapon.bin,
77,68,randomOption_Weapon.bin,
77,69,randomOption_Weapon.bin,
77,70,randomOption_Weapon.bin,
77,71,randomOption_Weapon.bin,
77,74,randomOption_Weapon.bin,
77,75,randomOption_Weapon.bin,
77,76,randomOption_Weapon.bin,
77,77,randomOption_Weapon.bin,
77,78,randomOption_Weapon.bin,
77,79,randomOption_Weapon.bin,
77,80,randomOption_Weapon.bin,
77,81,randomOption_Weapon.bin,
77,82,randomOption_Weapon.bin,
77,120, ,
77,121, ,
77,122, ,
77,290,randomOption_Weapon.bin,
77,291,randomOption_Weapon.bin,
77,292,randomOption_Weapon.bin,
77,293,randomOption_Weapon.bin,
77,294,randomOption_Weapon.bin,
77,295,randomOption_Weapon.bin,
77,296,randomOption_Weapon.bin,
77,297,randomOption_Weapon.bin,
77,298,randomOption_Weapon.bin,
77,299,randomOption_Weapon.bin,
77,300,randomOption_Weapon.bin,
77,301,randomOption_Weapon.bin,
77,302,randomOption_Weapon.bin,
77,303,randomOption_Weapon.bin,
77,304,randomOption_Weapon.bin,
77,305,randomOption_Weapon.bin,
77,306,randomOption_Weapon.bin,
77,307,randomOption_Weapon.bin,
77,308,randomOption_Weapon.bin,
77,309,randomOption_Weapon.bin,
77,310, ,
77,311, ,
77,312, ,
77,313, ,
77,314, ,
77,327,randomOption_Weapon.bin,
77,328,randomOption_Weapon.bin,
77,329,randomOption_Weapon.bin,
77,330,randomOption_Weapon.bin,
77,331,randomOption_Weapon.bin,
77,332,randomOption_Weapon.bin,
78,0, ,
79,0, ,
79,1,randomOption_Weapon.bin,
79,2,randomOption_Weapon.bin,
79,3,randomOption_Weapon.bin,
79,4,randomOption_Weapon.bin,
79,5,randomOption_Weapon.bin,
79,6,randomOption_Weapon.bin,
79,7,randomOption_Weapon.bin,
79,8,randomOption_Weapon.bin,
79,9,randomOption_Weapon.bin,
79,10,randomOption_Weapon.bin,
79,11,randomOption_Weapon.bin,
79,12,randomOption_Weapon.bin,
79,13,randomOption_Weapon.bin,
79,14,randomOption_Weapon.bin,
79,15,randomOption_Weapon.bin,
79,16,randomOption_Weapon.bin,
79,17,randomOption_Weapon.bin,
80,0, ,
80,1, ,
80,2, ,
80,3, ,
80,4, ,
80,5, ,
80,6, ,
80,7, ,
80,8, ,
80,9, ,
80,10, ,
80,11, ,
80,12, ,
80,13, ,
80,14, ,
80,15, ,
80,16, ,
80,17, ,
80,18, ,
80,19, ,
80,20, ,
80,21, ,
80,22, ,
80,23, ,
80,24, ,
80,25, ,
80,26, ,
80,27, ,
80,28, ,
80,29, ,
80,30, ,
80,31, ,
80,32, ,
80,33, ,
80,34, ,
80,35, ,
80,36, ,
80,37, ,
80,38, ,
80,39, ,
80,40, ,
80,41, ,
80,42, ,
80,43, ,
80,44, ,
80,45, ,
80,46, ,
80,47, ,
80,48, ,
80,49, ,
80,50, ,
80,51, ,
80,52, ,
80,53, ,
80,54, ,
80,55, ,
80,56, ,
80,57, ,
80,58, ,
80,59, ,
80,60, ,
80,61, ,
80,62, ,
80,63, ,
80,64, ,
80,65, ,
80,66, ,
80,67, ,
80,68, ,
80,69, ,
80,70, ,
80,71, ,
80,72, ,
80,73, ,
80,74, ,
80,75, ,
80,76, ,
80,77, ,
80,78, ,
80,79, ,
80,80, ,
80,81, ,
80,82, ,
80,83, ,
80,84, ,
80,85, ,
80,86, ,
80,87, ,
80,88, ,
80,89, ,
80,90, ,
80,91, ,
81,0, ,
81,1,randomOption_Weapon.bin,
81,2,randomOption_Weapon.bin,
81,3,randomOption_Weapon.bin,
81,4,randomOption_Weapon.bin,
81,5,randomOption_Weapon.bin,
81,6,randomOption_Weapon.bin,
81,7,randomOption_Weapon.bin,
81,8,randomOption_Weapon.bin,
81,9,randomOption_Weapon.bin,
81,10,randomOption_Weapon.bin,
81,11,randomOption_Weapon.bin,
81,12,randomOption_Weapon.bin,
81,13,randomOption_Weapon.bin,
81,14,randomOption_Weapon.bin,
81,15,randomOption_Weapon.bin,
81,16,randomOption_Weapon.bin,
81,17,randomOption_Weapon.bin,
81,18,randomOption_Weapon.bin,
81,19, ,
81,20, ,
81,21, ,
82,0, ,
82,1,randomOption_Weapon.bin,
82,2,randomOption_Weapon.bin,
82,3,randomOption_Weapon.bin,
82,4,randomOption_Weapon.bin,
82,5,randomOption_Weapon.bin,
82,6,randomOption_Weapon.bin,
82,7,randomOption_Weapon.bin,
82,8,randomOption_Weapon.bin,
82,9,randomOption_Weapon.bin,
82,10,randomOption_Weapon.bin,
82,11,randomOption_Weapon.bin,
82,12,randomOption_Weapon.bin,
82,13,randomOption_Weapon.bin,
82,14,randomOption_Weapon.bin,
82,15,randomOption_Weapon.bin,
82,16,randomOption_Weapon.bin,
82,17,randomOption_Weapon.bin,
82,18,randomOption_Weapon.bin,
82,19, ,
82,20, ,
82,21, ,
82,24, ,
83,0, ,
83,1, ,
83,2, ,
83,3, ,
84,0, ,
84,1, ,
84,2, ,
84,3, ,
84,4, ,
84,5, ,
84,6, ,
84,7, ,
84,8, ,
84,9, ,
84,10, ,
84,11, ,
84,12, ,
84,13, ,
84,14, ,
84,15, ,
85,0, ,
85,1, ,
85,2,randomOption_Armor.bin,
85,3,randomOption_Armor.bin,
85,4,randomOption_Armor.bin,
85,5,randomOption_Armor.bin,
85,6,randomOption_Armor.bin,
85,7,randomOption_Armor.bin,
85,8,randomOption_Armor.bin,
85,9,randomOption_Armor.bin,
85,10,randomOption_Armor.bin,
86,0, ,
86,1, ,
86,2,randomOption_Armor.bin,
86,3,randomOption_Armor.bin,
86,4,randomOption_Armor.bin,
86,5,randomOption_Armor.bin,
86,6,randomOption_Armor.bin,
86,7,randomOption_Armor.bin,
86,8,randomOption_Armor.bin,
86,9,randomOption_Armor.bin,
86,10,randomOption_Armor.bin,
87,0, ,
87,1, ,
87,2,randomOption_Armor.bin,
87,3,randomOption_Armor.bin,
87,4,randomOption_Armor.bin,
87,5,randomOption_Armor.bin,
87,6,randomOption_Armor.bin,
87,7,randomOption_Armor.bin,
87,8,randomOption_Armor.bin,
87,9,randomOption_Armor.bin,
87,10,randomOption_Armor.bin,
88,0, ,
88,1, ,
88,2,randomOption_Armor.bin,
88,3,randomOption_Armor.bin,
88,4,randomOption_Armor.bin,
88,5,randomOption_Armor.bin,
88,6,randomOption_Armor.bin,
88,7,randomOption_Armor.bin,
88,8,randomOption_Armor.bin,
88,9,randomOption_Armor.bin,
88,10,randomOption_Armor.bin,
89,0, ,
89,1, ,
89,2,randomOption_Armor.bin,
89,3,randomOption_Armor.bin,
89,4,randomOption_Armor.bin,
89,5,randomOption_Armor.bin,
89,6,randomOption_Armor.bin,
89,7,randomOption_Armor.bin,
89,8,randomOption_Armor.bin,
89,9,randomOption_Armor.bin,
89,10,randomOption_Armor.bin,
90,0, ,
90,1, ,
90,2,randomOption_Armor.bin,
90,3,randomOption_Armor.bin,
90,4,randomOption_Armor.bin,
90,5,randomOption_Armor.bin,
90,6,randomOption_Armor.bin,
90,7,randomOption_Armor.bin,
90,8,randomOption_Armor.bin,
90,9,randomOption_Armor.bin,
90,10,randomOption_Armor.bin,
91,0, ,
91,1, ,
91,2,randomOption_Armor.bin,
91,3,randomOption_Armor.bin,
91,4,randomOption_Armor.bin,
91,5,randomOption_Armor.bin,
91,6,randomOption_Armor.bin,
91,7,randomOption_Armor.bin,
91,8,randomOption_Armor.bin,
91,9,randomOption_Armor.bin,
91,10,randomOption_Armor.bin,
92,0, ,
92,1, ,
92,2,randomOption_Armor.bin,
92,3,randomOption_Armor.bin,
92,4,randomOption_Armor.bin,
92,5,randomOption_Armor.bin,
92,6,randomOption_Armor.bin,
92,7,randomOption_Armor.bin,
92,8,randomOption_Armor.bin,
92,9,randomOption_Armor.bin,
92,10,randomOption_Armor.bin,
93,0, ,
93,1,randomOption_Armor.bin,
93,2,randomOption_Armor.bin,
93,3,randomOption_Armor.bin,
93,4,randomOption_Armor.bin,
93,5,randomOption_Armor.bin,
93,6,randomOption_Armor.bin,
93,7,randomOption_Armor.bin,
93,8,randomOption_Armor.bin,
93,9,randomOption_Armor.bin,
93,10,randomOption_Armor.bin,
93,11,randomOption_Armor.bin,
93,12,randomOption_Armor.bin,
93,13,randomOption_Armor.bin,
93,14,randomOption_Armor.bin,
93,15,randomOption_Armor.bin,
93,16,randomOption_Armor.bin,
93,17,randomOption_Armor.bin,
93,18,randomOption_Armor.bin,
93,19,randomOption_Armor.bin,
93,20,randomOption_Armor.bin,
93,21,randomOption_Armor.bin,
93,22,randomOption_Armor.bin,
93,23,randomOption_Armor.bin,
93,24,randomOption_Armor.bin,
93,25,randomOption_Armor.bin,
93,26,randomOption_Armor.bin,
93,27,randomOption_Armor.bin,
93,28,randomOption_Armor.bin,
93,29,randomOption_Armor.bin,
93,30,randomOption_Armor.bin,
93,31,randomOption_Armor.bin,
93,32,randomOption_Armor.bin,
93,33,randomOption_Armor.bin,
93,34,randomOption_Armor.bin,
93,35,randomOption_Armor.bin,
93,36,randomOption_Armor.bin,
93,37,randomOption_Armor.bin,
93,38,randomOption_Armor.bin,
93,39,randomOption_Armor.bin,
93,40,randomOption_Armor.bin,
93,41,randomOption_Armor.bin,
93,42,randomOption_Armor.bin,
93,43,randomOption_Armor.bin,
93,44,randomOption_Armor.bin,
93,45,randomOption_Armor.bin,
93,46,randomOption_Armor.bin,
93,47,randomOption_Armor.bin,
93,48,randomOption_Armor.bin,
93,49,randomOption_Armor.bin,
93,50,randomOption_Armor.bin,
93,51,randomOption_Armor.bin,
93,52,randomOption_Armor.bin,
93,53,randomOption_Armor.bin,
93,54,randomOption_Armor.bin,
93,55,randomOption_Armor.bin,
93,56,randomOption_Armor.bin,
93,57,randomOption_Armor.bin,
93,58,randomOption_Armor.bin,
93,59,randomOption_Armor.bin,
93,60,randomOption_Armor.bin,
93,61,randomOption_Armor.bin,
93,62,randomOption_Armor.bin,
93,63,randomOption_Armor.bin,
93,64,randomOption_Armor.bin,
93,65,randomOption_Armor.bin,
93,66,randomOption_Armor.bin,
93,67,randomOption_Armor.bin,
93,68,randomOption_Armor.bin,
93,69,randomOption_Armor.bin,
93,70,randomOption_Armor.bin,
93,71,randomOption_Armor.bin,
93,72,randomOption_Armor.bin,
93,73,randomOption_Armor.bin,
93,74,randomOption_Armor.bin,
93,75,randomOption_Armor.bin,
93,76,randomOption_Armor.bin,
93,77,randomOption_Armor.bin,
93,78,randomOption_Armor.bin,
93,79,randomOption_Armor.bin,
93,80,randomOption_Armor.bin,
93,81,randomOption_Armor.bin,
93,82,randomOption_Armor.bin,
93,83,randomOption_Armor.bin,
93,84,randomOption_Armor.bin,
93,85,randomOption_Armor.bin,
93,86,randomOption_Armor.bin,
93,87,randomOption_Armor.bin,
93,88,randomOption_Armor.bin,
93,89,randomOption_Armor.bin,
93,90,randomOption_Armor.bin,
93,91,randomOption_Armor.bin,
93,92,randomOption_Armor.bin,
93,93,randomOption_Armor.bin,
93,94,randomOption_Armor.bin,
93,95,randomOption_Armor.bin,
93,96,randomOption_Armor.bin,
93,97,randomOption_Armor.bin,
93,98,randomOption_Armor.bin,
93,99,randomOption_Armor.bin,
93,100,randomOption_Armor.bin,
93,101,randomOption_Armor.bin,
93,102,randomOption_Armor.bin,
93,103,randomOption_Armor.bin,
93,104,randomOption_Armor.bin,
93,105,randomOption_Armor.bin,
93,106,randomOption_Armor.bin,
93,107,randomOption_Armor.bin,
93,108,randomOption_Armor.bin,
93,109,randomOption_Armor.bin,
93,110,randomOption_Armor.bin,
93,111,randomOption_Armor.bin,
93,112,randomOption_Armor.bin,
93,113,randomOption_Armor.bin,
93,114,randomOption_Armor.bin,
93,115,randomOption_Armor.bin,
93,116,randomOption_Armor.bin,
93,117,randomOption_Armor.bin,
93,118,randomOption_Armor.bin,
93,119,randomOption_Armor.bin,
93,120,randomOption_Armor.bin,
93,121,randomOption_Armor.bin,
93,122,randomOption_Armor.bin,
93,123,randomOption_Armor.bin,
93,124,randomOption_Armor.bin,
93,125,randomOption_Armor.bin,
93,126,randomOption_Armor.bin,
93,127,randomOption_Armor.bin,
93,128,randomOption_Armor.bin,
93,129,randomOption_Armor.bin,
93,130,randomOption_Armor.bin,
93,131,randomOption_Armor.bin,
93,132,randomOption_Armor.bin,
93,133,randomOption_Armor.bin,
93,134,randomOption_Armor.bin,
93,135,randomOption_Armor.bin,
93,136,randomOption_Armor.bin,
93,137,randomOption_Armor.bin,
93,138,randomOption_Armor.bin,
93,139,randomOption_Armor.bin,
93,140,randomOption_Armor.bin,
93,141,randomOption_Armor.bin,
93,142,randomOption_Armor.bin,
93,143,randomOption_Armor.bin,
93,144,randomOption_Armor.bin,
93,145,randomOption_Armor.bin,
93,146,randomOption_Armor.bin,
93,147,randomOption_Armor.bin,
93,148,randomOption_Armor.bin,
93,149,randomOption_Armor.bin,
93,150,randomOption_Armor.bin,
93,151,randomOption_Armor.bin,
93,152,randomOption_Armor.bin,
93,153,randomOption_Armor.bin,
93,154,randomOption_Armor.bin,
93,155,randomOption_Armor.bin,
93,156,randomOption_Armor.bin,
93,157,randomOption_Armor.bin,
93,158,randomOption_Armor.bin,
93,159,randomOption_Armor.bin,
93,160,randomOption_Armor.bin,
93,161,randomOption_Armor.bin,
93,162,randomOption_Armor.bin,
93,163,randomOption_Armor.bin,
93,164,randomOption_Armor.bin,
94,0, ,
94,1,randomOption_Armor.bin,
94,2,randomOption_Armor.bin,
94,3,randomOption_Armor.bin,
94,4,randomOption_Armor.bin,
94,5,randomOption_Armor.bin,
94,6,randomOption_Armor.bin,
94,7,randomOption_Armor.bin,
94,8,randomOption_Armor.bin,
94,9,randomOption_Armor.bin,
94,10,randomOption_Armor.bin,
94,11,randomOption_Armor.bin,
94,12,randomOption_Armor.bin,
94,13,randomOption_Armor.bin,
94,14,randomOption_Armor.bin,
94,15,randomOption_Armor.bin,
94,16,randomOption_Armor.bin,
94,17,randomOption_Armor.bin,
94,18,randomOption_Armor.bin,
94,19,randomOption_Armor.bin,
94,20,randomOption_Armor.bin,
94,21,randomOption_Armor.bin,
94,22,randomOption_Armor.bin,
94,23,randomOption_Armor.bin,
94,24,randomOption_Armor.bin,
94,25,randomOption_Armor.bin,
94,26,randomOption_Armor.bin,
94,27,randomOption_Armor.bin,
94,28,randomOption_Armor.bin,
94,29,randomOption_Armor.bin,
94,30,randomOption_Armor.bin,
94,31,randomOption_Armor.bin,
94,32,randomOption_Armor.bin,
94,33,randomOption_Armor.bin,
94,34,randomOption_Armor.bin,
94,35,randomOption_Armor.bin,
94,36,randomOption_Armor.bin,
94,37,randomOption_Armor.bin,
94,38,randomOption_Armor.bin,
94,39,randomOption_Armor.bin,
94,40,randomOption_Armor.bin,
94,41,randomOption_Armor.bin,
94,42,randomOption_Armor.bin,
94,43,randomOption_Armor.bin,
94,44,randomOption_Armor.bin,
94,45,randomOption_Armor.bin,
94,46,randomOption_Armor.bin,
94,47,randomOption_Armor.bin,
94,48,randomOption_Armor.bin,
94,49,randomOption_Armor.bin,
94,50,randomOption_Armor.bin,
94,51,randomOption_Armor.bin,
94,52,randomOption_Armor.bin,
94,53,randomOption_Armor.bin,
94,54,randomOption_Armor.bin,
94,55,randomOption_Armor.bin,
94,56,randomOption_Armor.bin,
94,57,randomOption_Armor.bin,
94,58,randomOption_Armor.bin,
94,59,randomOption_Armor.bin,
94,60,randomOption_Armor.bin,
94,61,randomOption_Armor.bin,
94,62,randomOption_Armor.bin,
94,63,randomOption_Armor.bin,
94,64,randomOption_Armor.bin,
94,65,randomOption_Armor.bin,
94,66,randomOption_Armor.bin,
94,67,randomOption_Armor.bin,
94,68,randomOption_Armor.bin,
94,69,randomOption_Armor.bin,
94,70,randomOption_Armor.bin,
94,71,randomOption_Armor.bin,
94,72,randomOption_Armor.bin,
94,73,randomOption_Armor.bin,
94,74,randomOption_Armor.bin,
94,75,randomOption_Armor.bin,
94,76,randomOption_Armor.bin,
94,77,randomOption_Armor.bin,
94,78,randomOption_Armor.bin,
94,79,randomOption_Armor.bin,
94,80,randomOption_Armor.bin,
94,81,randomOption_Armor.bin,
94,82,randomOption_Armor.bin,
94,83,randomOption_Armor.bin,
94,84,randomOption_Armor.bin,
94,85,randomOption_Armor.bin,
94,86,randomOption_Armor.bin,
94,87,randomOption_Armor.bin,
94,88,randomOption_Armor.bin,
94,89,randomOption_Armor.bin,
94,90,randomOption_Armor.bin,
94,91,randomOption_Armor.bin,
94,92,randomOption_Armor.bin,
94,93,randomOption_Armor.bin,
94,94,randomOption_Armor.bin,
94,95,randomOption_Armor.bin,
94,96,randomOption_Armor.bin,
94,97,randomOption_Armor.bin,
94,98,randomOption_Armor.bin,
94,99,randomOption_Armor.bin,
94,100,randomOption_Armor.bin,
94,101,randomOption_Armor.bin,
94,102,randomOption_Armor.bin,
94,103,randomOption_Armor.bin,
94,104,randomOption_Armor.bin,
94,105,randomOption_Armor.bin,
94,106,randomOption_Armor.bin,
94,107,randomOption_Armor.bin,
94,108,randomOption_Armor.bin,
94,109,randomOption_Armor.bin,
94,110,randomOption_Armor.bin,
94,111,randomOption_Armor.bin,
94,112,randomOption_Armor.bin,
94,113,randomOption_Armor.bin,
94,114,randomOption_Armor.bin,
94,115,randomOption_Armor.bin,
94,116,randomOption_Armor.bin,
94,117,randomOption_Armor.bin,
94,118,randomOption_Armor.bin,
94,119,randomOption_Armor.bin,
94,120,randomOption_Armor.bin,
94,121,randomOption_Armor.bin,
94,122,randomOption_Armor.bin,
94,123,randomOption_Armor.bin,
94,124,randomOption_Armor.bin,
94,125,randomOption_Armor.bin,
94,126,randomOption_Armor.bin,
94,127,randomOption_Armor.bin,
94,128,randomOption_Armor.bin,
94,129,randomOption_Armor.bin,
94,130,randomOption_Armor.bin,
94,131,randomOption_Armor.bin,
94,132,randomOption_Armor.bin,
94,133,randomOption_Armor.bin,
94,134,randomOption_Armor.bin,
94,135,randomOption_Armor.bin,
94,136,randomOption_Armor.bin,
94,137,randomOption_Armor.bin,
94,138,randomOption_Armor.bin,
94,139,randomOption_Armor.bin,
94,140,randomOption_Armor.bin,
94,141,randomOption_Armor.bin,
94,142,randomOption_Armor.bin,
94,143,randomOption_Armor.bin,
94,144,randomOption_Armor.bin,
94,145,randomOption_Armor.bin,
94,146,randomOption_Armor.bin,
94,147,randomOption_Armor.bin,
94,148,randomOption_Armor.bin,
94,149,randomOption_Armor.bin,
94,150,randomOption_Armor.bin,
94,151,randomOption_Armor.bin,
94,152,randomOption_Armor.bin,
94,153,randomOption_Armor.bin,
94,154,randomOption_Armor.bin,
94,155,randomOption_Armor.bin,
94,156,randomOption_Armor.bin,
94,157,randomOption_Armor.bin,
94,158,randomOption_Armor.bin,
94,159,randomOption_Armor.bin,
94,160,randomOption_Armor.bin,
94,161,randomOption_Armor.bin,
94,162,randomOption_Armor.bin,
94,163,randomOption_Armor.bin,
94,164,randomOption_Armor.bin,
95,0, ,
95,1,randomOption_Armor.bin,
95,2,randomOption_Armor.bin,
95,3,randomOption_Armor.bin,
95,4,randomOption_Armor.bin,
95,5,randomOption_Armor.bin,
95,6,randomOption_Armor.bin,
95,7,randomOption_Armor.bin,
95,8,randomOption_Armor.bin,
95,9,randomOption_Armor.bin,
95,10,randomOption_Armor.bin,
95,11,randomOption_Armor.bin,
95,12,randomOption_Armor.bin,
95,13,randomOption_Armor.bin,
95,14,randomOption_Armor.bin,
95,15,randomOption_Armor.bin,
95,16,randomOption_Armor.bin,
95,17,randomOption_Armor.bin,
95,18,randomOption_Armor.bin,
95,19,randomOption_Armor.bin,
95,20,randomOption_Armor.bin,
95,21,randomOption_Armor.bin,
95,22,randomOption_Armor.bin,
95,23,randomOption_Armor.bin,
95,24,randomOption_Armor.bin,
95,25,randomOption_Armor.bin,
95,26,randomOption_Armor.bin,
95,27,randomOption_Armor.bin,
95,28,randomOption_Armor.bin,
95,29,randomOption_Armor.bin,
95,30,randomOption_Armor.bin,
95,31,randomOption_Armor.bin,
95,32,randomOption_Armor.bin,
95,33,randomOption_Armor.bin,
95,34,randomOption_Armor.bin,
95,35,randomOption_Armor.bin,
95,36,randomOption_Armor.bin,
95,37,randomOption_Armor.bin,
95,38,randomOption_Armor.bin,
95,39,randomOption_Armor.bin,
95,40,randomOption_Armor.bin,
95,41,randomOption_Armor.bin,
95,42,randomOption_Armor.bin,
95,43,randomOption_Armor.bin,
95,44,randomOption_Armor.bin,
95,45,randomOption_Armor.bin,
95,46,randomOption_Armor.bin,
95,47,randomOption_Armor.bin,
95,48,randomOption_Armor.bin,
95,49,randomOption_Armor.bin,
95,50,randomOption_Armor.bin,
95,51,randomOption_Armor.bin,
95,52,randomOption_Armor.bin,
95,53,randomOption_Armor.bin,
95,54,randomOption_Armor.bin,
95,55,randomOption_Armor.bin,
95,56,randomOption_Armor.bin,
95,57,randomOption_Armor.bin,
95,58,randomOption_Armor.bin,
95,59,randomOption_Armor.bin,
95,60,randomOption_Armor.bin,
95,61,randomOption_Armor.bin,
95,62,randomOption_Armor.bin,
95,63,randomOption_Armor.bin,
95,64,randomOption_Armor.bin,
95,65,randomOption_Armor.bin,
95,66,randomOption_Armor.bin,
95,67,randomOption_Armor.bin,
95,68,randomOption_Armor.bin,
95,69,randomOption_Armor.bin,
95,70,randomOption_Armor.bin,
95,71,randomOption_Armor.bin,
95,72,randomOption_Armor.bin,
95,73,randomOption_Armor.bin,
95,74,randomOption_Armor.bin,
95,75,randomOption_Armor.bin,
95,76,randomOption_Armor.bin,
95,77,randomOption_Armor.bin,
95,78,randomOption_Armor.bin,
95,79,randomOption_Armor.bin,
95,80,randomOption_Armor.bin,
95,81,randomOption_Armor.bin,
95,82,randomOption_Armor.bin,
95,83,randomOption_Armor.bin,
95,84,randomOption_Armor.bin,
95,85,randomOption_Armor.bin,
95,86,randomOption_Armor.bin,
95,87,randomOption_Armor.bin,
95,88,randomOption_Armor.bin,
95,89,randomOption_Armor.bin,
95,90,randomOption_Armor.bin,
95,91,randomOption_Armor.bin,
95,92,randomOption_Armor.bin,
95,93,randomOption_Armor.bin,
95,94,randomOption_Armor.bin,
95,95,randomOption_Armor.bin,
95,96,randomOption_Armor.bin,
95,97,randomOption_Armor.bin,
95,98,randomOption_Armor.bin,
95,99,randomOption_Armor.bin,
95,100,randomOption_Armor.bin,
95,101,randomOption_Armor.bin,
95,102,randomOption_Armor.bin,
95,103,randomOption_Armor.bin,
95,104,randomOption_Armor.bin,
95,105,randomOption_Armor.bin,
95,106,randomOption_Armor.bin,
95,107,randomOption_Armor.bin,
95,108,randomOption_Armor.bin,
95,109,randomOption_Armor.bin,
95,110,randomOption_Armor.bin,
95,111,randomOption_Armor.bin,
95,112,randomOption_Armor.bin,
95,113,randomOption_Armor.bin,
95,114,randomOption_Armor.bin,
95,115,randomOption_Armor.bin,
95,116,randomOption_Armor.bin,
95,117,randomOption_Armor.bin,
95,118,randomOption_Armor.bin,
95,119,randomOption_Armor.bin,
95,120,randomOption_Armor.bin,
95,121,randomOption_Armor.bin,
95,122,randomOption_Armor.bin,
95,123,randomOption_Armor.bin,
95,124,randomOption_Armor.bin,
95,125,randomOption_Armor.bin,
95,126,randomOption_Armor.bin,
95,127,randomOption_Armor.bin,
95,128,randomOption_Armor.bin,
95,129,randomOption_Armor.bin,
95,130,randomOption_Armor.bin,
95,131,randomOption_Armor.bin,
95,132,randomOption_Armor.bin,
95,133,randomOption_Armor.bin,
95,134,randomOption_Armor.bin,
95,135,randomOption_Armor.bin,
95,136,randomOption_Armor.bin,
95,137,randomOption_Armor.bin,
95,138,randomOption_Armor.bin,
95,139,randomOption_Armor.bin,
95,140,randomOption_Armor.bin,
95,141,randomOption_Armor.bin,
95,142,randomOption_Armor.bin,
95,143,randomOption_Armor.bin,
95,144,randomOption_Armor.bin,
95,145,randomOption_Armor.bin,
95,146,randomOption_Armor.bin,
95,147,randomOption_Armor.bin,
95,148,randomOption_Armor.bin,
95,149,randomOption_Armor.bin,
95,150,randomOption_Armor.bin,
95,151,randomOption_Armor.bin,
95,152,randomOption_Armor.bin,
95,153,randomOption_Armor.bin,
95,154,randomOption_Armor.bin,
95,155,randomOption_Armor.bin,
95,156,randomOption_Armor.bin,
95,157,randomOption_Armor.bin,
95,158,randomOption_Armor.bin,
95,159,randomOption_Armor.bin,
95,160,randomOption_Armor.bin,
95,161,randomOption_Armor.bin,
95,162,randomOption_Armor.bin,
95,163,randomOption_Armor.bin,
95,164,randomOption_Armor.bin,
96,0, ,
96,1,randomOption_Armor.bin,
96,2,randomOption_Armor.bin,
96,3,randomOption_Armor.bin,
96,4,randomOption_Armor.bin,
96,5,randomOption_Armor.bin,
96,6,randomOption_Armor.bin,
96,7,randomOption_Armor.bin,
96,8,randomOption_Armor.bin,
96,9,randomOption_Armor.bin,
96,10,randomOption_Armor.bin,
96,11,randomOption_Armor.bin,
96,12,randomOption_Armor.bin,
96,13,randomOption_Armor.bin,
96,14,randomOption_Armor.bin,
96,15,randomOption_Armor.bin,
96,16,randomOption_Armor.bin,
96,17,randomOption_Armor.bin,
96,18,randomOption_Armor.bin,
96,19,randomOption_Armor.bin,
96,20,randomOption_Armor.bin,
96,21,randomOption_Armor.bin,
96,22,randomOption_Armor.bin,
96,23,randomOption_Armor.bin,
96,24,randomOption_Armor.bin,
96,25,randomOption_Armor.bin,
96,26,randomOption_Armor.bin,
96,27,randomOption_Armor.bin,
96,28,randomOption_Armor.bin,
96,29,randomOption_Armor.bin,
96,30,randomOption_Armor.bin,
96,31,randomOption_Armor.bin,
96,32,randomOption_Armor.bin,
96,33,randomOption_Armor.bin,
96,34,randomOption_Armor.bin,
96,35,randomOption_Armor.bin,
96,36,randomOption_Armor.bin,
96,37,randomOption_Armor.bin,
96,38,randomOption_Armor.bin,
96,39,randomOption_Armor.bin,
96,40,randomOption_Armor.bin,
96,41,randomOption_Armor.bin,
96,42,randomOption_Armor.bin,
96,43,randomOption_Armor.bin,
96,44,randomOption_Armor.bin,
96,45,randomOption_Armor.bin,
96,46,randomOption_Armor.bin,
96,47,randomOption_Armor.bin,
96,48,randomOption_Armor.bin,
96,49,randomOption_Armor.bin,
96,50,randomOption_Armor.bin,
96,51,randomOption_Armor.bin,
96,52,randomOption_Armor.bin,
96,53,randomOption_Armor.bin,
96,54,randomOption_Armor.bin,
96,55,randomOption_Armor.bin,
96,56,randomOption_Armor.bin,
96,57,randomOption_Armor.bin,
96,58,randomOption_Armor.bin,
96,59,randomOption_Armor.bin,
96,60,randomOption_Armor.bin,
96,61,randomOption_Armor.bin,
96,62,randomOption_Armor.bin,
96,63,randomOption_Armor.bin,
96,64,randomOption_Armor.bin,
96,65,randomOption_Armor.bin,
96,66,randomOption_Armor.bin,
96,67,randomOption_Armor.bin,
96,68,randomOption_Armor.bin,
96,69,randomOption_Armor.bin,
96,70,randomOption_Armor.bin,
96,71,randomOption_Armor.bin,
96,72,randomOption_Armor.bin,
96,73,randomOption_Armor.bin,
96,74,randomOption_Armor.bin,
96,75,randomOption_Armor.bin,
96,76,randomOption_Armor.bin,
96,77,randomOption_Armor.bin,
96,78,randomOption_Armor.bin,
96,79,randomOption_Armor.bin,
96,80,randomOption_Armor.bin,
96,81,randomOption_Armor.bin,
96,82,randomOption_Armor.bin,
96,83,randomOption_Armor.bin,
96,84,randomOption_Armor.bin,
96,85,randomOption_Armor.bin,
96,86,randomOption_Armor.bin,
96,87,randomOption_Armor.bin,
96,88,randomOption_Armor.bin,
96,89,randomOption_Armor.bin,
96,90,randomOption_Armor.bin,
96,91,randomOption_Armor.bin,
96,92,randomOption_Armor.bin,
96,93,randomOption_Armor.bin,
96,94,randomOption_Armor.bin,
96,95,randomOption_Armor.bin,
96,96,randomOption_Armor.bin,
96,97,randomOption_Armor.bin,
96,98,randomOption_Armor.bin,
96,99,randomOption_Armor.bin,
96,100,randomOption_Armor.bin,
96,101,randomOption_Armor.bin,
96,102,randomOption_Armor.bin,
96,103,randomOption_Armor.bin,
96,104,randomOption_Armor.bin,
96,105,randomOption_Armor.bin,
96,106,randomOption_Armor.bin,
96,107,randomOption_Armor.bin,
96,108,randomOption_Armor.bin,
96,109,randomOption_Armor.bin,
96,110,randomOption_Armor.bin,
96,111,randomOption_Armor.bin,
96,112,randomOption_Armor.bin,
96,113,randomOption_Armor.bin,
96,114,randomOption_Armor.bin,
96,115,randomOption_Armor.bin,
96,116,randomOption_Armor.bin,
96,117,randomOption_Armor.bin,
96,118,randomOption_Armor.bin,
96,119,randomOption_Armor.bin,
96,120,randomOption_Armor.bin,
96,121,randomOption_Armor.bin,
96,122,randomOption_Armor.bin,
96,123,randomOption_Armor.bin,
96,124,randomOption_Armor.bin,
96,125,randomOption_Armor.bin,
96,126,randomOption_Armor.bin,
96,127,randomOption_Armor.bin,
96,128,randomOption_Armor.bin,
96,129,randomOption_Armor.bin,
96,130,randomOption_Armor.bin,
96,131,randomOption_Armor.bin,
96,132,randomOption_Armor.bin,
96,133,randomOption_Armor.bin,
96,134,randomOption_Armor.bin,
96,135,randomOption_Armor.bin,
96,136,randomOption_Armor.bin,
96,137,randomOption_Armor.bin,
96,138,randomOption_Armor.bin,
96,139,randomOption_Armor.bin,
96,140,randomOption_Armor.bin,
96,141,randomOption_Armor.bin,
96,142,randomOption_Armor.bin,
96,143,randomOption_Armor.bin,
96,144,randomOption_Armor.bin,
96,145,randomOption_Armor.bin,
96,146,randomOption_Armor.bin,
96,147,randomOption_Armor.bin,
96,148,randomOption_Armor.bin,
96,149,randomOption_Armor.bin,
96,150,randomOption_Armor.bin,
96,151,randomOption_Armor.bin,
96,152,randomOption_Armor.bin,
96,153,randomOption_Armor.bin,
96,154,randomOption_Armor.bin,
96,155,randomOption_Armor.bin,
96,156,randomOption_Armor.bin,
96,157,randomOption_Armor.bin,
96,158,randomOption_Armor.bin,
96,159,randomOption_Armor.bin,
96,160,randomOption_Armor.bin,
96,161,randomOption_Armor.bin,
96,162,randomOption_Armor.bin,
96,163,randomOption_Armor.bin,
96,164,randomOption_Armor.bin,
97,0,randomOption_Weapon.bin,
97,1,randomOption_Weapon.bin,
97,2,randomOption_Weapon.bin,
97,3,randomOption_Weapon.bin,
97,4,randomOption_Weapon.bin,
97,5,randomOption_Weapon.bin,
97,6,randomOption_Weapon.bin,
97,7,randomOption_Weapon.bin,
97,8,randomOption_Weapon.bin,
97,9,randomOption_Weapon.bin,
97,10,randomOption_Weapon.bin,
97,11,randomOption_Weapon.bin,
97,12,randomOption_Weapon.bin,
97,13,randomOption_Weapon.bin,
97,14,randomOption_Weapon.bin,
97,15,randomOption_Weapon.bin,
97,16,randomOption_Weapon.bin,
97,17,randomOption_Weapon.bin,
97,18,randomOption_Weapon.bin,
97,19,randomOption_Weapon.bin,
97,20,randomOption_Weapon.bin,
97,21,randomOption_Weapon.bin,
97,22,randomOption_Weapon.bin,
97,23,randomOption_Weapon.bin,
97,24,randomOption_Weapon.bin,
97,25,randomOption_Weapon.bin,
97,26,randomOption_Weapon.bin,
97,27,randomOption_Weapon.bin,
97,28,randomOption_Weapon.bin,
97,29,randomOption_Weapon.bin,
97,30,randomOption_Weapon.bin,
97,31,randomOption_Weapon.bin,
97,32,randomOption_Weapon.bin,
97,33,randomOption_Weapon.bin,
97,34,randomOption_Weapon.bin,
97,35,randomOption_Weapon.bin,
97,36,randomOption_Weapon.bin,
97,37,randomOption_Weapon.bin,
97,38,randomOption_Weapon.bin,
97,39,randomOption_Weapon.bin,
97,40,randomOption_Weapon.bin,
97,41,randomOption_Weapon.bin,
97,42,randomOption_Weapon.bin,
97,43,randomOption_Weapon.bin,
97,44,randomOption_Weapon.bin,
97,45,randomOption_Weapon.bin,
97,46,randomOption_Weapon.bin,
97,47,randomOption_Weapon.bin,
97,48,randomOption_Weapon.bin,
97,49,randomOption_Weapon.bin,
97,50,randomOption_Weapon.bin,
97,51,randomOption_Weapon.bin,
97,52,randomOption_Weapon.bin,
97,53,randomOption_Weapon.bin,
97,54,randomOption_Weapon.bin,
97,55,randomOption_Weapon.bin,
97,56,randomOption_Weapon.bin,
97,57,randomOption_Weapon.bin,
97,58,randomOption_Weapon.bin,
97,59,randomOption_Weapon.bin,
97,60,randomOption_Weapon.bin,
97,61,randomOption_Weapon.bin,
97,62,randomOption_Weapon.bin,
97,63,randomOption_Weapon.bin,
97,64,randomOption_Weapon.bin,
97,65,randomOption_Weapon.bin,
97,66,randomOption_Weapon.bin,
97,67,randomOption_Weapon.bin,
97,68,randomOption_Weapon.bin,
97,69,randomOption_Weapon.bin,
97,70,randomOption_Weapon.bin,
97,71,randomOption_Weapon.bin,
97,72,randomOption_Weapon.bin,
97,73,randomOption_Weapon.bin,
97,74,randomOption_Weapon.bin,
97,75,randomOption_Weapon.bin,
97,76,randomOption_Weapon.bin,
97,77,randomOption_Weapon.bin,
97,78,randomOption_Weapon.bin,
97,79,randomOption_Weapon.bin,
97,80,randomOption_Weapon.bin,
97,81,randomOption_Weapon.bin,
97,82,randomOption_Weapon.bin,
97,83,randomOption_Weapon.bin,
97,84,randomOption_Weapon.bin,
97,85,randomOption_Weapon.bin,
97,86,randomOption_Weapon.bin,
97,87,randomOption_Weapon.bin,
97,88,randomOption_Weapon.bin,
97,89,randomOption_Weapon.bin,
97,90,randomOption_Weapon.bin,
97,91,randomOption_Weapon.bin,
97,92,randomOption_Weapon.bin,
97,93,randomOption_Weapon.bin,
97,94,randomOption_Weapon.bin,
97,95,randomOption_Weapon.bin,
97,96,randomOption_Weapon.bin,
97,97, ,
97,98,randomOption_Weapon.bin,
97,99,randomOption_Weapon.bin,
97,100,randomOption_Weapon.bin,
97,101,randomOption_Weapon.bin,
97,102,randomOption_Weapon.bin,
97,103,randomOption_Weapon.bin,
98,0,randomOption_Weapon.bin,
98,1,randomOption_Weapon.bin,
98,2,randomOption_Weapon.bin,
98,3,randomOption_Weapon.bin,
98,4,randomOption_Weapon.bin,
98,5,randomOption_Weapon.bin,
98,6,randomOption_Weapon.bin,
98,7,randomOption_Weapon.bin,
98,8,randomOption_Weapon.bin,
98,9,randomOption_Weapon.bin,
98,10,randomOption_Weapon.bin,
98,11,randomOption_Weapon.bin,
98,12,randomOption_Weapon.bin,
98,13,randomOption_Weapon.bin,
98,14,randomOption_Weapon.bin,
98,15,randomOption_Weapon.bin,
98,16,randomOption_Weapon.bin,
98,17,randomOption_Weapon.bin,
98,18,randomOption_Weapon.bin,
98,19,randomOption_Weapon.bin,
98,20,randomOption_Weapon.bin,
98,21,randomOption_Weapon.bin,
98,22,randomOption_Weapon.bin,
98,23,randomOption_Weapon.bin,
98,24,randomOption_Weapon.bin,
98,25,randomOption_Weapon.bin,
98,26,randomOption_Weapon.bin,
98,27,randomOption_Weapon.bin,
98,28,randomOption_Weapon.bin,
98,29,randomOption_Weapon.bin,
98,30,randomOption_Weapon.bin,
98,31,randomOption_Weapon.bin,
98,32,randomOption_Weapon.bin,
98,33,randomOption_Weapon.bin,
98,34,randomOption_Weapon.bin,
98,35,randomOption_Weapon.bin,
98,36,randomOption_Weapon.bin,
98,37,randomOption_Weapon.bin,
98,38,randomOption_Weapon.bin,
98,39,randomOption_Weapon.bin,
98,40,randomOption_Weapon.bin,
98,41,randomOption_Weapon.bin,
98,42,randomOption_Weapon.bin,
98,43,randomOption_Weapon.bin,
98,44,randomOption_Weapon.bin,
98,45,randomOption_Weapon.bin,
98,46,randomOption_Weapon.bin,
98,47,randomOption_Weapon.bin,
98,48,randomOption_Weapon.bin,
98,49,randomOption_Weapon.bin,
98,50,randomOption_Weapon.bin,
98,51,randomOption_Weapon.bin,
98,52,randomOption_Weapon.bin,
98,53,randomOption_Weapon.bin,
98,54,randomOption_Weapon.bin,
98,55,randomOption_Weapon.bin,
98,56,randomOption_Weapon.bin,
98,57,randomOption_Weapon.bin,
98,58,randomOption_Weapon.bin,
98,59,randomOption_Weapon.bin,
98,60,randomOption_Weapon.bin,
98,61,randomOption_Weapon.bin,
98,62,randomOption_Weapon.bin,
98,63,randomOption_Weapon.bin,
98,64,randomOption_Weapon.bin,
98,65,randomOption_Weapon.bin,
98,66,randomOption_Weapon.bin,
98,67,randomOption_Weapon.bin,
98,68,randomOption_Weapon.bin,
98,69,randomOption_Weapon.bin,
98,70,randomOption_Weapon.bin,
98,71,randomOption_Weapon.bin,
98,72,randomOption_Weapon.bin,
98,73,randomOption_Weapon.bin,
98,74,randomOption_Weapon.bin,
98,75,randomOption_Weapon.bin,
98,76,randomOption_Weapon.bin,
98,77,randomOption_Weapon.bin,
98,78,randomOption_Weapon.bin,
98,79,randomOption_Weapon.bin,
98,80,randomOption_Weapon.bin,
98,81,randomOption_Weapon.bin,
98,82,randomOption_Weapon.bin,
98,83,randomOption_Weapon.bin,
98,84,randomOption_Weapon.bin,
98,85,randomOption_Weapon.bin,
98,86,randomOption_Weapon.bin,
98,87,randomOption_Weapon.bin,
98,88,randomOption_Weapon.bin,
98,89,randomOption_Weapon.bin,
98,90,randomOption_Weapon.bin,
98,91,randomOption_Weapon.bin,
98,92,randomOption_Weapon.bin,
98,93,randomOption_Weapon.bin,
98,94,randomOption_Weapon.bin,
98,95,randomOption_Weapon.bin,
98,96,randomOption_Weapon.bin,
98,97,randomOption_Weapon.bin,
98,98, ,
98,99,randomOption_Weapon.bin,
98,100,randomOption_Weapon.bin,
98,101,randomOption_Weapon.bin,
98,102,randomOption_Weapon.bin,
98,103,randomOption_Weapon.bin,
98,104,randomOption_Weapon.bin,
99,0,randomOption_Weapon.bin,
99,1,randomOption_Weapon.bin,
99,2,randomOption_Weapon.bin,
99,3,randomOption_Weapon.bin,
99,4,randomOption_Weapon.bin,
99,5,randomOption_Weapon.bin,
99,6,randomOption_Weapon.bin,
99,7,randomOption_Weapon.bin,
99,8,randomOption_Weapon.bin,
99,9,randomOption_Weapon.bin,
99,10,randomOption_Weapon.bin,
99,11,randomOption_Weapon.bin,
99,12,randomOption_Weapon.bin,
99,13,randomOption_Weapon.bin,
99,14,randomOption_Weapon.bin,
99,15,randomOption_Weapon.bin,
99,16,randomOption_Weapon.bin,
99,17,randomOption_Weapon.bin,
99,18,randomOption_Weapon.bin,
99,19,randomOption_Weapon.bin,
99,20,randomOption_Weapon.bin,
99,21,randomOption_Weapon.bin,
99,22,randomOption_Weapon.bin,
99,23,randomOption_Weapon.bin,
99,24,randomOption_Weapon.bin,
99,25,randomOption_Weapon.bin,
99,26,randomOption_Weapon.bin,
99,27,randomOption_Weapon.bin,
99,28,randomOption_Weapon.bin,
99,29,randomOption_Weapon.bin,
99,30,randomOption_Weapon.bin,
99,31,randomOption_Weapon.bin,
99,32,randomOption_Weapon.bin,
99,33,randomOption_Weapon.bin,
99,34,randomOption_Weapon.bin,
99,35,randomOption_Weapon.bin,
99,36,randomOption_Weapon.bin,
99,37,randomOption_Weapon.bin,
99,38,randomOption_Weapon.bin,
99,39,randomOption_Weapon.bin,
99,40,randomOption_Weapon.bin,
99,41,randomOption_Weapon.bin,
99,42,randomOption_Weapon.bin,
99,43,randomOption_Weapon.bin,
99,44,randomOption_Weapon.bin,
99,45,randomOption_Weapon.bin,
99,46,randomOption_Weapon.bin,
99,47,randomOption_Weapon.bin,
99,48,randomOption_Weapon.bin,
99,49,randomOption_Weapon.bin,
99,50,randomOption_Weapon.bin,
99,51,randomOption_Weapon.bin,
99,52,randomOption_Weapon.bin,
99,53,randomOption_Weapon.bin,
99,54,randomOption_Weapon.bin,
99,55,randomOption_Weapon.bin,
99,56,randomOption_Weapon.bin,
99,57,randomOption_Weapon.bin,
99,58,randomOption_Weapon.bin,
99,59,randomOption_Weapon.bin,
99,60,randomOption_Weapon.bin,
99,61,randomOption_Weapon.bin,
99,62,randomOption_Weapon.bin,
99,63,randomOption_Weapon.bin,
99,64,randomOption_Weapon.bin,
99,65,randomOption_Weapon.bin,
99,66,randomOption_Weapon.bin,
99,67,randomOption_Weapon.bin,
99,68,randomOption_Weapon.bin,
99,69,randomOption_Weapon.bin,
99,70,randomOption_Weapon.bin,
99,71,randomOption_Weapon.bin,
99,72,randomOption_Weapon.bin,
99,73,randomOption_Weapon.bin,
99,74,randomOption_Weapon.bin,
99,75,randomOption_Weapon.bin,
99,76,randomOption_Weapon.bin,
99,77,randomOption_Weapon.bin,
99,78,randomOption_Weapon.bin,
99,79,randomOption_Weapon.bin,
99,80,randomOption_Weapon.bin,
99,81,randomOption_Weapon.bin,
99,82,randomOption_Weapon.bin,
99,83,randomOption_Weapon.bin,
99,84,randomOption_Weapon.bin,
99,85,randomOption_Weapon.bin,
99,86,randomOption_Weapon.bin,
99,87,randomOption_Weapon.bin,
99,88,randomOption_Weapon.bin,
99,89,randomOption_Weapon.bin,
99,90,randomOption_Weapon.bin,
99,91,randomOption_Weapon.bin,
99,92,randomOption_Weapon.bin,
99,93,randomOption_Weapon.bin,
99,94,randomOption_Weapon.bin,
99,95,randomOption_Weapon.bin,
99,96,randomOption_Weapon.bin,
99,97,randomOption_Weapon.bin,
99,98,randomOption_Weapon.bin,
99,99,randomOption_Weapon.bin,
99,100,randomOption_Weapon.bin,
99,101,randomOption_Weapon.bin,
99,102,randomOption_Weapon.bin,
99,103,randomOption_Weapon.bin,
100,0,randomOption_Weapon.bin,
100,1,randomOption_Weapon.bin,
100,2,randomOption_Weapon.bin,
100,3,randomOption_Weapon.bin,
100,4,randomOption_Weapon.bin,
100,5,randomOption_Weapon.bin,
100,6,randomOption_Weapon.bin,
100,7,randomOption_Weapon.bin,
100,8,randomOption_Weapon.bin,
100,9,randomOption_Weapon.bin,
100,10,randomOption_Weapon.bin,
100,11,randomOption_Weapon.bin,
100,12,randomOption_Weapon.bin,
100,13,randomOption_Weapon.bin,
100,14,randomOption_Weapon.bin,
100,15,randomOption_Weapon.bin,
100,16,randomOption_Weapon.bin,
100,17,randomOption_Weapon.bin,
100,18,randomOption_Weapon.bin,
100,19,randomOption_Weapon.bin,
100,20,randomOption_Weapon.bin,
100,21,randomOption_Weapon.bin,
100,22,randomOption_Weapon.bin,
100,23,randomOption_Weapon.bin,
100,24,randomOption_Weapon.bin,
100,25,randomOption_Weapon.bin,
100,26,randomOption_Weapon.bin,
100,27,randomOption_Weapon.bin,
100,28,randomOption_Weapon.bin,
100,29,randomOption_Weapon.bin,
100,30,randomOption_Weapon.bin,
100,31,randomOption_Weapon.bin,
100,32,randomOption_Weapon.bin,
100,33,randomOption_Weapon.bin,
100,34,randomOption_Weapon.bin,
100,35,randomOption_Weapon.bin,
100,36,randomOption_Weapon.bin,
100,37,randomOption_Weapon.bin,
100,38,randomOption_Weapon.bin,
100,39,randomOption_Weapon.bin,
100,40,randomOption_Weapon.bin,
100,41,randomOption_Weapon.bin,
100,42,randomOption_Weapon.bin,
100,43,randomOption_Weapon.bin,
100,44,randomOption_Weapon.bin,
100,45,randomOption_Weapon.bin,
100,46,randomOption_Weapon.bin,
100,47,randomOption_Weapon.bin,
100,48,randomOption_Weapon.bin,
100,49,randomOption_Weapon.bin,
100,50,randomOption_Weapon.bin,
100,51,randomOption_Weapon.bin,
100,52,randomOption_Weapon.bin,
100,53,randomOption_Weapon.bin,
100,54,randomOption_Weapon.bin,
100,55,randomOption_Weapon.bin,
100,56,randomOption_Weapon.bin,
100,57,randomOption_Weapon.bin,
100,58,randomOption_Weapon.bin,
100,59,randomOption_Weapon.bin,
100,60,randomOption_Weapon.bin,
100,61,randomOption_Weapon.bin,
100,62,randomOption_Weapon.bin,
100,63,randomOption_Weapon.bin,
100,64,randomOption_Weapon.bin,
100,65,randomOption_Weapon.bin,
100,66,randomOption_Weapon.bin,
100,67,randomOption_Weapon.bin,
100,68,randomOption_Weapon.bin,
100,69,randomOption_Weapon.bin,
100,70,randomOption_Weapon.bin,
100,71,randomOption_Weapon.bin,
100,72,randomOption_Weapon.bin,
100,73,randomOption_Weapon.bin,
100,74,randomOption_Weapon.bin,
100,75,randomOption_Weapon.bin,
100,76,randomOption_Weapon.bin,
100,77,randomOption_Weapon.bin,
100,78,randomOption_Weapon.bin,
100,79,randomOption_Weapon.bin,
100,80,randomOption_Weapon.bin,
100,81,randomOption_Weapon.bin,
100,82,randomOption_Weapon.bin,
100,83,randomOption_Weapon.bin,
100,84,randomOption_Weapon.bin,
100,85,randomOption_Weapon.bin,
100,86,randomOption_Weapon.bin,
100,87,randomOption_Weapon.bin,
100,88,randomOption_Weapon.bin,
100,89,randomOption_Weapon.bin,
100,90,randomOption_Weapon.bin,
100,91,randomOption_Weapon.bin,
100,92,randomOption_Weapon.bin,
100,93,randomOption_Weapon.bin,
100,94,randomOption_Weapon.bin,
100,95,randomOption_Weapon.bin,
100,96,randomOption_Weapon.bin,
100,97,randomOption_Weapon.bin,
100,98,randomOption_Weapon.bin,
100,99,randomOption_Weapon.bin,
100,100,randomOption_Weapon.bin,
100,101,randomOption_Weapon.bin,
100,102,randomOption_Weapon.bin,
100,103,randomOption_Weapon.bin,
100,104,randomOption_Weapon.bin,
100,105,randomOption_Weapon.bin,
100,106,randomOption_Weapon.bin,
100,107,randomOption_Weapon.bin,
100,108,randomOption_Weapon.bin,
100,109,randomOption_Weapon.bin,
100,110,randomOption_Weapon.bin,
100,111,randomOption_Weapon.bin,
100,112,randomOption_Weapon.bin,
100,113,randomOption_Weapon.bin,
100,114,randomOption_Weapon.bin,
100,115,randomOption_Weapon.bin,
100,116,randomOption_Weapon.bin,
100,117,randomOption_Weapon.bin,
100,118,randomOption_Weapon.bin,
100,119,randomOption_Weapon.bin,
100,120,randomOption_Weapon.bin,
100,121,randomOption_Weapon.bin,
100,122,randomOption_Weapon.bin,
100,123,randomOption_Weapon.bin,
100,124,randomOption_Weapon.bin,
100,125,randomOption_Weapon.bin,
100,126,randomOption_Weapon.bin,
100,127,randomOption_Weapon.bin,
100,128,randomOption_Weapon.bin,
100,129,randomOption_Weapon.bin,
100,130,randomOption_Weapon.bin,
100,131,randomOption_Weapon.bin,
100,132,randomOption_Weapon.bin,
100,133,randomOption_Weapon.bin,
100,134,randomOption_Weapon.bin,
100,135,randomOption_Weapon.bin,
100,136,randomOption_Weapon.bin,
100,137,randomOption_Weapon.bin,
100,138,randomOption_Weapon.bin,
100,139,randomOption_Weapon.bin,
100,140,randomOption_Weapon.bin,
100,141,randomOption_Weapon.bin,
100,142,randomOption_Weapon.bin,
100,143,randomOption_Weapon.bin,
100,144,randomOption_Weapon.bin,
100,145,randomOption_Weapon.bin,
100,146,randomOption_Weapon.bin,
100,147,randomOption_Weapon.bin,
100,148,randomOption_Weapon.bin,
100,149,randomOption_Weapon.bin,
100,150,randomOption_Weapon.bin,
100,151,randomOption_Weapon.bin,
100,152,randomOption_Weapon.bin,
100,153,randomOption_Weapon.bin,
100,154,randomOption_Weapon.bin,
100,155,randomOption_Weapon.bin,
100,156,randomOption_Weapon.bin,
100,157,randomOption_Weapon.bin,
100,158,randomOption_Weapon.bin,
100,159,randomOption_Weapon.bin,
100,160,randomOption_Weapon.bin,
100,161,randomOption_Weapon.bin,
100,162,randomOption_Weapon.bin,
100,163,randomOption_Weapon.bin,
100,164,randomOption_Weapon.bin,
100,165,randomOption_Weapon.bin,
100,166,randomOption_Weapon.bin,
100,167,randomOption_Weapon.bin,
100,168,randomOption_Weapon.bin,
100,169,randomOption_Weapon.bin,
100,170,randomOption_Weapon.bin,
100,171,randomOption_Weapon.bin,
100,172,randomOption_Weapon.bin,
100,173,randomOption_Weapon.bin,
100,174,randomOption_Weapon.bin,
100,175,randomOption_Weapon.bin,
100,176,randomOption_Weapon.bin,
100,177,randomOption_Weapon.bin,
100,178,randomOption_Weapon.bin,
100,179,randomOption_Weapon.bin,
100,180,randomOption_Weapon.bin,
100,181,randomOption_Weapon.bin,
100,182,randomOption_Weapon.bin,
100,183,randomOption_Weapon.bin,
100,184,randomOption_Weapon.bin,
100,185,randomOption_Weapon.bin,
100,186,randomOption_Weapon.bin,
100,187,randomOption_Weapon.bin,
100,188, ,
100,189,randomOption_Weapon.bin,
100,190,randomOption_Weapon.bin,
100,191,randomOption_Weapon.bin,
100,192,randomOption_Weapon.bin,
100,193,randomOption_Weapon.bin,
100,194,randomOption_Weapon.bin,
100,195,randomOption_Weapon.bin,
100,196,randomOption_Weapon.bin,
100,197,randomOption_Weapon.bin,
100,198,randomOption_Weapon.bin,
100,199,randomOption_Weapon.bin,
100,200,randomOption_Weapon.bin,
101,0,randomOption_Weapon.bin,
101,1,randomOption_Weapon.bin,
101,2,randomOption_Weapon.bin,
101,3,randomOption_Weapon.bin,
101,4,randomOption_Weapon.bin,
101,5,randomOption_Weapon.bin,
101,6,randomOption_Weapon.bin,
101,7,randomOption_Weapon.bin,
101,8,randomOption_Weapon.bin,
101,9,randomOption_Weapon.bin,
101,10,randomOption_Weapon.bin,
101,11,randomOption_Weapon.bin,
101,12,randomOption_Weapon.bin,
101,13,randomOption_Weapon.bin,
101,14,randomOption_Weapon.bin,
101,15,randomOption_Weapon.bin,
101,16,randomOption_Weapon.bin,
101,17,randomOption_Weapon.bin,
101,18,randomOption_Weapon.bin,
101,19,randomOption_Weapon.bin,
101,20,randomOption_Weapon.bin,
101,21,randomOption_Weapon.bin,
101,22,randomOption_Weapon.bin,
101,23,randomOption_Weapon.bin,
101,24,randomOption_Weapon.bin,
101,25,randomOption_Weapon.bin,
101,26,randomOption_Weapon.bin,
101,27,randomOption_Weapon.bin,
101,28,randomOption_Weapon.bin,
101,29,randomOption_Weapon.bin,
101,30,randomOption_Weapon.bin,
101,31,randomOption_Weapon.bin,
101,32,randomOption_Weapon.bin,
101,33,randomOption_Weapon.bin,
101,34,randomOption_Weapon.bin,
101,35,randomOption_Weapon.bin,
101,36,randomOption_Weapon.bin,
101,37,randomOption_Weapon.bin,
101,38,randomOption_Weapon.bin,
101,39,randomOption_Weapon.bin,
101,40,randomOption_Weapon.bin,
101,41,randomOption_Weapon.bin,
101,42,randomOption_Weapon.bin,
101,43,randomOption_Weapon.bin,
101,44,randomOption_Weapon.bin,
101,45,randomOption_Weapon.bin,
101,46,randomOption_Weapon.bin,
101,47,randomOption_Weapon.bin,
101,48,randomOption_Weapon.bin,
101,49,randomOption_Weapon.bin,
101,50,randomOption_Weapon.bin,
101,51,randomOption_Weapon.bin,
101,52,randomOption_Weapon.bin,
101,53,randomOption_Weapon.bin,
101,54,randomOption_Weapon.bin,
101,55,randomOption_Weapon.bin,
101,56,randomOption_Weapon.bin,
101,57,randomOption_Weapon.bin,
101,58,randomOption_Weapon.bin,
101,59,randomOption_Weapon.bin,
101,60,randomOption_Weapon.bin,
101,61,randomOption_Weapon.bin,
101,62,randomOption_Weapon.bin,
101,63,randomOption_Weapon.bin,
101,64,randomOption_Weapon.bin,
101,65,randomOption_Weapon.bin,
101,66,randomOption_Weapon.bin,
101,67,randomOption_Weapon.bin,
101,68,randomOption_Weapon.bin,
101,69,randomOption_Weapon.bin,
101,70,randomOption_Weapon.bin,
101,71,randomOption_Weapon.bin,
101,72,randomOption_Weapon.bin,
101,73,randomOption_Weapon.bin,
101,74,randomOption_Weapon.bin,
101,75,randomOption_Weapon.bin,
101,76,randomOption_Weapon.bin,
101,77,randomOption_Weapon.bin,
101,78,randomOption_Weapon.bin,
101,79,randomOption_Weapon.bin,
101,80,randomOption_Weapon.bin,
101,81,randomOption_Weapon.bin,
101,82,randomOption_Weapon.bin,
101,83,randomOption_Weapon.bin,
101,84,randomOption_Weapon.bin,
101,85,randomOption_Weapon.bin,
101,86,randomOption_Weapon.bin,
101,87,randomOption_Weapon.bin,
101,88,randomOption_Weapon.bin,
101,89,randomOption_Weapon.bin,
101,90,randomOption_Weapon.bin,
101,91,randomOption_Weapon.bin,
101,92,randomOption_Weapon.bin,
101,93,randomOption_Weapon.bin,
101,94,randomOption_Weapon.bin,
101,95,randomOption_Weapon.bin,
101,96,randomOption_Weapon.bin,
101,97,randomOption_Weapon.bin,
101,98,randomOption_Weapon.bin,
101,99,randomOption_Weapon.bin,
101,100,randomOption_Weapon.bin,
101,101,randomOption_Weapon.bin,
101,102,randomOption_Weapon.bin,
101,103,randomOption_Weapon.bin,
101,104,randomOption_Weapon.bin,
101,105,randomOption_Weapon.bin,
101,106,randomOption_Weapon.bin,
101,107,randomOption_Weapon.bin,
101,108,randomOption_Weapon.bin,
101,109,randomOption_Weapon.bin,
101,110,randomOption_Weapon.bin,
101,111,randomOption_Weapon.bin,
101,112,randomOption_Weapon.bin,
101,113,randomOption_Weapon.bin,
101,114,randomOption_Weapon.bin,
101,115,randomOption_Weapon.bin,
101,116,randomOption_Weapon.bin,
101,117,randomOption_Weapon.bin,
101,118,randomOption_Weapon.bin,
101,119,randomOption_Weapon.bin,
101,120,randomOption_Weapon.bin,
101,121,randomOption_Weapon.bin,
101,122,randomOption_Weapon.bin,
101,123,randomOption_Weapon.bin,
101,124,randomOption_Weapon.bin,
101,125,randomOption_Weapon.bin,
101,126,randomOption_Weapon.bin,
101,127,randomOption_Weapon.bin,
101,128,randomOption_Weapon.bin,
101,129,randomOption_Weapon.bin,
101,130,randomOption_Weapon.bin,
101,131,randomOption_Weapon.bin,
101,132,randomOption_Weapon.bin,
101,133,randomOption_Weapon.bin,
101,134,randomOption_Weapon.bin,
101,135,randomOption_Weapon.bin,
101,136,randomOption_Weapon.bin,
101,137,randomOption_Weapon.bin,
101,138,randomOption_Weapon.bin,
101,139,randomOption_Weapon.bin,
101,140,randomOption_Weapon.bin,
101,141,randomOption_Weapon.bin,
101,142,randomOption_Weapon.bin,
101,143,randomOption_Weapon.bin,
101,144,randomOption_Weapon.bin,
101,145,randomOption_Weapon.bin,
101,146,randomOption_Weapon.bin,
101,147,randomOption_Weapon.bin,
101,148,randomOption_Weapon.bin,
101,149,randomOption_Weapon.bin,
101,150,randomOption_Weapon.bin,
101,151,randomOption_Weapon.bin,
101,152,randomOption_Weapon.bin,
101,153,randomOption_Weapon.bin,
101,154,randomOption_Weapon.bin,
101,155,randomOption_Weapon.bin,
101,156,randomOption_Weapon.bin,
101,157,randomOption_Weapon.bin,
101,158,randomOption_Weapon.bin,
101,159,randomOption_Weapon.bin,
101,160,randomOption_Weapon.bin,
101,161,randomOption_Weapon.bin,
101,162,randomOption_Weapon.bin,
101,163,randomOption_Weapon.bin,
101,164,randomOption_Weapon.bin,
101,165,randomOption_Weapon.bin,
101,166,randomOption_Weapon.bin,
101,167,randomOption_Weapon.bin,
101,168,randomOption_Weapon.bin,
101,169,randomOption_Weapon.bin,
101,170,randomOption_Weapon.bin,
101,171,randomOption_Weapon.bin,
101,172,randomOption_Weapon.bin,
101,173,randomOption_Weapon.bin,
101,174,randomOption_Weapon.bin,
101,175,randomOption_Weapon.bin,
101,176,randomOption_Weapon.bin,
101,177,randomOption_Weapon.bin,
101,178,randomOption_Weapon.bin,
101,179, ,
101,180,randomOption_Weapon.bin,
101,181,randomOption_Weapon.bin,
101,182,randomOption_Weapon.bin,
101,183,randomOption_Weapon.bin,
101,184,randomOption_Weapon.bin,
101,185,randomOption_Weapon.bin,
101,186,randomOption_Weapon.bin,
101,187,randomOption_Weapon.bin,
101,188,randomOption_Weapon.bin,
101,189,randomOption_Weapon.bin,
101,190,randomOption_Weapon.bin,
101,191,randomOption_Weapon.bin,
102,0,randomOption_Weapon.bin,
102,1,randomOption_Weapon.bin,
102,2,randomOption_Weapon.bin,
102,3,randomOption_Weapon.bin,
102,4,randomOption_Weapon.bin,
102,5,randomOption_Weapon.bin,
102,6,randomOption_Weapon.bin,
102,7,randomOption_Weapon.bin,
102,8,randomOption_Weapon.bin,
102,9,randomOption_Weapon.bin,
102,10,randomOption_Weapon.bin,
102,11,randomOption_Weapon.bin,
102,12,randomOption_Weapon.bin,
102,13,randomOption_Weapon.bin,
102,14,randomOption_Weapon.bin,
102,15,randomOption_Weapon.bin,
102,16,randomOption_Weapon.bin,
102,17,randomOption_Weapon.bin,
102,18,randomOption_Weapon.bin,
102,19,randomOption_Weapon.bin,
102,20,randomOption_Weapon.bin,
102,21,randomOption_Weapon.bin,
102,22,randomOption_Weapon.bin,
102,23,randomOption_Weapon.bin,
102,24,randomOption_Weapon.bin,
102,25,randomOption_Weapon.bin,
102,26,randomOption_Weapon.bin,
102,27,randomOption_Weapon.bin,
102,28,randomOption_Weapon.bin,
102,29,randomOption_Weapon.bin,
102,30,randomOption_Weapon.bin,
102,31,randomOption_Weapon.bin,
102,32,randomOption_Weapon.bin,
102,33,randomOption_Weapon.bin,
102,34,randomOption_Weapon.bin,
102,35,randomOption_Weapon.bin,
102,36,randomOption_Weapon.bin,
102,37,randomOption_Weapon.bin,
102,38,randomOption_Weapon.bin,
102,39,randomOption_Weapon.bin,
102,40,randomOption_Weapon.bin,
102,41,randomOption_Weapon.bin,
102,42,randomOption_Weapon.bin,
102,43,randomOption_Weapon.bin,
102,44,randomOption_Weapon.bin,
102,45,randomOption_Weapon.bin,
102,46,randomOption_Weapon.bin,
102,47,randomOption_Weapon.bin,
102,48,randomOption_Weapon.bin,
102,49,randomOption_Weapon.bin,
102,50,randomOption_Weapon.bin,
102,51,randomOption_Weapon.bin,
102,52,randomOption_Weapon.bin,
102,53,randomOption_Weapon.bin,
102,54,randomOption_Weapon.bin,
102,55,randomOption_Weapon.bin,
102,56,randomOption_Weapon.bin,
102,57,randomOption_Weapon.bin,
102,58,randomOption_Weapon.bin,
102,59,randomOption_Weapon.bin,
102,60,randomOption_Weapon.bin,
102,61,randomOption_Weapon.bin,
102,62,randomOption_Weapon.bin,
102,63,randomOption_Weapon.bin,
102,64,randomOption_Weapon.bin,
102,65,randomOption_Weapon.bin,
102,66,randomOption_Weapon.bin,
102,67,randomOption_Weapon.bin,
102,68,randomOption_Weapon.bin,
102,69,randomOption_Weapon.bin,
102,70,randomOption_Weapon.bin,
102,71,randomOption_Weapon.bin,
102,72,randomOption_Weapon.bin,
102,73,randomOption_Weapon.bin,
102,74,randomOption_Weapon.bin,
102,75,randomOption_Weapon.bin,
102,76,randomOption_Weapon.bin,
102,77,randomOption_Weapon.bin,
102,78,randomOption_Weapon.bin,
102,79,randomOption_Weapon.bin,
102,80,randomOption_Weapon.bin,
102,81,randomOption_Weapon.bin,
102,82,randomOption_Weapon.bin,
102,83,randomOption_Weapon.bin,
102,84,randomOption_Weapon.bin,
102,85,randomOption_Weapon.bin,
102,86,randomOption_Weapon.bin,
102,87,randomOption_Weapon.bin,
102,88,randomOption_Weapon.bin,
102,89,randomOption_Weapon.bin,
102,90,randomOption_Weapon.bin,
102,91,randomOption_Weapon.bin,
102,92,randomOption_Weapon.bin,
102,93,randomOption_Weapon.bin,
102,94,randomOption_Weapon.bin,
102,95,randomOption_Weapon.bin,
102,96,randomOption_Weapon.bin,
102,97, ,
102,98,randomOption_Weapon.bin,
102,99,randomOption_Weapon.bin,
102,100,randomOption_Weapon.bin,
102,101,randomOption_Weapon.bin,
102,102,randomOption_Weapon.bin,
102,103,randomOption_Weapon.bin,
103,0, ,
103,1, ,
103,2, ,
103,3, ,
103,4, ,
104,0, ,
104,1, ,
104,2, ,
104,3, ,
104,4, ,
104,5, ,
104,6, ,
104,7, ,
104,8, ,
104,9, ,
104,10, ,
104,11, ,
104,12, ,
104,13, ,
104,14, ,
104,15, ,
104,16, ,
104,17, ,
104,18, ,
104,19, ,
104,20, ,
104,21, ,
104,22, ,
104,23, ,
104,24, ,
104,25, ,
104,26, ,
104,27, ,
104,28, ,
104,29, ,
104,30, ,
104,31, ,
104,32, ,
104,33, ,
104,34, ,
104,35, ,
104,36, ,
104,37, ,
104,38, ,
104,39, ,
105,0, ,
105,1, ,
105,2, ,
105,3, ,
105,4, ,
105,5, ,
105,6, ,
105,7, ,
106,0, ,
106,1, ,
106,2, ,
106,3, ,
106,4, ,
106,5, ,
106,6, ,
106,7, ,
106,8, ,
106,9, ,
106,10, ,
106,11, ,
106,12, ,
106,13, ,
106,14, ,
106,15, ,
106,16, ,
106,17, ,
106,18, ,
106,19, ,
106,20, ,
106,21, ,
106,22, ,
106,23, ,
106,24, ,
106,25, ,
106,26, ,
106,27, ,
106,28, ,
106,29, ,
106,30, ,
106,31, ,
106,32, ,
106,33, ,
106,34, ,
106,35, ,
106,36, ,
106,37, ,
106,38, ,
106,39, ,
106,40, ,
106,41, ,
106,42, ,
106,43, ,
106,44, ,
106,45, ,
106,46, ,
106,47, ,
106,48, ,
106,49, ,
106,50, ,
106,51, ,
106,52, ,
106,53, ,
106,54, ,
106,55, ,
106,56, ,
106,57, ,
106,58, ,
106,59, ,
106,60, ,
106,61, ,
106,62, ,
106,63, ,
106,64, ,
106,65, ,
106,66, ,
106,67, ,
106,68, ,
106,69, ,
106,70, ,
106,71, ,
106,77, ,
106,78, ,
106,79, ,
106,80, ,
106,81, ,
106,82, ,
106,83, ,
106,84, ,
106,85, ,
106,86, ,
106,87, ,
106,88, ,
106,89, ,
106,90, ,
106,91, ,
106,92, ,
106,93, ,
106,94, ,
106,95, ,
106,96, ,
106,97, ,
106,98, ,
106,99, ,
106,100, ,
106,101, ,
106,102, ,
106,103, ,
106,104, ,
106,105, ,
106,106, ,
106,107, ,
106,108, ,
106,109, ,
106,110, ,
106,111, ,
106,112, ,
106,113, ,
106,114, ,
107,0, ,
107,1, ,
107,2, ,
107,3, ,
107,4, ,
107,5, ,
107,6, ,
107,7, ,
107,8, ,
107,9, ,
107,10, ,
107,11, ,
108,0, ,
108,1, ,
108,2, ,
108,3, ,
108,4, ,
108,5, ,
108,6, ,
108,7, ,
108,8, ,
108,9, ,
108,10, ,
108,11, ,
108,12, ,
108,13, ,
108,14, ,
108,15, ,
108,16, ,
108,17, ,
108,18, ,
108,19, ,
108,20, ,
108,21, ,
108,22, ,
108,23, ,
108,24, ,
108,25, ,
108,26, ,
108,27, ,
108,28, ,
108,29, ,
108,30, ,
108,31, ,
108,32, ,
108,33, ,
108,34, ,
108,35, ,
108,36, ,
108,37, ,
109,0, ,
109,1, ,
109,2, ,
109,3, ,
109,4, ,
109,5, ,
109,6, ,
109,7, ,
109,8, ,
109,9, ,
109,10, ,
109,11, ,
109,12, ,
109,13, ,
109,14, ,
109,15, ,
109,16, ,
109,17, ,
109,18, ,
109,19, ,
109,20, ,
109,21, ,
109,22, ,
109,23, ,
109,24, ,
109,25, ,
109,26, ,
109,27, ,
109,28, ,
109,29, ,
109,30, ,
109,31, ,
109,32, ,
109,33, ,
109,34, ,
109,35, ,
109,36, ,
109,37, ,
109,38, ,
109,56, ,
109,57, ,
109,58, ,
110,0, ,
110,1, ,
111,0, ,
111,1, ,
111,2, ,
111,3, ,
111,4, ,
111,5, ,
111,6, ,
111,7, ,
111,8, ,
111,9, ,
111,10, ,
111,11, ,
111,12, ,
111,13, ,
111,14, ,
111,15, ,
111,16, ,
111,17, ,
111,18, ,
111,19, ,
111,20, ,
111,21, ,
111,22, ,
111,23, ,
111,24, ,
111,25, ,
111,26, ,
111,27, ,
111,28, ,
111,29, ,
111,30, ,
111,31, ,
111,32, ,
111,38, ,
111,39, ,
111,40, ,
111,41, ,
111,42, ,
111,43, ,
112,0, ,
112,1, ,
112,2, ,
112,3, ,
112,4, ,
112,5, ,
112,6, ,
112,7, ,
112,8, ,
112,9, ,
112,10, ,
112,11, ,
112,12, ,
112,13, ,
112,14, ,
112,15, ,
112,16, ,
112,17, ,
112,18, ,
112,19, ,
112,20, ,
112,21, ,
112,22, ,
112,23, ,
112,24, ,
112,25, ,
112,26, ,
112,27, ,
112,28, ,
112,29, ,
112,30, ,
112,31, ,
112,32, ,
112,33, ,
112,34, ,
112,35, ,
112,36, ,
112,37, ,
112,38, ,
112,39, ,
112,40, ,
112,41, ,
112,42, ,
112,43, ,
112,44, ,
112,45, ,
112,46, ,
112,47, ,
112,48, ,
112,49, ,
112,50, ,
112,51, ,
112,52, ,
112,53, ,
112,54, ,
112,55, ,
112,56, ,
112,57, ,
112,58, ,
112,59, ,
112,60, ,
112,61, ,
112,62, ,
112,63, ,
112,64, ,
112,65, ,
112,66, ,
112,67, ,
112,68, ,
112,69, ,
112,70, ,
112,71, ,
112,72, ,
112,73, ,
112,74, ,
112,75, ,
112,76, ,
112,77, ,
112,78, ,
112,79, ,
112,80, ,
112,81, ,
112,82, ,
112,83, ,
112,84, ,
112,85, ,
112,86, ,
112,87, ,
112,88, ,
112,89, ,
112,90, ,
112,91, ,
112,92, ,
112,93, ,
112,94, ,
112,95, ,
112,96, ,
112,97, ,
112,98, ,
112,99, ,
112,100, ,
112,101, ,
112,102, ,
112,103, ,
112,104, ,
112,105, ,
112,106, ,
112,107, ,
112,108, ,
112,109, ,
112,110, ,
112,111, ,
112,112, ,
112,113, ,
112,114, ,
112,115, ,
112,116, ,
112,117, ,
112,118, ,
112,119, ,
112,120, ,
112,121, ,
112,122, ,
112,123, ,
112,124, ,
112,125, ,
112,126, ,
112,127, ,
112,128, ,
112,129, ,
112,130, ,
112,131, ,
112,132, ,
112,133, ,
112,134, ,
112,135, ,
112,136, ,
112,137, ,
112,138, ,
112,139, ,
112,140, ,
112,141, ,
112,142, ,
112,143, ,
112,144, ,
112,145, ,
112,146, ,
112,147, ,
112,148, ,
112,149, ,
112,150, ,
112,151, ,
112,152, ,
112,153, ,
112,154, ,
112,155, ,
112,156, ,
112,157, ,
112,158, ,
112,159, ,
112,160, ,
112,161, ,
112,162, ,
112,163, ,
112,164, ,
112,165, ,
112,166, ,
112,167, ,
112,168, ,
112,169, ,
112,170, ,
112,171, ,
112,172, ,
112,173, ,
112,174, ,
112,175, ,
112,176, ,
112,177, ,
112,178, ,
112,179, ,
112,180, ,
112,181, ,
112,182, ,
112,183, ,
112,184, ,
112,185, ,
112,186, ,
112,187, ,
112,188, ,
112,189, ,
112,190, ,
112,191, ,
112,192, ,
112,193, ,
112,194, ,
112,195, ,
112,196, ,
112,197, ,
112,198, ,
112,199, ,
112,200, ,
112,201, ,
112,202, ,
112,203, ,
112,204, ,
112,205, ,
112,206, ,
112,207, ,
112,208, ,
112,209, ,
112,210, ,
112,211, ,
112,212, ,
112,213, ,
112,214, ,
112,215, ,
112,216, ,
112,217, ,
112,218, ,
112,219, ,
112,220, ,
112,221, ,
112,222, ,
112,223, ,
112,224, ,
112,225, ,
112,226, ,
112,227, ,
112,228, ,
112,229, ,
112,230, ,
112,231, ,
112,232, ,
112,233, ,
112,234, ,
112,235, ,
112,236, ,
112,237, ,
112,238, ,
112,239, ,
112,240, ,
112,241, ,
112,242, ,
112,243, ,
112,244, ,
112,245, ,
112,246, ,
112,247, ,
112,248, ,
112,249, ,
112,250, ,
112,251, ,
112,252, ,
112,253, ,
112,254, ,
112,255, ,
112,256, ,
112,257, ,
112,258, ,
112,259, ,
112,260, ,
112,261, ,
112,262, ,
112,263, ,
112,264, ,
112,265, ,
112,266, ,
112,267, ,
112,268, ,
112,269, ,
112,270, ,
112,271, ,
112,272, ,
112,273, ,
112,274, ,
112,275, ,
112,276, ,
112,277, ,
112,278, ,
112,279, ,
112,280, ,
112,281, ,
112,282, ,
112,283, ,
112,284, ,
112,285, ,
112,286, ,
112,287, ,
112,288, ,
112,289, ,
112,290, ,
112,291, ,
112,292, ,
112,293, ,
112,294, ,
112,295, ,
112,296, ,
112,297, ,
112,298, ,
112,299, ,
112,300, ,
112,301, ,
112,302, ,
112,303, ,
112,304, ,
112,305, ,
112,306, ,
112,307, ,
112,308, ,
112,309, ,
112,310, ,
112,311, ,
112,312, ,
112,313, ,
112,314, ,
112,315, ,
112,316, ,
112,317, ,
112,318, ,
112,319, ,
112,320, ,
112,321, ,
112,322, ,
112,323, ,
112,324, ,
112,325, ,
112,326, ,
112,327, ,
112,328, ,
112,329, ,
112,330, ,
112,331, ,
112,332, ,
112,333, ,
112,334, ,
112,335, ,
112,336, ,
112,349, ,
112,350, ,
112,351, ,
112,352, ,
112,353, ,
112,354, ,
112,355, ,
112,356, ,
112,357, ,
112,358, ,
112,359, ,
112,360, ,
112,373, ,
112,374, ,
112,375, ,
112,376, ,
112,377, ,
112,378, ,
112,379, ,
112,380, ,
112,381, ,
112,382, ,
112,383, ,
112,384, ,
112,385, ,
112,386, ,
112,387, ,
112,388, ,
112,389, ,
113,0, ,
113,1, ,
113,2, ,
113,3, ,
113,4, ,
113,5, ,
113,6, ,
113,7, ,
113,8, ,
113,9, ,
113,10, ,
113,11, ,
113,12, ,
113,13, ,
113,14, ,
113,15, ,
113,16, ,
113,17, ,
113,18, ,
113,19, ,
113,20, ,
113,21, ,
113,22, ,
113,23, ,
113,24, ,
113,25, ,
113,26, ,
113,27, ,
113,28, ,
113,29, ,
113,30, ,
113,31, ,
113,32, ,
113,33, ,
113,34, ,
113,35, ,
113,36, ,
113,37, ,
113,38, ,
113,39, ,
113,40, ,
113,41, ,
113,42, ,
113,43, ,
113,44, ,
113,45, ,
113,46, ,
113,47, ,
113,48, ,
113,49, ,
113,50, ,
113,51, ,
113,52, ,
113,53, ,
113,54, ,
113,55, ,
113,56, ,
113,57, ,
113,58, ,
113,59, ,
113,60, ,
113,61, ,
113,62, ,
113,63, ,
113,64, ,
113,65, ,
113,66, ,
113,67, ,
113,68, ,
113,69, ,
113,70, ,
113,71, ,
113,72, ,
113,73, ,
113,74, ,
113,75, ,
113,76, ,
113,77, ,
113,78, ,
113,79, ,
113,80, ,
113,81, ,
113,82, ,
113,83, ,
113,84, ,
113,85, ,
113,86, ,
113,87, ,
113,88, ,
113,89, ,
113,90, ,
113,91, ,
113,92, ,
113,93, ,
113,94, ,
113,95, ,
113,96, ,
113,97, ,
113,98, ,
113,99, ,
113,100, ,
113,101, ,
113,102, ,
113,103, ,
113,104, ,
113,105, ,
113,106, ,
113,107, ,
113,108, ,
113,109, ,
113,110, ,
113,111, ,
113,112, ,
113,113, ,
113,114, ,
113,115, ,
113,116, ,
113,117, ,
113,118, ,
113,119, ,
113,120, ,
113,121, ,
113,122, ,
113,123, ,
113,124, ,
113,125, ,
113,126, ,
113,127, ,
113,128, ,
113,129, ,
113,130, ,
113,131, ,
113,132, ,
113,133, ,
113,134, ,
113,135, ,
113,136, ,
113,137, ,
113,138, ,
113,139, ,
113,140, ,
113,141, ,
113,142, ,
113,143, ,
113,144, ,
113,145, ,
113,146, ,
113,147, ,
113,148, ,
113,149, ,
113,150, ,
113,151, ,
113,152, ,
113,153, ,
113,154, ,
113,155, ,
113,156, ,
113,157, ,
113,158, ,
113,159, ,
113,160, ,
113,161, ,
113,162, ,
113,163, ,
113,164, ,
113,165, ,
113,166, ,
113,167, ,
113,168, ,
113,169, ,
113,170, ,
113,171, ,
113,172, ,
113,173, ,
113,174, ,
113,175, ,
113,176, ,
113,177, ,
113,178, ,
113,179, ,
113,180, ,
113,181, ,
113,182, ,
113,183, ,
113,184, ,
113,185, ,
113,186, ,
113,187, ,
113,188, ,
113,189, ,
113,190, ,
113,191, ,
113,192, ,
113,193, ,
113,194, ,
113,195, ,
113,196, ,
113,197, ,
113,198, ,
113,199, ,
113,200, ,
113,201, ,
113,202, ,
113,203, ,
113,204, ,
113,205, ,
113,206, ,
113,207, ,
113,208, ,
113,209, ,
113,210, ,
113,211, ,
113,212, ,
113,213, ,
113,214, ,
113,215, ,
113,216, ,
113,217, ,
113,218, ,
113,219, ,
113,220, ,
113,221, ,
113,222, ,
113,223, ,
113,224, ,
113,225, ,
113,226, ,
113,227, ,
113,228, ,
113,229, ,
113,230, ,
113,231, ,
113,232, ,
113,233, ,
113,234, ,
113,235, ,
113,236, ,
113,237, ,
113,238, ,
113,239, ,
113,240, ,
113,241, ,
113,242, ,
113,243, ,
113,244, ,
113,245, ,
113,246, ,
113,247, ,
113,248, ,
113,249, ,
113,250, ,
113,251, ,
113,252, ,
113,253, ,
113,254, ,
113,255, ,
113,256, ,
113,257, ,
113,258, ,
113,259, ,
113,260, ,
113,261, ,
113,262, ,
113,263, ,
113,264, ,
113,265, ,
113,266, ,
113,267, ,
113,268, ,
113,269, ,
113,270, ,
113,271, ,
113,272, ,
113,273, ,
113,274, ,
113,275, ,
113,276, ,
113,277, ,
113,278, ,
113,279, ,
113,280, ,
114,0, ,
114,1, ,
114,2, ,
114,3, ,
114,4, ,
114,5, ,
114,6, ,
114,7, ,
114,8, ,
114,9, ,
114,10, ,
114,11, ,
114,12, ,
114,13, ,
114,14, ,
114,15, ,
114,16, ,
114,17, ,
114,18, ,
114,19, ,
114,20, ,
114,21, ,
114,22, ,
114,23, ,
114,24, ,
114,25, ,
114,26, ,
114,27, ,
114,28, ,
114,29, ,
114,30, ,
114,31, ,
114,32, ,
114,33, ,
114,34, ,
114,35, ,
114,36, ,
114,37, ,
114,38, ,
114,39, ,
114,40, ,
114,41, ,
114,42, ,
114,43, ,
114,44, ,
114,45, ,
114,46, ,
114,47, ,
114,48, ,
114,49, ,
114,50, ,
114,51, ,
114,52, ,
114,53, ,
114,54, ,
114,55, ,
114,56, ,
114,57, ,
114,58, ,
114,59, ,
114,60, ,
114,61, ,
114,62, ,
114,63, ,
114,64, ,
114,65, ,
114,66, ,
114,67, ,
114,68, ,
114,69, ,
114,70, ,
114,71, ,
114,72, ,
114,73, ,
114,74, ,
114,75, ,
114,76, ,
114,77, ,
114,78, ,
114,79, ,
114,80, ,
114,81, ,
114,82, ,
114,83, ,
114,84, ,
114,85, ,
114,86, ,
114,87, ,
114,88, ,
114,89, ,
114,90, ,
114,91, ,
114,92, ,
114,93, ,
114,94, ,
114,95, ,
114,96, ,
114,97, ,
114,98, ,
114,99, ,
114,100, ,
114,101, ,
114,102, ,
114,103, ,
114,104, ,
114,105, ,
114,106, ,
114,107, ,
114,108, ,
114,109, ,
114,110, ,
114,111, ,
114,112, ,
114,113, ,
114,114, ,
114,115, ,
114,116, ,
114,117, ,
114,118, ,
114,119, ,
114,120, ,
114,121, ,
114,122, ,
114,123, ,
114,124, ,
114,125, ,
114,126, ,
114,127, ,
114,128, ,
114,129, ,
114,130, ,
114,131, ,
114,132, ,
114,133, ,
114,134, ,
114,135, ,
114,136, ,
114,137, ,
114,138, ,
114,139, ,
114,140, ,
114,141, ,
114,142, ,
114,143, ,
114,144, ,
114,145, ,
114,146, ,
114,147, ,
114,148, ,
114,149, ,
114,150, ,
114,151, ,
114,152, ,
114,153, ,
114,154, ,
114,155, ,
114,156, ,
114,157, ,
114,158, ,
114,159, ,
114,160, ,
114,161, ,
114,162, ,
114,163, ,
114,164, ,
114,165, ,
114,166, ,
114,167, ,
114,168, ,
114,169, ,
114,170, ,
114,171, ,
114,172, ,
114,173, ,
114,174, ,
114,175, ,
114,176, ,
114,177, ,
114,178, ,
114,179, ,
114,180, ,
114,181, ,
114,182, ,
114,183, ,
114,184, ,
114,185, ,
114,186, ,
114,187, ,
114,188, ,
114,189, ,
114,190, ,
114,191, ,
114,192, ,
114,193, ,
114,194, ,
114,195, ,
114,196, ,
114,197, ,
114,198, ,
114,199, ,
114,200, ,
114,201, ,
114,202, ,
114,203, ,
114,204, ,
114,205, ,
114,206, ,
114,207, ,
114,208, ,
114,209, ,
114,210, ,
114,211, ,
114,212, ,
114,213, ,
114,214, ,
114,215, ,
114,216, ,
114,217, ,
114,218, ,
114,219, ,
114,220, ,
114,221, ,
114,222, ,
114,223, ,
114,224, ,
114,225, ,
114,226, ,
114,227, ,
114,228, ,
114,229, ,
114,230, ,
114,231, ,
114,232, ,
114,233, ,
114,234, ,
114,235, ,
114,236, ,
114,237, ,
114,238, ,
114,239, ,
114,240, ,
114,241, ,
114,242, ,
114,243, ,
114,244, ,
114,245, ,
114,246, ,
114,247, ,
114,248, ,
114,249, ,
114,250, ,
114,251, ,
114,252, ,
114,253, ,
114,254, ,
114,255, ,
114,256, ,
114,257, ,
114,258, ,
114,259, ,
114,260, ,
114,261, ,
114,262, ,
114,267, ,
114,268, ,
114,269, ,
114,270, ,
114,271, ,
114,272, ,
114,273, ,
114,274, ,
114,275, ,
114,276, ,
114,277, ,
114,278, ,
114,349, ,
114,350, ,
114,351, ,
114,352, ,
114,353, ,
114,354, ,
114,355, ,
114,356, ,
114,357, ,
114,358, ,
114,359, ,
114,360, ,
115,0, ,
115,1, ,
115,2, ,
115,3, ,
115,4, ,
115,5, ,
115,6, ,
115,7, ,
115,8, ,
115,9, ,
115,10, ,
115,11, ,
115,12, ,
115,13, ,
115,14, ,
115,15, ,
115,16, ,
115,17, ,
115,18, ,
115,19, ,
115,20, ,
115,21, ,
115,22, ,
115,23, ,
115,24, ,
115,25, ,
115,26, ,
115,27, ,
115,28, ,
115,29, ,
115,30, ,
115,31, ,
115,32, ,
115,33, ,
115,34, ,
115,35, ,
115,36, ,
115,38, ,
115,39, ,
115,40, ,
115,41, ,
115,42, ,
115,43, ,
115,44, ,
115,45, ,
115,46, ,
115,47, ,
115,48, ,
115,49, ,
115,50, ,
115,51, ,
115,52, ,
115,53, ,
115,54, ,
115,55, ,
115,56, ,
115,57, ,
115,58, ,
115,59, ,
115,60, ,
115,61, ,
115,62, ,
115,63, ,
115,64, ,
115,66, ,
115,153, ,
115,154, ,
115,155, ,
115,156, ,
115,157, ,
115,158, ,
115,159, ,
115,160, ,
115,161, ,
115,162, ,
115,163, ,
115,164, ,
115,165, ,
115,166, ,
115,167, ,
115,168, ,
115,169, ,
115,170, ,
115,171, ,
115,172, ,
115,173, ,
115,174, ,
115,175, ,
115,176, ,
115,177, ,
115,178, ,
115,179, ,
115,180, ,
115,181, ,
115,182, ,
115,183, ,
115,184, ,
115,185, ,
115,186, ,
115,187, ,
115,188, ,
115,189, ,
115,190, ,
115,191, ,
115,300, ,
115,301, ,
115,302, ,
115,303, ,
115,304, ,
115,305, ,
115,306, ,
115,307, ,
116,0, ,
116,1, ,
116,2, ,
116,3, ,
116,4, ,
116,5, ,
116,6, ,
116,7, ,
116,8, ,
116,9, ,
116,10, ,
116,11, ,
116,12, ,
116,13, ,
116,14, ,
116,15, ,
116,16, ,
116,17, ,
116,18, ,
116,19, ,
116,20, ,
116,21, ,
116,22, ,
116,23, ,
116,24, ,
116,25, ,
116,26, ,
116,27, ,
116,28, ,
116,29, ,
116,30, ,
116,31, ,
116,32, ,
116,33, ,
116,34, ,
116,35, ,
116,36, ,
116,37, ,
116,38, ,
116,39, ,
116,40, ,
116,41, ,
116,42, ,
116,43, ,
116,44, ,
116,45, ,
116,46, ,
116,47, ,
116,48, ,
116,49, ,
116,50, ,
116,51, ,
116,52, ,
116,53, ,
116,54, ,
116,55, ,
116,56, ,
116,57, ,
116,58, ,
116,59, ,
116,60, ,
116,61, ,
116,62, ,
116,63, ,
116,64, ,
116,65, ,
116,66, ,
116,67, ,
116,68, ,
116,69, ,
116,70, ,
117,0, ,
117,1, ,
117,2, ,
117,3, ,
117,4, ,
117,5, ,
117,6, ,
117,7, ,
117,8, ,
117,9, ,
117,10, ,
117,11, ,
117,12, ,
117,13, ,
117,14, ,
117,15, ,
117,16, ,
117,17, ,
117,18, ,
117,19, ,
117,20, ,
117,21, ,
117,22, ,
117,23, ,
117,24, ,
117,25, ,
117,26, ,
117,27, ,
117,28, ,
117,29, ,
117,30, ,
117,31, ,
117,32, ,
117,33, ,
117,34, ,
117,35, ,
117,36, ,
117,37, ,
117,38, ,
117,39, ,
117,40, ,
117,41, ,
117,42, ,
117,43, ,
117,44, ,
117,45, ,
117,47, ,
117,48, ,
117,49, ,
117,50, ,
117,51, ,
117,52, ,
117,53, ,
117,59, ,
117,61, ,
117,62, ,
117,73, ,
117,74, ,
117,76, ,
117,77, ,
117,113, ,
117,118, ,
117,119, ,
117,120, ,
117,121, ,
117,130, ,
117,131, ,
117,132, ,
117,133, ,
117,134, ,
117,135, ,
117,136, ,
117,137, ,
117,138, ,
117,139, ,
117,140, ,
117,141, ,
117,142, ,
117,143, ,
117,153, ,
117,159, ,
117,164, ,
117,165, ,
117,166, ,
117,167, ,
117,168, ,
117,169, ,
117,170, ,
117,171, ,
117,174, ,
117,175, ,
117,176, ,
117,177, ,
117,178, ,
117,179, ,
117,180, ,
117,181, ,
117,182, ,
117,183, ,
117,184,randomOption_Armor.bin,
117,185,randomOption_Armor.bin,
117,186,randomOption_Armor.bin,
118,0, ,
118,1, ,
118,2, ,
118,3, ,
118,4, ,
118,5, ,
118,6, ,
118,7, ,
118,8, ,
118,9, ,
118,10, ,
118,11, ,
118,12, ,
118,13, ,
118,14, ,
118,15, ,
118,16, ,
118,17, ,
118,18, ,
118,19, ,
118,20, ,
118,21, ,
118,22, ,
118,23, ,
118,24, ,
118,25, ,
118,26, ,
118,27, ,
118,28, ,
118,29, ,
118,33, ,
118,45, ,
119,0, ,
119,1, ,
119,2, ,
119,3, ,
119,4, ,
119,5, ,
119,6, ,
119,7, ,
119,8, ,
119,9, ,
119,10, ,
119,11, ,
119,12, ,
119,13, ,
119,14, ,
119,15, ,
119,16, ,
119,17, ,
119,18, ,
119,19, ,
119,20, ,
119,21, ,
119,22, ,
119,23, ,
119,24, ,
119,25, ,
119,26, ,
119,27, ,
119,28, ,
119,29, ,
119,30, ,
119,31, ,
119,32, ,
119,33, ,
119,34, ,
119,35, ,
119,36, ,
119,37, ,
119,38, ,
119,39, ,
119,40, ,
119,41, ,
119,42, ,
119,43, ,
119,44, ,
119,45, ,
119,46, ,
119,47, ,
119,48, ,
119,60, ,
119,61, ,
119,142, ,
119,143, ,
119,144, ,
119,145, ,
119,146, ,
119,147, ,
120,0, ,
120,1, ,
120,2, ,
120,3, ,
120,4, ,
120,5, ,
120,6, ,
120,7, ,
120,8, ,
120,9, ,
120,10, ,
120,11, ,
120,12, ,
120,13, ,
120,14, ,
120,15, ,
120,16, ,
120,17, ,
120,18, ,
120,19, ,
120,20, ,
120,21, ,
120,22, ,
120,23, ,
120,24, ,
120,25, ,
120,26, ,
120,27, ,
120,28, ,
120,29, ,
120,30, ,
121,0, ,
121,1, ,
121,2, ,
121,3, ,
121,7, ,
121,8, ,
122,0, ,
122,1, ,
122,2, ,
122,3, ,
122,4, ,
122,5, ,
122,6, ,
122,7, ,
122,8, ,
122,9, ,
122,10, ,
122,11, ,
122,12, ,
122,13, ,
122,14, ,
122,15, ,
122,16, ,
122,17, ,
122,18, ,
122,19, ,
122,20, ,
122,21, ,
122,22, ,
122,23, ,
122,24, ,
122,25, ,
122,26, ,
122,27, ,
122,28, ,
122,29, ,
122,30, ,
122,31, ,
122,32, ,
122,33, ,
122,34, ,
122,35, ,
122,36, ,
122,37, ,
122,38, ,
122,39, ,
122,40, ,
122,41, ,
122,42, ,
122,43, ,
122,44, ,
122,45, ,
122,46, ,
122,47, ,
122,48, ,
122,49, ,
122,50, ,
122,51, ,
122,52, ,
122,53, ,
122,54, ,
122,55, ,
122,56, ,
122,57, ,
122,58, ,
122,59, ,
122,60, ,
122,61, ,
122,62, ,
122,63, ,
122,64, ,
122,65, ,
122,66, ,
122,67, ,
122,68, ,
122,69, ,
122,70, ,
122,71, ,
122,72, ,
122,73, ,
122,74, ,
122,75, ,
122,76, ,
122,77, ,
122,78, ,
122,79, ,
122,80, ,
122,81, ,
122,82, ,
122,83, ,
122,84, ,
122,85, ,
122,86, ,
122,87, ,
122,88, ,
122,89, ,
122,90, ,
122,91, ,
122,92, ,
122,93, ,
122,94, ,
122,95, ,
122,96, ,
122,97, ,
122,98, ,
122,99, ,
122,100, ,
122,101, ,
122,102, ,
122,103, ,
122,104, ,
122,105, ,
122,106, ,
122,107, ,
122,108, ,
122,109, ,
122,110, ,
122,111, ,
122,112, ,
122,113, ,
122,114, ,
122,115, ,
122,116, ,
122,117, ,
122,118, ,
122,119, ,
122,120, ,
122,121, ,
122,122, ,
122,123, ,
122,124, ,
122,125, ,
122,126, ,
122,127, ,
122,128, ,
122,129, ,
122,130, ,
122,131, ,
122,132, ,
122,133, ,
122,134, ,
122,135, ,
122,136, ,
122,137, ,
122,138, ,
122,139, ,
122,140, ,
122,141, ,
122,142, ,
122,143, ,
122,144, ,
122,145, ,
122,146, ,
122,147, ,
122,148, ,
122,149, ,
122,150, ,
123,0, ,
123,1, ,
123,2,randomOption_Weapon.bin,
123,3,randomOption_Weapon.bin,
123,4,randomOption_Weapon.bin,
123,5,randomOption_Weapon.bin,
123,6,randomOption_Weapon.bin,
123,7,randomOption_Weapon.bin,
123,8,randomOption_Weapon.bin,
123,9,randomOption_Weapon.bin,
123,10,randomOption_Weapon.bin,
123,11,randomOption_Weapon.bin,
123,12,randomOption_Weapon.bin,
123,13,randomOption_Weapon.bin,
123,14,randomOption_Weapon.bin,
123,15, ,
123,16,randomOption_Weapon.bin,
123,17,randomOption_Weapon.bin,
123,18,randomOption_Weapon.bin,
123,19,randomOption_Weapon.bin,
123,20,randomOption_Weapon.bin,
123,21, ,
123,22, ,
123,23, ,
123,24, ,
123,25,randomOption_Weapon.bin,
123,26,randomOption_Weapon.bin,
123,27,randomOption_Weapon.bin,
123,28,randomOption_Weapon.bin,
123,29,randomOption_Weapon.bin,
123,30,randomOption_Weapon.bin,
123,31,randomOption_Weapon.bin,
123,32,randomOption_Weapon.bin,
123,33,randomOption_Weapon.bin,
123,34,randomOption_Weapon.bin,
123,35,randomOption_Weapon.bin,
123,36,randomOption_Weapon.bin,
123,37,randomOption_Weapon.bin,
123,38,randomOption_Weapon.bin,
123,39,randomOption_Weapon.bin,
123,40,randomOption_Weapon.bin,
123,41, ,
123,42, ,
123,43,randomOption_Weapon.bin,
123,44,randomOption_Weapon.bin,
123,45,randomOption_Weapon.bin,
123,46,randomOption_Weapon.bin,
123,47,randomOption_Weapon.bin,
123,48,randomOption_Weapon.bin,
123,49,randomOption_Weapon.bin,
123,50,randomOption_Weapon.bin,
123,51,randomOption_Weapon.bin,
123,52,randomOption_Weapon.bin,
123,53,randomOption_Weapon.bin,
123,54,randomOption_Weapon.bin,
123,55,randomOption_Weapon.bin,
123,56,randomOption_Weapon.bin,
123,57,randomOption_Weapon.bin,
123,58,randomOption_Weapon.bin,
123,59,randomOption_Weapon.bin,
123,60,randomOption_Weapon.bin,
123,61,randomOption_Weapon.bin,
123,62,randomOption_Weapon.bin,
123,63,randomOption_Weapon.bin,
123,64,randomOption_Weapon.bin,
123,65, ,
123,66,randomOption_Weapon.bin,
123,67,randomOption_Weapon.bin,
123,68,randomOption_Weapon.bin,
123,69,randomOption_Weapon.bin,
123,70,randomOption_Weapon.bin,
123,71,randomOption_Weapon.bin,
123,72,randomOption_Weapon.bin,
123,73,randomOption_Weapon.bin,
123,74,randomOption_Weapon.bin,
123,75,randomOption_Weapon.bin,
123,76,randomOption_Weapon.bin,
123,77,randomOption_Weapon.bin,
123,78,randomOption_Weapon.bin,
123,79,randomOption_Weapon.bin,
123,80,randomOption_Weapon.bin,
123,81,randomOption_Weapon.bin,
123,82,randomOption_Weapon.bin,
123,83,randomOption_Weapon.bin,
123,84,randomOption_Weapon.bin,
123,85,randomOption_Weapon.bin,
123,86,randomOption_Weapon.bin,
123,87,randomOption_Weapon.bin,
123,88,randomOption_Weapon.bin,
123,89,randomOption_Weapon.bin,
123,90,randomOption_Weapon.bin,
123,91,randomOption_Weapon.bin,
123,92,randomOption_Weapon.bin,
124,0, ,
124,1, ,
124,2,randomOption_Weapon.bin,
124,3,randomOption_Weapon.bin,
124,4,randomOption_Weapon.bin,
124,5,randomOption_Weapon.bin,
124,6,randomOption_Weapon.bin,
124,7,randomOption_Weapon.bin,
124,8,randomOption_Weapon.bin,
124,9,randomOption_Weapon.bin,
124,10,randomOption_Weapon.bin,
124,11,randomOption_Weapon.bin,
124,12,randomOption_Weapon.bin,
124,13,randomOption_Weapon.bin,
124,14,randomOption_Weapon.bin,
124,15, ,
124,16,randomOption_Weapon.bin,
124,17,randomOption_Weapon.bin,
124,18,randomOption_Weapon.bin,
124,19,randomOption_Weapon.bin,
124,20,randomOption_Weapon.bin,
124,21, ,
124,22, ,
124,23, ,
124,24, ,
124,25,randomOption_Weapon.bin,
124,26,randomOption_Weapon.bin,
124,27,randomOption_Weapon.bin,
124,28,randomOption_Weapon.bin,
124,29,randomOption_Weapon.bin,
124,30,randomOption_Weapon.bin,
124,31,randomOption_Weapon.bin,
124,32,randomOption_Weapon.bin,
124,33,randomOption_Weapon.bin,
124,34,randomOption_Weapon.bin,
124,35,randomOption_Weapon.bin,
124,36,randomOption_Weapon.bin,
124,37,randomOption_Weapon.bin,
124,38,randomOption_Weapon.bin,
124,39,randomOption_Weapon.bin,
124,40,randomOption_Weapon.bin,
124,41, ,
124,42, ,
124,43,randomOption_Weapon.bin,
124,44,randomOption_Weapon.bin,
124,45,randomOption_Weapon.bin,
124,46,randomOption_Weapon.bin,
124,47,randomOption_Weapon.bin,
124,48,randomOption_Weapon.bin,
124,49,randomOption_Weapon.bin,
124,50,randomOption_Weapon.bin,
124,51,randomOption_Weapon.bin,
124,52,randomOption_Weapon.bin,
124,53,randomOption_Weapon.bin,
124,54,randomOption_Weapon.bin,
124,55,randomOption_Weapon.bin,
124,56,randomOption_Weapon.bin,
124,57,randomOption_Weapon.bin,
124,58,randomOption_Weapon.bin,
124,59,randomOption_Weapon.bin,
124,60,randomOption_Weapon.bin,
124,61,randomOption_Weapon.bin,
124,62,randomOption_Weapon.bin,
124,63,randomOption_Weapon.bin,
124,64,randomOption_Weapon.bin,
124,65, ,
124,66,randomOption_Weapon.bin,
124,67,randomOption_Weapon.bin,
124,68,randomOption_Weapon.bin,
124,69,randomOption_Weapon.bin,
124,70,randomOption_Weapon.bin,
124,71,randomOption_Weapon.bin,
124,72,randomOption_Weapon.bin,
124,73,randomOption_Weapon.bin,
124,74,randomOption_Weapon.bin,
124,75,randomOption_Weapon.bin,
124,76,randomOption_Weapon.bin,
124,77,randomOption_Weapon.bin,
124,78,randomOption_Weapon.bin,
124,79,randomOption_Weapon.bin,
124,80,randomOption_Weapon.bin,
124,81,randomOption_Weapon.bin,
124,82,randomOption_Weapon.bin,
124,83,randomOption_Weapon.bin,
124,84,randomOption_Weapon.bin,
124,85,randomOption_Weapon.bin,
124,86,randomOption_Weapon.bin,
124,87,randomOption_Weapon.bin,
124,88,randomOption_Weapon.bin,
124,89,randomOption_Weapon.bin,
124,90,randomOption_Weapon.bin,
124,91,randomOption_Weapon.bin,
124,92,randomOption_Weapon.bin,
125,0, ,
125,1, ,
125,2,randomOption_Weapon.bin,
125,3,randomOption_Weapon.bin,
125,4,randomOption_Weapon.bin,
125,5,randomOption_Weapon.bin,
125,6,randomOption_Weapon.bin,
125,7,randomOption_Weapon.bin,
125,8,randomOption_Weapon.bin,
125,9,randomOption_Weapon.bin,
125,10,randomOption_Weapon.bin,
125,11,randomOption_Weapon.bin,
125,12,randomOption_Weapon.bin,
125,13,randomOption_Weapon.bin,
125,14,randomOption_Weapon.bin,
125,15, ,
125,16,randomOption_Weapon.bin,
125,17,randomOption_Weapon.bin,
125,18,randomOption_Weapon.bin,
125,19,randomOption_Weapon.bin,
125,20,randomOption_Weapon.bin,
125,21, ,
125,22, ,
125,23, ,
125,24, ,
125,25,randomOption_Weapon.bin,
125,26,randomOption_Weapon.bin,
125,27,randomOption_Weapon.bin,
125,28,randomOption_Weapon.bin,
125,29,randomOption_Weapon.bin,
125,30,randomOption_Weapon.bin,
125,31,randomOption_Weapon.bin,
125,32,randomOption_Weapon.bin,
125,33,randomOption_Weapon.bin,
125,34,randomOption_Weapon.bin,
125,35,randomOption_Weapon.bin,
125,36,randomOption_Weapon.bin,
125,37,randomOption_Weapon.bin,
125,38,randomOption_Weapon.bin,
125,39,randomOption_Weapon.bin,
125,40,randomOption_Weapon.bin,
125,41, ,
125,42, ,
125,43,randomOption_Weapon.bin,
125,44,randomOption_Weapon.bin,
125,45,randomOption_Weapon.bin,
125,46,randomOption_Weapon.bin,
125,47,randomOption_Weapon.bin,
125,48,randomOption_Weapon.bin,
125,49,randomOption_Weapon.bin,
125,50,randomOption_Weapon.bin,
125,51,randomOption_Weapon.bin,
125,52,randomOption_Weapon.bin,
125,53,randomOption_Weapon.bin,
125,54,randomOption_Weapon.bin,
125,55,randomOption_Weapon.bin,
125,56,randomOption_Weapon.bin,
125,57,randomOption_Weapon.bin,
125,58,randomOption_Weapon.bin,
125,59,randomOption_Weapon.bin,
125,60,randomOption_Weapon.bin,
125,61,randomOption_Weapon.bin,
125,62,randomOption_Weapon.bin,
125,63,randomOption_Weapon.bin,
125,64,randomOption_Weapon.bin,
125,65, ,
125,66,randomOption_Weapon.bin,
125,67,randomOption_Weapon.bin,
125,68,randomOption_Weapon.bin,
125,69,randomOption_Weapon.bin,
125,70,randomOption_Weapon.bin,
125,71,randomOption_Weapon.bin,
125,72,randomOption_Weapon.bin,
125,73,randomOption_Weapon.bin,
125,74,randomOption_Weapon.bin,
125,75,randomOption_Weapon.bin,
125,76,randomOption_Weapon.bin,
125,77,randomOption_Weapon.bin,
125,78,randomOption_Weapon.bin,
125,79,randomOption_Weapon.bin,
125,80,randomOption_Weapon.bin,
125,81,randomOption_Weapon.bin,
125,82,randomOption_Weapon.bin,
125,83,randomOption_Weapon.bin,
125,84,randomOption_Weapon.bin,
125,85,randomOption_Weapon.bin,
125,86,randomOption_Weapon.bin,
125,87,randomOption_Weapon.bin,
125,88,randomOption_Weapon.bin,
125,89,randomOption_Weapon.bin,
125,90,randomOption_Weapon.bin,
125,91,randomOption_Weapon.bin,
125,92,randomOption_Weapon.bin,
126,0, ,
126,1, ,
126,2,randomOption_Weapon.bin,
126,3,randomOption_Weapon.bin,
126,4,randomOption_Weapon.bin,
126,5,randomOption_Weapon.bin,
126,6,randomOption_Weapon.bin,
126,7,randomOption_Weapon.bin,
126,8,randomOption_Weapon.bin,
126,9,randomOption_Weapon.bin,
126,10,randomOption_Weapon.bin,
126,11,randomOption_Weapon.bin,
126,12,randomOption_Weapon.bin,
126,13,randomOption_Weapon.bin,
126,14,randomOption_Weapon.bin,
126,15, ,
126,16,randomOption_Weapon.bin,
126,17,randomOption_Weapon.bin,
126,18,randomOption_Weapon.bin,
126,19,randomOption_Weapon.bin,
126,20,randomOption_Weapon.bin,
126,21, ,
126,22, ,
126,23, ,
126,24, ,
126,25,randomOption_Weapon.bin,
126,26,randomOption_Weapon.bin,
126,27,randomOption_Weapon.bin,
126,28,randomOption_Weapon.bin,
126,29,randomOption_Weapon.bin,
126,30,randomOption_Weapon.bin,
126,31,randomOption_Weapon.bin,
126,32,randomOption_Weapon.bin,
126,33,randomOption_Weapon.bin,
126,34,randomOption_Weapon.bin,
126,35,randomOption_Weapon.bin,
126,36,randomOption_Weapon.bin,
126,37,randomOption_Weapon.bin,
126,38,randomOption_Weapon.bin,
126,39,randomOption_Weapon.bin,
126,40,randomOption_Weapon.bin,
126,41, ,
126,42, ,
126,43,randomOption_Weapon.bin,
126,44,randomOption_Weapon.bin,
126,45,randomOption_Weapon.bin,
126,46,randomOption_Weapon.bin,
126,47,randomOption_Weapon.bin,
126,48,randomOption_Weapon.bin,
126,49,randomOption_Weapon.bin,
126,50,randomOption_Weapon.bin,
126,51,randomOption_Weapon.bin,
126,52,randomOption_Weapon.bin,
126,53,randomOption_Weapon.bin,
126,54,randomOption_Weapon.bin,
126,55,randomOption_Weapon.bin,
126,56,randomOption_Weapon.bin,
126,57,randomOption_Weapon.bin,
126,58,randomOption_Weapon.bin,
126,59,randomOption_Weapon.bin,
126,60,randomOption_Weapon.bin,
126,61,randomOption_Weapon.bin,
126,62,randomOption_Weapon.bin,
126,63,randomOption_Weapon.bin,
126,64,randomOption_Weapon.bin,
126,65, ,
126,66,randomOption_Weapon.bin,
126,67,randomOption_Weapon.bin,
126,68,randomOption_Weapon.bin,
126,69,randomOption_Weapon.bin,
126,70,randomOption_Weapon.bin,
126,71,randomOption_Weapon.bin,
126,72,randomOption_Weapon.bin,
126,73,randomOption_Weapon.bin,
126,74,randomOption_Weapon.bin,
126,75,randomOption_Weapon.bin,
126,76,randomOption_Weapon.bin,
126,77,randomOption_Weapon.bin,
126,78,randomOption_Weapon.bin,
126,79,randomOption_Weapon.bin,
126,80,randomOption_Weapon.bin,
126,81,randomOption_Weapon.bin,
126,82,randomOption_Weapon.bin,
126,83,randomOption_Weapon.bin,
126,84,randomOption_Weapon.bin,
126,85,randomOption_Weapon.bin,
126,86,randomOption_Weapon.bin,
126,87,randomOption_Weapon.bin,
126,88,randomOption_Weapon.bin,
126,89,randomOption_Weapon.bin,
126,90,randomOption_Weapon.bin,
126,91,randomOption_Weapon.bin,
126,92,randomOption_Weapon.bin,
127,0, ,
127,1,randomOption_Armor.bin,
127,2,randomOption_Armor.bin,
127,3,randomOption_Armor.bin,
127,4,randomOption_Armor.bin,
127,5,randomOption_Armor.bin,
127,6,randomOption_Armor.bin,
127,7,randomOption_Armor.bin,
127,8,randomOption_Armor.bin,
127,9,randomOption_Armor.bin,
127,10,randomOption_Armor.bin,
127,11,randomOption_Armor.bin,
127,12,randomOption_Armor.bin,
127,13,randomOption_Armor.bin,
127,14,randomOption_Armor.bin,
127,15,randomOption_Armor.bin,
127,16,randomOption_Armor.bin,
127,17,randomOption_Armor.bin,
127,18,randomOption_Armor.bin,
127,19,randomOption_Armor.bin,
127,20,randomOption_Armor.bin,
127,21,randomOption_ArmorDL.bin,
127,22,randomOption_ArmorDL.bin,
127,23,randomOption_ArmorDL.bin,
127,24,randomOption_ArmorDL.bin,
127,25,randomOption_ArmorDL.bin,
127,26,randomOption_ArmorDL.bin,
127,27,randomOption_ArmorDL.bin,
127,28,randomOption_ArmorDL.bin,
127,29,randomOption_ArmorDL.bin,
127,30,randomOption_ArmorDL.bin,
127,31,randomOption_ArmorDL.bin,
127,32,randomOption_ArmorDL.bin,
127,33,randomOption_ArmorDL.bin,
127,34,randomOption_ArmorDL.bin,
127,35,randomOption_ArmorDL.bin,
127,36,randomOption_ArmorDL.bin,
127,37,randomOption_ArmorDL.bin,
127,38,randomOption_ArmorDL.bin,
127,39,randomOption_ArmorDL.bin,
127,40,randomOption_ArmorDL.bin,
127,41,randomOption_Armor.bin,
127,42,randomOption_Armor.bin,
127,43,randomOption_Armor.bin,
127,44,randomOption_Armor.bin,
127,45,randomOption_Armor.bin,
127,46,randomOption_Armor.bin,
127,47,randomOption_Armor.bin,
127,48,randomOption_Armor.bin,
127,49,randomOption_Armor.bin,
127,50,randomOption_Armor.bin,
127,51,randomOption_Armor.bin,
127,52,randomOption_Armor.bin,
127,53,randomOption_Armor.bin,
127,54,randomOption_Armor.bin,
127,55,randomOption_Armor.bin,
127,56,randomOption_Armor.bin,
127,57,randomOption_Armor.bin,
127,58,randomOption_Armor.bin,
127,59,randomOption_Armor.bin,
127,60,randomOption_Armor.bin,
127,61,randomOption_Armor.bin,
127,62,randomOption_Armor.bin,
127,63,randomOption_Armor.bin,
127,64,randomOption_Armor.bin,
127,65,randomOption_Armor.bin,
127,66,randomOption_Armor.bin,
127,67,randomOption_Armor.bin,
127,68,randomOption_Armor.bin,
127,69,randomOption_Armor.bin,
127,70,randomOption_Armor.bin,
127,71,randomOption_Armor.bin,
127,72,randomOption_Armor.bin,
127,73,randomOption_Armor.bin,
127,74,randomOption_Armor.bin,
127,75,randomOption_Armor.bin,
127,76,randomOption_Armor.bin,
127,77,randomOption_Armor.bin,
127,78,randomOption_Armor.bin,
127,79,randomOption_Armor.bin,
127,80,randomOption_Armor.bin,
127,81, ,
127,82, ,
127,83, ,
127,84, ,
127,85, ,
127,86, ,
127,87, ,
127,88, ,
127,89, ,
127,90, ,
127,91,randomOption_ArmorDL.bin,
127,92,randomOption_ArmorDL.bin,
127,93,randomOption_ArmorDL.bin,
127,94,randomOption_ArmorDL.bin,
127,95,randomOption_ArmorDL.bin,
127,96,randomOption_ArmorDL.bin,
127,97,randomOption_ArmorDL.bin,
127,98,randomOption_ArmorDL.bin,
127,99,randomOption_ArmorDL.bin,
127,100,randomOption_ArmorDL.bin,
127,101,randomOption_ArmorDL.bin,
127,102,randomOption_ArmorDL.bin,
127,103,randomOption_ArmorDL.bin,
127,104,randomOption_ArmorDL.bin,
127,105,randomOption_ArmorDL.bin,
127,106,randomOption_ArmorDL.bin,
127,107,randomOption_ArmorDL.bin,
127,108,randomOption_ArmorDL.bin,
127,109,randomOption_ArmorDL.bin,
127,110,randomOption_ArmorDL.bin,
127,111,randomOption_ArmorCS.bin,
127,112,randomOption_ArmorCS.bin,
127,113,randomOption_ArmorCS.bin,
127,114,randomOption_ArmorCS.bin,
127,115,randomOption_ArmorCS.bin,
127,116,randomOption_ArmorCS.bin,
127,117,randomOption_ArmorCS.bin,
127,118,randomOption_ArmorCS.bin,
127,119,randomOption_ArmorCS.bin,
127,120,randomOption_ArmorCS.bin,
127,121,randomOption_ArmorCS.bin,
127,122,randomOption_ArmorCS.bin,
127,123,randomOption_ArmorCS.bin,
127,124,randomOption_ArmorCS.bin,
127,125,randomOption_ArmorCS.bin,
127,126,randomOption_ArmorCS.bin,
127,127,randomOption_ArmorCS.bin,
127,128,randomOption_ArmorCS.bin,
127,129,randomOption_ArmorCS.bin,
127,130,randomOption_ArmorCS.bin,
127,131,randomOption_ArmorCS.bin,
127,132,randomOption_ArmorCS.bin,
127,133,randomOption_ArmorCS.bin,
127,134,randomOption_ArmorCS.bin,
127,135,randomOption_WeaponCS.bin,
127,136,randomOption_WeaponCS.bin,
127,137,randomOption_WeaponCS.bin,
127,138,randomOption_WeaponCS.bin,
127,139,randomOption_WeaponCS.bin,
127,140,randomOption_WeaponCS.bin,
127,141,randomOption_WeaponCS.bin,
127,142,randomOption_WeaponCS.bin,
127,143,randomOption_WeaponCS.bin,
127,144,randomOption_WeaponCS.bin,
127,145,randomOption_WeaponCS.bin,
127,146,randomOption_WeaponCS.bin,
127,147,randomOption_WeaponCS.bin,
127,148,randomOption_WeaponCS.bin,
127,149,randomOption_WeaponCS.bin,
127,150,randomOption_WeaponCS.bin,
127,151,randomOption_WeaponCS.bin,
127,152,randomOption_WeaponCS.bin,
127,153,randomOption_WeaponCS.bin,
127,154,randomOption_WeaponCS.bin,
127,194, ,
127,195, ,
127,196, ,
127,198, ,
127,199, ,
127,200, ,
127,233,randomOption_Weapon.bin,
127,234,randomOption_Weapon.bin,
127,235,randomOption_Weapon.bin,
127,236,randomOption_WeaponDS.bin,
127,237,randomOption_WeaponDS.bin,
127,238,randomOption_WeaponDS.bin,
128,0, ,
128,182,randomOption_ArmorDS.bin,
128,183,randomOption_ArmorDS.bin,
128,184,randomOption_ArmorDS.bin,
128,185,randomOption_ArmorDS.bin,
128,186,randomOption_ArmorDS.bin,
128,187,randomOption_ArmorDS.bin,
128,188,randomOption_ArmorDS.bin,
128,189,randomOption_ArmorDS.bin,
128,190,randomOption_ArmorDS.bin,
128,191,randomOption_ArmorDS.bin,
128,192,randomOption_ArmorDS.bin,
128,193,randomOption_ArmorDS.bin,
128,194,randomOption_ArmorDS.bin,
128,195,randomOption_ArmorDS.bin,
128,196,randomOption_ArmorDS.bin,
128,197,randomOption_ArmorDS.bin,
128,198,randomOption_ArmorDS.bin,
128,199,randomOption_ArmorDS.bin,
128,200,randomOption_ArmorDS.bin,
128,201,randomOption_ArmorDS.bin,
128,202,randomOption_ArmorDS.bin,
128,203,randomOption_ArmorDS.bin,
128,204,randomOption_ArmorDS.bin,
128,205,randomOption_ArmorDS.bin,
128,210,randomOption_WeaponDS.bin,
128,211,randomOption_WeaponDS.bin,
128,212,randomOption_WeaponDS.bin,
128,213,randomOption_WeaponDS.bin,
128,214,randomOption_WeaponDS.bin,
128,215,randomOption_WeaponDS.bin,
128,216,randomOption_WeaponDS.bin,
128,217,randomOption_WeaponDS.bin,
128,218,randomOption_WeaponDS.bin,
128,219,randomOption_WeaponDS.bin,
128,220,randomOption_WeaponDS.bin,
128,221,randomOption_WeaponDS.bin,
128,222,randomOption_WeaponDS.bin,
128,223,randomOption_WeaponDS.bin,
128,224,randomOption_WeaponDS.bin,
128,225,randomOption_WeaponDS.bin,
128,226,randomOption_WeaponDS.bin,
128,227,randomOption_WeaponDS.bin,
128,228,randomOption_WeaponDS.bin,
128,229,randomOption_WeaponDS.bin,
133,0, ,
133,1, ,
133,2, ,
133,40, ,
133,41, ,
133,42, ,
133,43, ,
133,44, ,
133,45, ,
133,46, ,
133,47, ,
133,48, ,
133,49, ,
133,50, ,
133,51, ,
133,52, ,
133,53, ,
133,54, ,
133,55, ,
133,56, ,
133,57, ,
133,58, ,
133,59, ,
133,74, ,
133,75, ,
133,100, ,
133,101, ,
133,102, ,
133,103, ,
133,104, ,
133,105, ,
133,106, ,
133,107, ,
133,108, ,
133,109, ,
133,110, ,
133,111, ,
133,112, ,
141,0, ,
141,1, ,
141,2, ,
141,3, ,
141,4, ,
141,5, ,
141,6, ,
141,7, ,
141,8, ,
141,9, ,
141,10, ,
141,11, ,
141,12, ,
141,13, ,
141,14, ,
141,15, ,
141,16, ,
141,17, ,
141,18, ,
141,19, ,
141,20, ,
141,21, ,
141,22, ,
141,23, ,
141,24, ,
142,0, ,
142,1, ,
142,2, ,
142,3, ,
142,4, ,
142,5, ,
142,6, ,
142,7, ,
142,8, ,
142,9, ,
142,10, ,
142,11, ,
142,12, ,
142,13, ,
142,14, ,
142,15, ,
142,16, ,
142,17, ,
142,18, ,
142,19, ,
142,20, ,
142,21, ,
142,22, ,
142,23, ,
142,24, ,
142,25, ,
142,26, ,
142,27, ,
142,28, ,
142,29, ,
142,30, ,
142,36, ,
142,50, ,
142,51, ,
142,52, ,
142,53, ,
142,54, ,
142,55, ,
142,56, ,
142,57, ,
142,58, ,
142,59, ,
142,60, ,
142,61, ,
142,62, ,
142,63, ,
142,64, ,
142,65, ,
142,66, ,
142,67, ,
142,68, ,
142,69, ,
142,70, ,
142,71, ,
142,72, ,
142,73, ,
142,74, ,
142,75, ,
142,76, ,
142,77, ,
142,78, ,
142,79, ,
142,80, ,
142,81, ,
142,82, ,
142,83, ,
142,84, ,
142,85, ,
142,86, ,
142,87, ,
142,88, ,
142,89, ,
142,90, ,
142,91, ,
142,92, ,
142,93, ,
142,94, ,
142,95, ,
142,96, ,
142,97, ,
142,98, ,
142,99, ,
142,100, ,
142,111, ,
142,112, ,
142,113, ,
142,114, ,
142,115, ,
142,116, ,
142,117, ,
142,118, ,
142,119, ,
142,121, ,
142,122, ,
142,123, ,
142,124, ,
142,125, ,
142,126, ,
142,127, ,
142,128, ,
142,129, ,
142,130, ,
142,131, ,
142,132, ,
142,133, ,
142,134, ,
142,135, ,
142,136, ,
142,137, ,
142,138, ,
142,139, ,
142,140, ,
142,141, ,
142,142, ,
142,143, ,
142,144, ,
142,145, ,
142,146, ,
142,147, ,
142,148, ,
142,149, ,
142,150, ,
142,151, ,
142,152, ,
142,153, ,
142,154, ,
142,155, ,
142,162, ,
142,163, ,
142,164, ,
142,165, ,
142,166, ,
142,167, ,
142,204, ,
142,205, ,
142,206, ,
142,207, ,
142,208, ,
142,209, ,
142,210, ,
142,211, ,
142,212, ,
142,213, ,
142,214, ,
142,215, ,
142,216, ,
142,217, ,
142,218, ,
142,219, ,
142,220, ,
142,221, ,
142,222, ,
142,223, ,
142,224, ,
142,225, ,
142,226, ,
142,227, ,
142,228, ,
142,229, ,
142,230, ,
142,231, ,
142,232, ,
142,233, ,
142,234, ,
142,235, ,
142,236, ,
142,237, ,
142,238, ,
142,239, ,
142,240, ,
142,241, ,
142,242, ,
142,243, ,
142,244, ,
142,245, ,
142,246, ,
142,247, ,
142,248, ,
142,249, ,
142,250, ,
142,251, ,
142,252, ,
142,253, ,
142,254, ,
142,255, ,
142,256, ,
142,257, ,
142,258, ,
142,259, ,
142,260, ,
142,261, ,
143,0, ,
143,1, ,
143,2, ,
143,3, ,
143,4, ,
143,5, ,
143,6, ,
143,7, ,
143,8, ,
143,9, ,
143,10, ,
143,11, ,
143,12, ,
143,13, ,
143,14, ,
143,15, ,
143,16, ,
143,17, ,
143,48, ,
143,49, ,
143,50, ,
143,60, ,
143,61, ,
143,62, ,
143,63, ,
143,65, ,
143,66, ,
143,67, ,
143,68, ,
143,69, ,
143,70, ,
143,71, ,
143,72, ,
143,73, ,
143,74, ,
143,75, ,
143,76, ,
143,77, ,
143,78, ,
143,79, ,
143,80, ,
143,81, ,
143,82, ,
143,83, ,
143,84, ,
143,85, ,
143,86, ,
143,87, ,
143,88, ,
143,89, ,
143,90, ,
143,91, ,
143,92, ,
143,93, ,
143,94, ,
143,95, ,
143,96, ,
143,97, ,
143,98, ,
143,99, ,
143,100, ,
143,101, ,
143,102, ,
143,103, ,
143,104, ,
143,105, ,
143,106, ,
143,107, ,
143,108, ,
143,109, ,
143,110, ,
143,111, ,
143,112, ,
143,113, ,
143,114, ,
143,115, ,
143,116, ,
143,117, ,
143,118, ,
143,119, ,
143,120, ,
143,121, ,
143,122, ,
143,123, ,
143,124, ,
143,125, ,
143,126, ,
143,127, ,
143,128, ,
143,129, ,
143,130, ,
143,131, ,
143,132, ,
143,133, ,
143,134, ,
143,135, ,
143,136, ,
143,137, ,
143,138, ,
143,139, ,
143,140, ,
143,141, ,
143,142, ,
143,143, ,
143,144, ,
143,145, ,
143,146, ,
143,147, ,
143,148, ,
143,149, ,
143,150, ,
143,151, ,
143,152, ,
143,153, ,
143,154, ,
143,155, ,
143,156, ,
143,157, ,
143,158, ,
143,159, ,
143,160, ,
143,161, ,
143,162, ,
143,163, ,
143,164, ,
143,165, ,
143,166, ,
143,167, ,
143,168, ,
143,169, ,
143,170, ,
143,171, ,
143,172, ,
143,173, ,
143,174, ,
143,175, ,
143,176, ,
143,177, ,
143,178, ,
143,179, ,
143,180, ,
143,181, ,
143,182, ,
143,183, ,
143,184, ,
143,185, ,
143,186, ,
143,187, ,
143,188, ,
143,189, ,
143,190, ,
143,191, ,
143,192, ,
143,193, ,
143,194, ,
143,195, ,
143,196, ,
143,197, ,
143,198, ,
143,199, ,
143,200, ,
143,201, ,
143,202, ,
143,203, ,
143,204, ,
143,205, ,
143,206, ,
143,207, ,
143,208, ,
143,209, ,
143,210, ,
143,211, ,
143,212, ,
143,213, ,
143,214, ,
143,215, ,
143,216, ,
143,217, ,
143,218, ,
143,219, ,
143,220, ,
143,221, ,
143,222, ,
143,223, ,
143,224, ,
143,225, ,
143,226, ,
143,227, ,
143,228, ,
143,229, ,
143,230, ,
143,231, ,
143,232, ,
143,233, ,
143,234, ,
143,235, ,
143,236, ,
143,237, ,
143,238, ,
143,239, ,
143,421, ,
144,0, ,
144,1, ,
144,2, ,
145,0, ,
145,9, ,
145,10, ,
145,11, ,
150,0, ,
150,1, ,
150,2, ,
150,3, ,
150,4, ,
150,5, ,
150,6, ,
150,7, ,
150,8, ,
150,9, ,
150,10, ,
150,11, ,
150,12, ,
150,13, ,
150,14, ,
150,15, ,
150,16, ,
150,17, ,
150,18, ,
150,19, ,
150,20, ,
150,21, ,
150,22, ,
150,23, ,
150,24, ,
150,25, ,
150,26, ,
150,27, ,
150,28, ,
150,29, ,
150,30, ,
150,31, ,
150,32, ,
150,33, ,
150,34, ,
150,35, ,
150,36, ,
150,37, ,
150,38, ,
150,39, ,
150,40, ,
150,41, ,
150,42, ,
150,43, ,
150,44, ,
150,45, ,
150,46, ,
150,47, ,
150,48, ,
150,49, ,
150,50, ,
150,51, ,
150,52, ,
150,53, ,
150,54, ,
150,55, ,
150,56, ,
150,57, ,
150,58, ,
150,59, ,
150,60, ,
150,61, ,
150,62, ,
150,63, ,
150,64, ,
150,65, ,
150,66, ,
150,67, ,
150,68, ,
150,69, ,
150,70, ,
150,71, ,
150,72, ,
150,73, ,
150,74, ,
150,75, ,
150,76, ,
150,77, ,
150,78, ,
150,79, ,
150,80, ,
150,81, ,
150,82, ,
150,83, ,
150,84, ,
150,85, ,
150,86, ,
150,87, ,
150,88, ,
150,89, ,
150,90, ,
150,91, ,
150,92, ,
150,93, ,
150,94, ,
150,95, ,
150,96, ,
150,97, ,
150,98, ,
150,99, ,
150,100, ,
150,101, ,
150,102, ,
150,103, ,
150,104, ,
150,105, ,
150,106, ,
150,107, ,
150,108, ,
150,109, ,
150,110, ,
150,111, ,
150,112, ,
150,113, ,
150,114, ,
150,115, ,
150,116, ,
150,117, ,
150,118, ,
150,119, ,
150,120, ,
150,121, ,
150,122, ,
150,123, ,
150,160, ,
150,161, ,
150,162, ,
150,163, ,
150,164, ,
150,165, ,
150,166, ,
150,167, ,
150,168, ,
150,169, ,
150,170, ,
150,171, ,
150,172, ,
150,173, ,
150,201, ,
150,202, ,
150,203, ,
150,204, ,
150,205, ,
150,206, ,
150,207, ,
150,208, ,
150,209, ,
150,210, ,
150,211, ,
150,212, ,
151,0, ,
151,1, ,
151,2, ,
151,3, ,
151,4, ,
151,5, ,
151,6, ,
151,7, ,
151,8, ,
151,9, ,
151,10, ,
151,11, ,
151,12, ,
151,13, ,
151,14, ,
151,15, ,
151,16, ,
151,17, ,
151,18, ,
151,19, ,
151,20, ,
151,21, ,
151,22, ,
151,23, ,
151,24, ,
151,25, ,
151,26, ,
151,27, ,
151,28, ,
151,29, ,
151,30, ,
151,31, ,
151,32, ,
151,33, ,
151,34, ,
151,35, ,
151,36, ,
151,37, ,
151,38, ,
151,39, ,
151,40, ,
151,41, ,
151,42, ,
151,43, ,
151,44, ,
151,45, ,
151,46, ,
151,47, ,
151,48, ,
151,49, ,
151,50, ,
151,51, ,
151,52, ,
151,53, ,
151,54, ,
151,55, ,
151,56, ,
151,57, ,
151,58, ,
151,59, ,
151,60, ,
151,61, ,
151,62, ,
151,63, ,
151,64, ,
151,65, ,
151,66, ,
151,67, ,
151,68, ,
152,0, ,
152,1, ,
152,2, ,
152,3, ,
152,4, ,
152,5, ,
152,6, ,
152,7, ,
152,8, ,
152,9, ,
152,10, ,
152,11, ,
152,12, ,
152,13, ,
152,14, ,
152,15, ,
152,16, ,
152,17, ,
152,18, ,
152,19, ,
152,20, ,
152,21, ,
152,22, ,
152,23, ,
152,24, ,
152,25, ,
152,26, ,
152,27, ,
152,28, ,
152,29, ,
152,30, ,
152,31, ,
152,32, ,
152,33, ,
152,34, ,
152,35, ,
152,36, ,
152,37, ,
152,38, ,
152,39, ,
152,40, ,
152,41, ,
152,42, ,
152,43, ,
152,44, ,
152,45, ,
152,46, ,
152,47, ,
152,48, ,
153,0, ,
153,1, ,
153,2, ,
153,3, ,
153,4, ,
153,5, ,
153,6, ,
153,7, ,
153,8, ,
153,9, ,
153,10, ,
153,11, ,
153,12, ,
153,13, ,
153,14, ,
153,15, ,
153,16, ,
153,17, ,
153,18, ,
153,19, ,
153,20, ,
153,21, ,
153,22, ,
153,23, ,
153,24, ,
153,25, ,
153,26, ,
153,27, ,
153,28, ,
153,29, ,
153,30, ,
153,31, ,
153,32, ,
153,33, ,
153,34, ,
153,35, ,
153,36, ,
153,37, ,
153,38, ,
153,39, ,
153,40, ,
153,41, ,
153,42, ,
153,43, ,
153,44, ,
153,45, ,
153,46, ,
153,47, ,
153,48, ,
154,0, ,
154,1, ,
154,2, ,
154,3, ,
154,4, ,
154,5, ,
154,6, ,
154,7, ,
154,8, ,
154,9, ,
154,10, ,
154,11, ,
154,12, ,
154,13, ,
154,14, ,
154,15, ,
154,16, ,
154,17, ,
154,18, ,
154,19, ,
154,20, ,
154,21, ,
154,22, ,
154,23, ,
154,24, ,
154,25, ,
154,26, ,
154,27, ,
154,28, ,
154,29, ,
154,30, ,
154,31, ,
154,32, ,
154,33, ,
154,34, ,
154,35, ,
154,36, ,
154,37, ,
154,38, ,
154,39, ,
154,40, ,
154,41, ,
154,42, ,
154,43, ,
154,44, ,
154,45, ,
154,46, ,
154,47, ,
154,48, ,
155,0, ,
155,1, ,
155,2, ,
155,3, ,
155,4, ,
155,5, ,
155,6, ,
155,7, ,
155,8, ,
155,9, ,
155,10, ,
155,11, ,
155,12, ,
155,13, ,
155,14, ,
155,15, ,
155,16, ,
155,17, ,
155,18, ,
155,19, ,
155,20, ,
155,21, ,
155,22, ,
155,23, ,
155,24, ,
155,25, ,
155,26, ,
155,27, ,
155,28, ,
155,29, ,
155,30, ,
155,31, ,
155,32, ,
155,33, ,
155,34, ,
155,35, ,
155,36, ,
155,37, ,
155,38, ,
155,39, ,
155,40, ,
155,41, ,
155,42, ,
155,43, ,
155,44, ,
155,45, ,
155,46, ,
155,47, ,
155,48, ,
156,0, ,
156,1,randomOption_Armor.bin,
156,2,randomOption_Armor.bin,
156,3,randomOption_Armor.bin,
156,4,randomOption_Armor.bin,
156,5,randomOption_Armor.bin,
156,6,randomOption_Armor.bin,
156,7,randomOption_Armor.bin,
156,8,randomOption_Armor.bin,
156,9,randomOption_Armor.bin,
156,10,randomOption_Armor.bin,
156,11,randomOption_Armor.bin,
156,12,randomOption_Armor.bin,
156,13,randomOption_Armor.bin,
156,14,randomOption_Armor.bin,
156,15,randomOption_Armor.bin,
156,16,randomOption_Armor.bin,
156,17,randomOption_Armor.bin,
156,18,randomOption_Armor.bin,
156,19,randomOption_Armor.bin,
156,20,randomOption_Armor.bin,
156,21,randomOption_Armor.bin,
156,22,randomOption_Armor.bin,
156,23,randomOption_Armor.bin,
156,24,randomOption_Armor.bin,
156,25,randomOption_Armor.bin,
156,26,randomOption_Armor.bin,
156,27,randomOption_Armor.bin,
156,28,randomOption_Armor.bin,
156,29,randomOption_Armor.bin,
156,30,randomOption_Armor.bin,
156,31,randomOption_Armor.bin,
156,32,randomOption_Armor.bin,
156,33,randomOption_Armor.bin,
156,34,randomOption_Armor.bin,
156,35,randomOption_Armor.bin,
156,36,randomOption_Armor.bin,
156,37,randomOption_Armor.bin,
156,38,randomOption_Armor.bin,
156,39,randomOption_Armor.bin,
156,40,randomOption_Armor.bin,
156,41,randomOption_Armor.bin,
156,42,randomOption_Armor.bin,
156,43,randomOption_Armor.bin,
156,44,randomOption_Armor.bin,
156,45,randomOption_Armor.bin,
156,46,randomOption_Armor.bin,
156,47,randomOption_Armor.bin,
156,48,randomOption_Armor.bin,
156,49,randomOption_Armor.bin,
156,50,randomOption_Armor.bin,
156,51,randomOption_Armor.bin,
156,52,randomOption_Armor.bin,
156,53,randomOption_Armor.bin,
156,54,randomOption_Armor.bin,
156,55,randomOption_Armor.bin,
156,56,randomOption_Armor.bin,
156,57,randomOption_Armor.bin,
156,58,randomOption_Armor.bin,
156,59,randomOption_Armor.bin,
156,60,randomOption_Armor.bin,
157,0, ,
157,1,randomOption_Armor.bin,
157,2,randomOption_Armor.bin,
157,3,randomOption_Armor.bin,
157,4,randomOption_Armor.bin,
157,5,randomOption_Armor.bin,
157,6,randomOption_Armor.bin,
157,7,randomOption_Armor.bin,
157,8,randomOption_Armor.bin,
157,9,randomOption_Armor.bin,
157,10,randomOption_Armor.bin,
157,11,randomOption_Armor.bin,
157,12,randomOption_Armor.bin,
157,13,randomOption_Armor.bin,
157,14,randomOption_Armor.bin,
157,15,randomOption_Armor.bin,
157,16,randomOption_Armor.bin,
157,17,randomOption_Armor.bin,
157,18,randomOption_Armor.bin,
157,19,randomOption_Armor.bin,
157,20,randomOption_Armor.bin,
157,21,randomOption_Armor.bin,
157,22,randomOption_Armor.bin,
157,23,randomOption_Armor.bin,
157,24,randomOption_Armor.bin,
157,25,randomOption_Armor.bin,
157,26,randomOption_Armor.bin,
157,27,randomOption_Armor.bin,
157,28,randomOption_Armor.bin,
157,29,randomOption_Armor.bin,
157,30,randomOption_Armor.bin,
157,31,randomOption_Armor.bin,
157,32,randomOption_Armor.bin,
157,33,randomOption_Armor.bin,
157,34,randomOption_Armor.bin,
157,35,randomOption_Armor.bin,
157,36,randomOption_Armor.bin,
157,37,randomOption_Armor.bin,
157,38,randomOption_Armor.bin,
157,39,randomOption_Armor.bin,
157,40,randomOption_Armor.bin,
157,41,randomOption_Armor.bin,
157,42,randomOption_Armor.bin,
157,43,randomOption_Armor.bin,
157,44,randomOption_Armor.bin,
157,45,randomOption_Armor.bin,
157,46,randomOption_Armor.bin,
157,47,randomOption_Armor.bin,
157,48,randomOption_Armor.bin,
157,49,randomOption_Armor.bin,
157,50,randomOption_Armor.bin,
157,51,randomOption_Armor.bin,
157,52,randomOption_Armor.bin,
157,53,randomOption_Armor.bin,
157,54,randomOption_Armor.bin,
157,55,randomOption_Armor.bin,
157,56,randomOption_Armor.bin,
157,57,randomOption_Armor.bin,
157,58,randomOption_Armor.bin,
157,59,randomOption_Armor.bin,
157,60,randomOption_Armor.bin,
157,101,randomOption_Armor.bin,
157,102,randomOption_Armor.bin,
157,103,randomOption_Armor.bin,
157,104,randomOption_Armor.bin,
157,105,randomOption_Armor.bin,
157,106,randomOption_Armor.bin,
157,107,randomOption_Armor.bin,
157,108,randomOption_Armor.bin,
157,109,randomOption_Armor.bin,
157,110,randomOption_Armor.bin,
157,111,randomOption_Armor.bin,
157,112,randomOption_Armor.bin,
157,113,randomOption_Armor.bin,
157,114,randomOption_Armor.bin,
157,115,randomOption_Armor.bin,
157,116,randomOption_Armor.bin,
157,117,randomOption_Armor.bin,
157,118,randomOption_Armor.bin,
157,119,randomOption_Armor.bin,
157,120,randomOption_Armor.bin,
157,121,randomOption_Armor.bin,
157,122,randomOption_Armor.bin,
157,123,randomOption_Armor.bin,
157,124,randomOption_Armor.bin,
157,125,randomOption_Armor.bin,
157,126,randomOption_Armor.bin,
157,127,randomOption_Armor.bin,
157,128,randomOption_Armor.bin,
157,129,randomOption_Armor.bin,
157,130,randomOption_Armor.bin,
157,131,randomOption_Armor.bin,
157,132,randomOption_Armor.bin,
157,133,randomOption_Armor.bin,
157,134,randomOption_Armor.bin,
157,135,randomOption_Armor.bin,
157,136,randomOption_Armor.bin,
157,137,randomOption_Armor.bin,
157,138,randomOption_Armor.bin,
157,139,randomOption_Armor.bin,
157,140,randomOption_Armor.bin,
157,141,randomOption_Armor.bin,
157,142,randomOption_Armor.bin,
157,143,randomOption_Armor.bin,
157,144,randomOption_Armor.bin,
157,145,randomOption_Armor.bin,
157,146,randomOption_Armor.bin,
157,147,randomOption_Armor.bin,
157,148,randomOption_Armor.bin,
157,149,randomOption_Armor.bin,
157,150,randomOption_Armor.bin,
157,151,randomOption_Armor.bin,
157,152,randomOption_Armor.bin,
157,153,randomOption_Armor.bin,
157,154,randomOption_Armor.bin,
157,155,randomOption_Armor.bin,
157,156,randomOption_Armor.bin,
157,157,randomOption_Armor.bin,
157,158,randomOption_Armor.bin,
157,159,randomOption_Armor.bin,
157,160,randomOption_Armor.bin,
158,0, ,
158,1, ,
158,2, ,
158,3, ,
158,4, ,
158,5, ,
158,6, ,
158,7, ,
158,8, ,
158,9, ,
158,10, ,
158,11, ,
158,12, ,
158,22,randomOption_Weapon.bin,
158,23,randomOption_Weapon.bin,
158,24,randomOption_Weapon.bin,
158,25,randomOption_Weapon.bin,
158,26,randomOption_Weapon.bin,
158,27,randomOption_Weapon.bin,
158,28,randomOption_Weapon.bin,
158,29,randomOption_Weapon.bin,
158,30,randomOption_Weapon.bin,
158,31,randomOption_Weapon.bin,
158,32,randomOption_Weapon.bin,
158,33,randomOption_Weapon.bin,
158,34,randomOption_Weapon.bin,
158,111, ,
158,112, ,
158,113, ,
158,114, ,
158,115, ,
158,131, ,
158,132, ,
158,133, ,
158,134, ,
158,135, ,
158,136, ,
158,137, ,
158,138, ,
158,139, ,
158,140, ,
158,141, ,
158,142, ,
158,143, ,
158,144, ,
158,151, ,
158,152, ,
158,153, ,
158,154, ,
158,155, ,
158,156, ,
158,157, ,
158,158, ,
158,159, ,
158,160, ,
158,161, ,
158,162, ,
159,0, ,
159,1,randomOption_Weapon.bin,
159,2,randomOption_Weapon.bin,
159,3,randomOption_Weapon.bin,
159,4,randomOption_Weapon.bin,
159,5,randomOption_Weapon.bin,
159,6,randomOption_Weapon.bin,
159,7,randomOption_Weapon.bin,
159,8,randomOption_Weapon.bin,
159,9,randomOption_Weapon.bin,
159,10,randomOption_Weapon.bin,
159,11,randomOption_Weapon.bin,
159,12,randomOption_Weapon.bin,
159,13,randomOption_Weapon.bin,
159,14,randomOption_Weapon.bin,
159,15,randomOption_Weapon.bin,
159,16,randomOption_Weapon.bin,
159,17,randomOption_Weapon.bin,
159,18,randomOption_Weapon.bin,
159,19,randomOption_Weapon.bin,
159,20,randomOption_Weapon.bin,
159,21,randomOption_Weapon.bin,
159,22,randomOption_Weapon.bin,
159,23,randomOption_Weapon.bin,
159,24,randomOption_Weapon.bin,
159,25,randomOption_Weapon.bin,
159,26,randomOption_Weapon.bin,
159,27,randomOption_Weapon.bin,
159,28,randomOption_Weapon.bin,
159,29,randomOption_Weapon.bin,
159,30,randomOption_Weapon.bin,
159,31,randomOption_Weapon.bin,
159,32,randomOption_Weapon.bin,
159,33,randomOption_Weapon.bin,
159,34,randomOption_Weapon.bin,
159,35,randomOption_Weapon.bin,
159,36,randomOption_Weapon.bin,
159,37,randomOption_Weapon.bin,
159,38,randomOption_Weapon.bin,
159,39,randomOption_Weapon.bin,
159,40,randomOption_Weapon.bin,
159,41,randomOption_Weapon.bin,
159,42,randomOption_Weapon.bin,
159,43,randomOption_Weapon.bin,
159,44,randomOption_Weapon.bin,
159,45,randomOption_Weapon.bin,
159,46,randomOption_Weapon.bin,
159,47,randomOption_Weapon.bin,
159,48,randomOption_Weapon.bin,
159,49,randomOption_Weapon.bin,
159,50,randomOption_Weapon.bin,
159,51,randomOption_Weapon.bin,
159,52,randomOption_Weapon.bin,
159,53,randomOption_Weapon.bin,
159,54,randomOption_Weapon.bin,
159,55,randomOption_Weapon.bin,
159,56,randomOption_Weapon.bin,
159,57,randomOption_Weapon.bin,
159,58,randomOption_Weapon.bin,
159,59,randomOption_Weapon.bin,
159,60,randomOption_Weapon.bin,
159,61,randomOption_Weapon.bin,
159,62,randomOption_Weapon.bin,
159,63,randomOption_Weapon.bin,
159,64,randomOption_Weapon.bin,
159,65,randomOption_Weapon.bin,
159,66,randomOption_Weapon.bin,
159,67,randomOption_Weapon.bin,
159,68,randomOption_Weapon.bin,
159,69,randomOption_Weapon.bin,
159,70,randomOption_Weapon.bin,
159,71,randomOption_Weapon.bin,
159,72,randomOption_Weapon.bin,
159,73,randomOption_Weapon.bin,
159,74,randomOption_Weapon.bin,
159,75,randomOption_Weapon.bin,
159,76,randomOption_Weapon.bin,
159,77,randomOption_Weapon.bin,
159,78,randomOption_Weapon.bin,
159,79,randomOption_Weapon.bin,
159,80,randomOption_Weapon.bin,
159,81,randomOption_Weapon.bin,
159,82,randomOption_Weapon.bin,
159,83,randomOption_Weapon.bin,
159,84,randomOption_Weapon.bin,
159,85,randomOption_Weapon.bin,
159,86,randomOption_Weapon.bin,
159,87,randomOption_Weapon.bin,
159,88,randomOption_Weapon.bin,
159,89,randomOption_Weapon.bin,
159,90,randomOption_Weapon.bin,
159,91,randomOption_Weapon.bin,
159,92,randomOption_Weapon.bin,
159,93,randomOption_Weapon.bin,
159,94,randomOption_Weapon.bin,
159,95,randomOption_Weapon.bin,
159,96,randomOption_Weapon.bin,
159,97,randomOption_Weapon.bin,
159,98,randomOption_Weapon.bin,
159,99,randomOption_Weapon.bin,
159,100,randomOption_Weapon.bin,
159,101,randomOption_Weapon.bin,
159,102,randomOption_Weapon.bin,
159,103,randomOption_Weapon.bin,
159,104,randomOption_Weapon.bin,
159,105,randomOption_Weapon.bin,
159,106,randomOption_Weapon.bin,
159,107,randomOption_Weapon.bin,
159,108,randomOption_Weapon.bin,
159,109,randomOption_Weapon.bin,
159,110,randomOption_Weapon.bin,
159,111,randomOption_Weapon.bin,
159,112,randomOption_Weapon.bin,
159,113,randomOption_Weapon.bin,
159,114,randomOption_Weapon.bin,
159,115,randomOption_Weapon.bin,
159,116,randomOption_Weapon.bin,
159,117,randomOption_Weapon.bin,
159,118,randomOption_Weapon.bin,
159,119,randomOption_Weapon.bin,
159,120,randomOption_Weapon.bin,
159,121,randomOption_Weapon.bin,
159,156,randomOption_Weapon.bin,
159,157,randomOption_Weapon.bin,
159,158,randomOption_Weapon.bin,
159,159,randomOption_Weapon.bin,
159,160,randomOption_Weapon.bin,
159,161,randomOption_Weapon.bin,
159,162,randomOption_Weapon.bin,
159,163,randomOption_Weapon.bin,
159,164,randomOption_Weapon.bin,
159,165,randomOption_Weapon.bin,
159,166,randomOption_Weapon.bin,
159,211,randomOption_Weapon.bin,
159,212,randomOption_Weapon.bin,
159,213,randomOption_Weapon.bin,
159,214,randomOption_Weapon.bin,
159,215,randomOption_Weapon.bin,
159,216,randomOption_Weapon.bin,
159,217,randomOption_Weapon.bin,
159,218,randomOption_Weapon.bin,
159,219,randomOption_Weapon.bin,
159,220,randomOption_Weapon.bin,
159,221,randomOption_Weapon.bin,
160,0, ,
160,1, ,
160,2, ,
160,3, ,
160,4, ,
160,5, ,
160,6, ,
160,7, ,
160,8, ,
160,9, ,
160,10, ,
160,11, ,
160,12, ,
160,13, ,
160,14, ,
160,15, ,
160,16, ,
160,17, ,
160,18, ,
160,19, ,
160,20, ,
160,21, ,
160,22, ,
160,23, ,
160,24, ,
160,25, ,
160,26, ,
160,27, ,
160,28, ,
160,29, ,
160,30, ,
160,31, ,
160,32, ,
160,33, ,
160,34, ,
160,35, ,
160,36, ,
160,37, ,
160,38, ,
160,39, ,
160,40, ,
160,41, ,
160,42, ,
160,43, ,
160,44, ,
160,45, ,
160,46, ,
160,47, ,
160,48, ,
160,49, ,
160,50, ,
160,51, ,
160,52, ,
160,53, ,
160,54, ,
160,55, ,
160,56, ,
160,57, ,
160,58, ,
160,59, ,
160,60, ,
160,61, ,
160,62, ,
160,63, ,
160,64, ,
160,65, ,
160,66, ,
160,67, ,
160,68, ,
160,69, ,
160,70, ,
160,71, ,
160,72, ,
160,73, ,
160,74, ,
160,75, ,
160,76, ,
160,77, ,
160,78, ,
160,79, ,
160,80, ,
160,81, ,
160,82, ,
160,83, ,
160,84, ,
160,85, ,
160,86, ,
160,87, ,
160,88, ,
160,89, ,
160,90, ,
160,91, ,
160,92, ,
160,93, ,
160,94, ,
160,95, ,
160,96, ,
160,97, ,
160,98, ,
160,99, ,
160,100, ,
160,101, ,
160,102, ,
160,103, ,
160,104, ,
160,105, ,
160,106, ,
160,107, ,
160,108, ,
160,109, ,
160,110, ,
160,111, ,
160,112, ,
160,113, ,
160,114, ,
160,115, ,
160,116, ,
160,117, ,
160,118, ,
160,119, ,
160,120, ,
160,121, ,
160,122, ,
160,123, ,
160,124, ,
160,125, ,
160,126, ,
160,127, ,
160,128, ,
160,129, ,
160,130, ,
160,131, ,
160,132, ,
160,133, ,
160,134, ,
160,135, ,
160,136, ,
160,137, ,
160,138, ,
160,139, ,
160,140, ,
160,141, ,
160,142, ,
160,143, ,
160,144, ,
160,145, ,
160,146, ,
160,147, ,
160,148, ,
160,149, ,
160,150, ,
160,151, ,
160,152, ,
160,153, ,
160,154, ,
160,155, ,
160,156, ,
160,157, ,
160,158, ,
160,159, ,
160,160, ,
160,161, ,
160,162, ,
160,163, ,
160,164, ,
160,165, ,
160,166, ,
160,167, ,
160,168, ,
160,169, ,
160,170, ,
160,171, ,
160,172, ,
160,173, ,
160,174, ,
160,175, ,
160,176, ,
160,177, ,
160,178, ,
160,179, ,
160,180, ,
160,181, ,
160,182, ,
160,183, ,
160,184, ,
160,185, ,
160,186, ,
160,187, ,
160,188, ,
160,189, ,
160,190, ,
160,191, ,
160,192, ,
160,193, ,
160,194, ,
160,195, ,
160,196, ,
160,197, ,
160,198, ,
160,199, ,
160,200, ,
160,201, ,
160,202, ,
160,203, ,
160,204, ,
160,205, ,
160,206, ,
160,207, ,
160,208, ,
160,209, ,
160,210, ,
160,211, ,
160,212, ,
160,213, ,
160,214, ,
160,215, ,
160,216, ,
160,217, ,
160,218, ,
160,219, ,
160,220, ,
160,221, ,
160,222, ,
160,223, ,
160,224, ,
160,225, ,
160,226, ,
160,227, ,
160,228, ,
160,229, ,
160,230, ,
160,231, ,
160,232, ,
160,233, ,
160,234, ,
160,235, ,
160,236, ,
160,237, ,
160,238, ,
160,239, ,
160,240, ,
160,241, ,
160,242, ,
160,243, ,
160,244, ,
160,245, ,
160,246, ,
160,247, ,
160,248, ,
160,249, ,
160,250, ,
160,251, ,
160,252, ,
160,253, ,
160,254, ,
160,255, ,
160,256, ,
160,257, ,
160,258, ,
160,259, ,
160,260, ,
160,261, ,
160,262, ,
160,263, ,
160,264, ,
160,265, ,
160,266, ,
160,267, ,
160,268, ,
160,269, ,
160,270, ,
160,271, ,
160,272, ,
160,273, ,
160,274, ,
160,275, ,
160,276, ,
160,277, ,
160,278, ,
160,279, ,
160,280, ,
160,281, ,
160,282, ,
160,283, ,
160,284, ,
160,285, ,
160,286, ,
160,287, ,
160,288, ,
161,0, ,
161,1, ,
161,2, ,
161,3, ,
161,4, ,
161,5, ,
161,6, ,
161,7, ,
161,8, ,
161,9, ,
161,10, ,
161,11, ,
161,12, ,
161,13, ,
161,14, ,
161,15, ,
161,16, ,
161,17, ,
161,18, ,
161,19, ,
161,20, ,
161,21, ,
161,22, ,
161,23, ,
161,24, ,
161,25, ,
161,26, ,
161,27, ,
161,28, ,
161,29, ,
161,30, ,
161,31, ,
161,32, ,
161,33, ,
161,34, ,
161,35, ,
161,36, ,
161,37, ,
161,38, ,
161,39, ,
161,40, ,
161,41, ,
161,42, ,
161,43, ,
161,44, ,
161,45, ,
161,46, ,
161,47, ,
161,48, ,
161,49, ,
161,50, ,
161,71, ,
161,72, ,
161,73, ,
161,74, ,
161,75, ,
162,0, ,
162,1, ,
162,2, ,
162,3, ,
162,4, ,
162,5, ,
162,6, ,
162,7, ,
162,8, ,
162,9, ,
162,10, ,
162,11, ,
162,12, ,
162,13, ,
162,14, ,
162,15, ,
162,16, ,
162,17, ,
162,18, ,
162,19, ,
162,20, ,
162,21, ,
162,22, ,
162,23, ,
162,24, ,
162,25, ,
162,26, ,
162,27, ,
162,28, ,
162,29, ,
162,30, ,
162,31, ,
162,32, ,
162,33, ,
162,34, ,
162,35, ,
162,36, ,
162,37, ,
162,38, ,
162,39, ,
162,40, ,
162,41, ,
162,42, ,
162,43, ,
162,44, ,
162,45, ,
162,46, ,
163,0, ,
163,1, ,
163,2, ,
163,3, ,
163,4, ,
163,5, ,
163,6, ,
163,7, ,
163,8, ,
163,9, ,
163,10, ,
163,11, ,
163,12, ,
163,13, ,
163,14, ,
163,15, ,
163,16, ,
163,17, ,
163,18, ,
163,19, ,
163,20, ,
163,21, ,
163,22, ,
163,23, ,
163,24, ,
163,25, ,
163,26, ,
163,27, ,
163,28, ,
163,29, ,
163,30, ,
163,31, ,
163,32, ,
163,33, ,
163,34, ,
163,35, ,
163,36, ,
163,37, ,
163,38, ,
163,39, ,
163,41, ,
163,42, ,
163,43, ,
163,44, ,
163,45, ,
163,46, ,
163,47, ,
163,48, ,
163,49, ,
163,50, ,
163,51, ,
163,52, ,
163,53, ,
163,54, ,
163,55, ,
163,56, ,
163,57, ,
163,58, ,
163,59, ,
163,60, ,
163,61, ,
163,62, ,
163,63, ,
163,64, ,
163,65, ,
163,66, ,
163,67, ,
163,68, ,
163,69, ,
163,70, ,
163,71, ,
163,72, ,
163,73, ,
163,74, ,
163,75, ,
163,76, ,
163,77, ,
163,78, ,
163,79, ,
163,100, ,
163,101, ,
163,102, ,
163,103, ,
163,150, ,
163,151, ,
163,152, ,
163,153, ,
163,154, ,
163,155, ,
163,156, ,
163,157, ,
163,158, ,
163,159, ,
163,160, ,
163,161, ,
164,0, ,
164,73, ,
164,74, ,
164,75, ,
164,76, ,
164,133, ,
164,134, ,
164,135, ,
164,136, ,
164,137, ,
164,138, ,
164,139, ,
164,140, ,
164,141, ,
164,142, ,
164,143, ,
164,144, ,
164,157, ,
164,158, ,
175,0, ,
175,1, ,
175,2, ,
175,3, ,
175,4, ,
175,5, ,
175,6, ,
175,7, ,
175,8, ,
175,9, ,
175,10, ,
175,11, ,
175,12, ,
175,13, ,
175,14, ,
175,15, ,
175,16, ,
175,17, ,
175,18, ,
175,19, ,
175,20, ,
175,21, ,
175,22, ,
175,23, ,
175,24, ,
175,25, ,
175,26, ,
175,27, ,
175,28, ,
175,29, ,
175,30, ,
175,31, ,
175,32, ,
175,33, ,
175,34, ,
175,35, ,
175,36, ,
175,37, ,
175,38, ,
175,39, ,
175,40, ,
175,41, ,
175,42, ,
175,43, ,
175,44, ,
175,45, ,
175,46, ,
175,47, ,
175,48, ,
175,49, ,
175,50, ,
175,51, ,
175,52, ,
175,53, ,
175,54, ,
175,55, ,
175,56, ,
175,57, ,
175,58, ,
175,59, ,
175,60, ,
175,61, ,
175,62, ,
175,63, ,
175,64, ,
175,65, ,
175,66, ,
175,67, ,
175,68, ,
175,69, ,
175,70, ,
175,71, ,
175,72, ,
175,73, ,
175,74, ,
175,75, ,
175,76, ,
177,0, ,
177,1, ,
177,2, ,
177,3, ,
177,4, ,
177,5, ,
177,6, ,
177,7, ,
177,8, ,
177,9, ,
177,10, ,
177,11, ,
177,12, ,
177,13, ,
177,14, ,
177,15, ,
177,16, ,
177,17, ,
177,18, ,
177,19, ,
177,20, ,
177,21, ,
177,22, ,
177,23, ,
177,24, ,
177,25, ,
177,26, ,
177,27, ,
177,28, ,
177,29, ,
177,30, ,
177,31, ,
177,32, ,
177,33, ,
177,34, ,
178,0, ,
178,1,randomOption_Weapon.bin,
178,2,randomOption_Weapon.bin,
178,3,randomOption_Weapon.bin,
178,4,randomOption_Weapon.bin,
178,5,randomOption_Weapon.bin,
178,6,randomOption_Weapon.bin,
178,7,randomOption_Weapon.bin,
178,8,randomOption_Weapon.bin,
178,9,randomOption_Weapon.bin,
178,10,randomOption_Weapon.bin,
178,11,randomOption_Weapon.bin,
178,12,randomOption_Weapon.bin,
178,13,randomOption_Weapon.bin,
178,14,randomOption_Weapon.bin,
178,15,randomOption_Weapon.bin,
178,16,randomOption_Weapon.bin,
178,17,randomOption_Weapon.bin,
178,18,randomOption_Weapon.bin,
178,19,randomOption_Weapon.bin,
178,20,randomOption_Weapon.bin,
178,21,randomOption_Weapon.bin,
178,22,randomOption_Weapon.bin,
178,23,randomOption_Weapon.bin,
178,24,randomOption_Weapon.bin,
178,25, ,
178,26, ,
178,27, ,
178,28, ,
178,29, ,
178,30, ,
178,31,randomOption_Weapon.bin,
178,32,randomOption_Weapon.bin,
178,33,randomOption_Weapon.bin,
178,34,randomOption_Weapon.bin,
178,35,randomOption_Weapon.bin,
178,36,randomOption_Weapon.bin,
178,37,randomOption_Weapon.bin,
178,38,randomOption_Weapon.bin,
178,39,randomOption_Weapon.bin,
178,40,randomOption_Weapon.bin,
178,41,randomOption_Weapon.bin,
178,42,randomOption_Weapon.bin,
178,43,randomOption_Weapon.bin,
178,44,randomOption_Weapon.bin,
178,45,randomOption_Weapon.bin,
178,46,randomOption_Weapon.bin,
178,47,randomOption_Weapon.bin,
178,48,randomOption_Weapon.bin,
178,49,randomOption_Weapon.bin,
178,50,randomOption_Weapon.bin,
178,51,randomOption_Weapon.bin,
178,52,randomOption_Weapon.bin,
178,53,randomOption_Weapon.bin,
178,54,randomOption_Weapon.bin,
179,0, ,
179,1, ,
179,2, ,
179,3, ,
179,4, ,
179,5, ,
179,6, ,
179,7, ,
179,8, ,
179,9, ,
179,10, ,
179,11, ,
179,12, ,
179,13, ,
179,14, ,
179,15, ,
179,16, ,
179,17, ,
179,18, ,
179,19, ,
179,20, ,
179,21, ,
179,22, ,
179,23, ,
179,24, ,
179,25, ,
179,26, ,
179,27, ,
179,28, ,
179,29, ,
179,30, ,
179,31, ,
179,32, ,
179,33, ,
179,34, ,
179,35, ,
179,36, ,
179,37, ,
179,38, ,
179,39, ,
179,40, ,
179,41, ,
179,42, ,
179,43, ,
179,44, ,
179,45, ,
179,46, ,
179,47, ,
179,48, ,
179,49, ,
179,50, ,
179,51, ,
179,52, ,
179,53, ,
179,54, ,
179,55, ,
179,56, ,
179,57, ,
179,58, ,
179,59, ,
179,60, ,
179,61, ,
179,62, ,
179,63, ,
179,64, ,
179,65, ,
179,66, ,
179,67, ,
179,68, ,
179,69, ,
179,70, ,
179,71, ,
179,72, ,
179,73, ,
179,74, ,
179,75, ,
179,76, ,
179,77, ,
179,78, ,
179,79, ,
179,80, ,
179,81, ,
179,82, ,
179,83, ,
179,84, ,
179,85, ,
179,86, ,
179,87, ,
179,88, ,
179,89, ,
179,90, ,
179,91, ,
179,92, ,
179,93, ,
179,94, ,
179,95, ,
179,96, ,
179,97, ,
179,98, ,
179,99, ,
179,100, ,
179,101, ,
179,102, ,
179,103, ,
179,104, ,
179,105, ,
180,0, ,
180,46, ,
180,47, ,
180,48, ,
180,49, ,
180,50, ,
180,51, ,
180,52, ,
180,53, ,
180,54, ,
180,55, ,
180,56, ,
180,57, ,
180,58, ,
180,59, ,
180,60, ,
180,61, ,
180,62, ,
180,63, ,
180,64, ,
180,65, ,
180,66, ,
180,67, ,
180,68, ,
180,69, ,
180,70, ,
180,71, ,
180,72, ,
180,73, ,
180,74, ,
180,75, ,
180,76, ,
180,77, ,
180,81, ,
180,384, ,
180,385, ,
180,386, ,
180,387, ,
180,388, ,
180,389, ,
181,0, ,
181,1, ,
181,2, ,
181,3, ,
181,4, ,
181,5, ,
181,6, ,
181,7, ,
181,8, ,
181,9, ,
181,10, ,
181,11, ,
181,12, ,
181,101, ,
181,102, ,
181,103, ,
181,104, ,
181,105, ,
181,106, ,
181,107, ,
181,108, ,
181,109, ,
181,110, ,
181,111, ,
181,112, ,
181,113, ,
181,114, ,
181,115, ,
181,116, ,
181,117, ,
181,118, ,
181,119, ,
181,120, ,
181,121, ,
181,122, ,
181,191, ,
181,251, ,
181,252, ,
181,253, ,
181,254, ,
181,255, ,
181,256, ,
181,257, ,
181,258, ,
182,0, ,
182,1, ,
182,2, ,
182,3, ,
182,4, ,
183,0, ,
183,5, ,
183,47, ,
183,48, ,
183,49, ,
183,50, ,
183,51, ,
183,52, ,
183,53, ,
183,54, ,
183,55, ,
183,56, ,
183,57, ,
183,58, ,
183,59, ,
183,60, ,
183,61, ,
183,62, ,
183,63, ,
183,64, ,
183,65, ,
183,66, ,
183,67, ,
183,68, ,
183,69, ,
183,70, ,
183,71, ,
183,72, ,
183,73, ,
183,74, ,
183,75, ,
183,76, ,
183,77, ,
183,78, ,
183,79, ,
183,80, ,
183,133, ,
184,0, ,
184,1, ,
184,2, ,
184,3, ,
184,4, ,
184,5, ,
184,6, ,
184,7, ,
184,8, ,
184,9, ,
184,10, ,
184,11, ,
184,12, ,
184,27, ,
184,28, ,
184,29, ,
184,30, ,
184,31, ,
184,32, ,
184,48, ,
184,49, ,
184,50, ,
184,51, ,
184,52, ,
184,55, ,
184,56, ,
184,57, ,
184,58, ,
184,59, ,
184,60, ,
184,61, ,
184,62, ,
184,63, ,
184,64, ,
184,65, ,
184,66, ,
184,67, ,
184,68, ,
184,69, ,
184,70, ,
184,71, ,
184,72, ,
184,73, ,
184,74, ,
184,75, ,
184,76, ,
184,77, ,
184,78, ,
184,79, ,
184,80, ,
184,81, ,
184,82, ,
184,83, ,
184,84, ,
184,85, ,
184,86, ,
184,87, ,
184,88, ,
184,89, ,
184,90, ,
184,91, ,
184,92, ,
184,93, ,
184,94, ,
184,95, ,
184,96, ,
184,97, ,
184,98, ,
184,99, ,
184,100, ,
184,101, ,
184,102, ,
184,103, ,
184,104, ,
184,105, ,
184,106, ,
184,107, ,
184,108, ,
184,109, ,
184,110, ,
184,111, ,
184,112, ,
184,113, ,
184,114, ,
184,115, ,
184,116, ,
184,117, ,
184,118, ,
184,119, ,
184,120, ,
184,121, ,
184,122, ,
184,123, ,
184,124, ,
184,125, ,
184,126, ,
184,127, ,
184,128, ,
184,129, ,
184,130, ,
184,131, ,
184,132, ,
184,133, ,
184,134, ,
184,135, ,
184,136, ,
184,137, ,
184,138, ,
184,139, ,
184,140, ,
184,141, ,
184,142, ,
184,143, ,
184,144, ,
184,145, ,
184,146, ,
184,147, ,
184,148, ,
184,149, ,
184,150, ,
184,151, ,
184,152, ,
184,153, ,
184,154, ,
184,155, ,
184,156, ,
184,157, ,
184,158, ,
184,159, ,
184,160, ,
184,161, ,
184,162, ,
184,163, ,
184,164, ,
184,165, ,
184,166, ,
184,167, ,
184,168, ,
184,169, ,
184,170, ,
184,171, ,
184,172, ,
184,173, ,
184,174, ,
184,175, ,
184,176, ,
184,177, ,
184,178, ,
184,179, ,
184,180, ,
184,181, ,
184,182, ,
184,183, ,
184,184, ,
184,185, ,
184,186, ,
184,187, ,
184,188, ,
184,189, ,
184,190, ,
184,191, ,
184,192, ,
184,193, ,
184,194, ,
184,195, ,
184,196, ,
184,197, ,
184,198, ,
184,199, ,
184,200, ,
184,201, ,
184,202, ,
184,203, ,
184,204, ,
184,205, ,
184,206, ,
184,207, ,
184,208, ,
184,209, ,
184,210, ,
184,211, ,
184,212, ,
184,213, ,
184,214, ,
184,215, ,
184,216, ,
184,217, ,
184,218, ,
184,219, ,
184,220, ,
184,221, ,
184,222, ,
184,223, ,
184,224, ,
184,225, ,
184,226, ,
184,227, ,
184,228, ,
184,229, ,
184,230, ,
184,231, ,
184,232, ,
184,233, ,
184,234, ,
184,235, ,
184,236, ,
184,237, ,
184,238, ,
184,239, ,
184,240, ,
184,241, ,
184,242, ,
184,243, ,
184,244, ,
184,245, ,
184,246, ,
184,247, ,
184,248, ,
185,0, ,
185,10, ,
185,11, ,
185,12, ,
185,27, ,
185,28, ,
185,29, ,
185,30, ,
185,37, ,
185,42, ,
185,43, ,
185,45, ,
185,48, ,
186,0, ,
186,280, ,
186,281, ,
187,55, ,
187,56, ,
187,140, ,
187,141, ,
187,142, ,
187,143, ,
187,144, ,
187,145, ,
187,146, ,
187,147, ,
187,148, ,
187,149, ,
187,150, ,
187,151, ,
187,152, ,
187,153, ,
187,172, ,
187,173, ,
187,174, ,
187,175, ,
187,176, ,
187,177, ,
187,178, ,
187,179, ,
187,180, ,
187,181, ,
187,182, ,
187,183, ,
187,204, ,
187,205, ,
187,207, ,
187,208, ,
187,209, ,
187,210, ,
187,272, ,
187,274, ,
187,307, ,
187,324, ,
187,341, ,
187,358, ,
187,375, ,
187,395, ,
187,396, ,
187,397, ,
190,0, ,
190,1, ,
190,2, ,
190,3, ,
190,4, ,
190,5, ,
190,6, ,
190,7, ,
190,8, ,
190,9, ,
190,10, ,
190,11, ,
190,12, ,
190,13, ,
190,14, ,
190,15, ,
190,16, ,
190,17, ,
190,18, ,
190,19, ,
190,20, ,
190,21, ,
190,22, ,
190,23, ,
190,24, ,
190,25, ,
190,26, ,
190,27, ,
190,28, ,
190,29, ,
190,30, ,
190,31, ,
190,32, ,
190,33, ,
190,34, ,
190,35, ,
190,36, ,
190,37, ,
190,38, ,
190,39, ,
190,40, ,
190,41, ,
190,42, ,
190,43, ,
190,44, ,
190,45, ,
190,46, ,
190,47, ,
190,48, ,
190,49, ,
190,50, ,
190,51, ,
190,52, ,
190,53, ,
190,54, ,
190,55, ,
190,56, ,
190,57, ,
190,58, ,
190,59, ,
190,60, ,
190,61, ,
190,62, ,
190,63, ,
190,64, ,
190,65, ,
190,66, ,
190,67, ,
190,68, ,
190,69, ,
190,70, ,
190,71, ,
190,72, ,
190,73, ,
190,74, ,
190,75, ,
190,76, ,
190,77, ,
190,78, ,
190,79, ,
190,80, ,
190,81, ,
190,82, ,
190,83, ,
190,84, ,
190,85, ,
190,86, ,
190,87, ,
190,88, ,
190,89, ,
190,90, ,
191,0, ,
191,1, ,
191,2, ,
191,3, ,
191,4, ,
191,5, ,
191,6, ,
191,7, ,
191,8, ,
191,9, ,
191,10, ,
191,11, ,
191,12, ,
191,13, ,
191,14, ,
191,15, ,
191,16, ,
191,17, ,
191,18, ,
191,19, ,
191,20, ,
191,21, ,
191,22, ,
191,23, ,
191,24, ,
191,25, ,
191,26, ,
191,27, ,
191,28, ,
191,29, ,
191,30, ,
191,31, ,
191,32, ,
191,33, ,
191,34, ,
191,35, ,
191,36, ,
191,37, ,
191,38, ,
191,39, ,
191,40, ,
191,41, ,
191,42, ,
191,43, ,
191,44, ,
191,45, ,
191,46, ,
191,47, ,
191,48, ,
191,49, ,
191,50, ,
191,51, ,
191,52, ,
191,53, ,
191,54, ,
191,55, ,
191,56, ,
191,57, ,
191,58, ,
191,59, ,
191,60, ,
191,61, ,
191,62, ,
191,63, ,
191,64, ,
191,65, ,
191,66, ,
191,67, ,
191,68, ,
191,69, ,
191,70, ,
191,71, ,
191,72, ,
191,73, ,
191,74, ,
191,75, ,
191,76, ,
191,77, ,
191,78, ,
191,79, ,
191,80, ,
191,81, ,
191,82, ,
191,83, ,
191,84, ,
191,85, ,
191,86, ,
191,87, ,
191,88, ,
191,89, ,
191,90, ,
192,0, ,
192,1, ,
192,2, ,
192,3, ,
192,4, ,
192,5, ,
192,6, ,
192,7, ,
192,8, ,
192,9, ,
192,10, ,
192,11, ,
192,12, ,
192,13, ,
192,14, ,
192,15, ,
192,16, ,
192,17, ,
192,18, ,
192,19, ,
192,20, ,
192,21, ,
192,22, ,
192,23, ,
192,24, ,
192,25, ,
192,26, ,
192,27, ,
192,28, ,
192,29, ,
192,30, ,
192,31, ,
192,32, ,
192,33, ,
192,34, ,
192,35, ,
192,36, ,
192,37, ,
192,38, ,
192,39, ,
192,40, ,
192,41, ,
192,42, ,
192,43, ,
192,44, ,
192,45, ,
192,46, ,
192,47, ,
192,48, ,
192,49, ,
192,50, ,
192,51, ,
192,52, ,
192,53, ,
192,54, ,
192,55, ,
192,56, ,
192,57, ,
192,58, ,
192,59, ,
192,60, ,
192,61, ,
192,62, ,
192,63, ,
192,64, ,
192,65, ,
192,66, ,
192,67, ,
192,68, ,
192,69, ,
192,70, ,
192,71, ,
192,72, ,
192,73, ,
192,74, ,
192,75, ,
192,76, ,
192,77, ,
192,78, ,
192,79, ,
192,80, ,
192,81, ,
192,82, ,
192,83, ,
192,84, ,
192,85, ,
192,86, ,
192,87, ,
192,88, ,
192,89, ,
192,90, ,
193,0, ,
193,1, ,
193,2, ,
193,3, ,
193,4, ,
193,5, ,
193,6, ,
193,7, ,
193,8, ,
193,9, ,
193,10, ,
193,11, ,
193,12, ,
193,13, ,
193,14, ,
193,15, ,
193,16, ,
193,17, ,
193,18, ,
193,19, ,
193,20, ,
193,21, ,
193,22, ,
193,23, ,
193,24, ,
193,25, ,
193,26, ,
193,27, ,
193,28, ,
193,29, ,
193,30, ,
193,31, ,
193,32, ,
193,33, ,
193,34, ,
193,35, ,
193,36, ,
193,37, ,
193,38, ,
193,39, ,
193,40, ,
193,41, ,
193,42, ,
193,43, ,
193,44, ,
193,45, ,
193,46, ,
193,47, ,
193,48, ,
193,49, ,
193,50, ,
193,51, ,
193,52, ,
193,53, ,
193,54, ,
193,55, ,
193,56, ,
193,57, ,
193,58, ,
193,59, ,
193,60, ,
193,61, ,
193,62, ,
193,63, ,
193,64, ,
193,65, ,
193,66, ,
193,67, ,
193,68, ,
193,69, ,
193,70, ,
193,71, ,
193,72, ,
193,73, ,
193,74, ,
193,75, ,
193,76, ,
193,77, ,
193,78, ,
193,79, ,
193,80, ,
193,81, ,
193,82, ,
193,83, ,
193,84, ,
193,85, ,
193,86, ,
193,87, ,
193,88, ,
193,89, ,
193,90, ,
196,0, ,
196,1, ,
196,2, ,
196,3, ,
196,4, ,
196,5, ,
196,6, ,
196,7, ,
196,8, ,
196,9, ,
196,10, ,
196,11, ,
196,12, ,
196,13, ,
196,14, ,
196,15, ,
196,16, ,
196,17, ,
196,18, ,
196,19, ,
196,20, ,
196,21, ,
196,22, ,
196,23, ,
196,24, ,
196,25, ,
196,26, ,
196,27, ,
196,28, ,
196,29, ,
196,30, ,
196,31, ,
196,32, ,
196,33, ,
196,34, ,
196,35, ,
196,36, ,
196,37, ,
196,38, ,
196,39, ,
196,40, ,
196,41, ,
196,42, ,
196,43, ,
196,44, ,
196,45, ,
196,46, ,
196,47, ,
196,48, ,
196,49, ,
196,50, ,
196,51, ,
196,52, ,
196,53, ,
196,54, ,
196,55, ,
196,56, ,
196,57, ,
196,58, ,
196,59, ,
196,60, ,
196,61, ,
196,62, ,
196,63, ,
196,64, ,
196,65, ,
196,66, ,
196,67, ,
196,68, ,
196,69, ,
196,70, ,
196,71, ,
196,72, ,
196,73, ,
196,74, ,
196,75, ,
196,76, ,
196,77, ,
196,78, ,
196,79, ,
196,80, ,
196,81, ,
196,82, ,
196,83, ,
196,84, ,
196,85, ,
196,86, ,
196,87, ,
196,152, ,
196,153, ,
196,154, ,
196,155, ,
196,156, ,
196,157, ,
196,158, ,
196,159, ,
196,160, ,
196,161, ,
196,162, ,
196,163, ,
196,164, ,
196,165, ,
196,166, ,
196,167, ,
196,168, ,
196,169, ,
196,170, ,
196,171, ,
197,0, ,
197,1, ,
197,2, ,
197,3, ,
197,4, ,
197,5, ,
197,6, ,
197,7, ,
197,8, ,
197,9, ,
197,10, ,
197,11, ,
197,12, ,
197,13, ,
197,14, ,
197,15, ,
197,16, ,
197,17, ,
197,18, ,
197,19, ,
197,20, ,
197,21, ,
197,22, ,
197,23, ,
197,24, ,
197,25, ,
197,26, ,
197,27, ,
197,28, ,
197,29, ,
197,30, ,
197,31, ,
197,32, ,
197,33, ,
197,34, ,
197,35, ,
197,36, ,
197,37, ,
197,38, ,
197,39, ,
197,40, ,
197,41, ,
197,42, ,
197,43, ,
197,44, ,
197,45, ,
197,46, ,
197,47, ,
197,48, ,
197,49, ,
197,50, ,
197,51, ,
197,52, ,
197,53, ,
197,54, ,
197,55, ,
197,56, ,
197,57, ,
197,58, ,
197,59, ,
197,60, ,
197,61, ,
197,62, ,
197,63, ,
197,64, ,
197,65, ,
197,66, ,
197,67, ,
197,68, ,
197,69, ,
197,70, ,
197,71, ,
197,72, ,
197,73, ,
197,74, ,
197,75, ,
197,76, ,
197,77, ,
197,78, ,
197,79, ,
197,80, ,
197,81, ,
197,82, ,
197,83, ,
197,84, ,
197,85, ,
197,86, ,
197,87, ,
197,152, ,
197,153, ,
197,154, ,
197,155, ,
197,156, ,
197,157, ,
197,158, ,
197,159, ,
197,160, ,
197,161, ,
197,162, ,
197,163, ,
197,164, ,
197,165, ,
197,166, ,
197,167, ,
197,168, ,
197,169, ,
197,170, ,
197,171, ,
198,0, ,
198,1, ,
198,2, ,
198,3, ,
198,4, ,
198,5, ,
198,6, ,
198,7, ,
198,8, ,
198,9, ,
198,10, ,
198,11, ,
198,12, ,
198,13, ,
198,14, ,
198,15, ,
198,16, ,
198,17, ,
198,18, ,
198,19, ,
198,20, ,
198,21, ,
198,22, ,
198,23, ,
198,24, ,
198,25, ,
198,26, ,
198,27, ,
198,28, ,
198,29, ,
198,30, ,
198,31, ,
198,32, ,
198,33, ,
198,34, ,
198,35, ,
198,36, ,
198,37, ,
198,38, ,
198,39, ,
198,40, ,
198,41, ,
198,42, ,
198,43, ,
198,44, ,
198,45, ,
198,46, ,
198,47, ,
198,48, ,
198,49, ,
198,50, ,
198,51, ,
198,52, ,
198,53, ,
198,54, ,
198,55, ,
198,56, ,
198,57, ,
198,58, ,
198,59, ,
198,60, ,
198,61, ,
198,62, ,
198,63, ,
198,64, ,
198,65, ,
198,66, ,
198,67, ,
198,68, ,
198,69, ,
198,70, ,
198,71, ,
198,72, ,
198,73, ,
198,74, ,
198,75, ,
198,76, ,
198,77, ,
198,78, ,
198,79, ,
198,80, ,
198,81, ,
198,82, ,
198,83, ,
198,84, ,
198,85, ,
198,86, ,
198,87, ,
198,152, ,
198,153, ,
198,154, ,
198,155, ,
198,156, ,
198,157, ,
198,158, ,
198,159, ,
198,160, ,
198,161, ,
198,162, ,
198,163, ,
198,164, ,
198,165, ,
198,166, ,
198,167, ,
198,168, ,
198,169, ,
198,170, ,
198,171, ,
199,0, ,
199,1, ,
199,2, ,
199,3, ,
199,4, ,
199,5, ,
199,6, ,
199,7, ,
199,8, ,
199,9, ,
199,10, ,
199,11, ,
199,12, ,
199,13, ,
199,14, ,
199,15, ,
199,16, ,
199,17, ,
199,18, ,
199,19, ,
199,20, ,
199,21, ,
199,22, ,
199,23, ,
199,24, ,
199,25, ,
199,26, ,
199,27, ,
199,28, ,
199,29, ,
199,30, ,
199,31, ,
199,32, ,
199,33, ,
199,34, ,
199,35, ,
199,36, ,
199,37, ,
199,38, ,
199,39, ,
199,40, ,
199,41, ,
199,42, ,
199,43, ,
199,44, ,
199,45, ,
199,46, ,
199,47, ,
199,48, ,
199,49, ,
199,50, ,
199,51, ,
199,52, ,
199,53, ,
199,54, ,
199,55, ,
199,56, ,
199,57, ,
199,58, ,
199,59, ,
199,60, ,
199,61, ,
199,62, ,
199,63, ,
199,64, ,
199,65, ,
199,66, ,
199,67, ,
199,68, ,
199,69, ,
199,70, ,
199,71, ,
199,72, ,
199,73, ,
199,74, ,
199,75, ,
199,76, ,
199,77, ,
199,78, ,
199,79, ,
199,80, ,
199,81, ,
199,82, ,
199,83, ,
199,84, ,
199,85, ,
199,86, ,
199,87, ,
199,152, ,
199,153, ,
199,154, ,
199,155, ,
199,156, ,
199,157, ,
199,158, ,
199,159, ,
199,160, ,
199,161, ,
199,162, ,
199,163, ,
199,164, ,
199,165, ,
199,166, ,
199,167, ,
199,168, ,
199,169, ,
199,170, ,
199,171, ,
201,0, ,
201,1, ,
201,2, ,
201,3, ,
201,4, ,
201,20, ,
201,21, ,
201,22, ,
201,23, ,
201,24, ,
201,25, ,
201,26, ,
201,40, ,
201,41, ,
201,42, ,
201,43, ,
201,44, ,
201,45, ,
201,46, ,
201,60, ,
201,61, ,
201,62, ,
201,63, ,
201,64, ,
201,65, ,
201,66, ,
201,80, ,
201,81, ,
201,82, ,
201,83, ,
201,84, ,
201,85, ,
201,86, ,
202,0, ,
202,1, ,
202,2, ,
202,3, ,
202,4, ,
202,5, ,
202,6, ,
202,21, ,
202,22, ,
202,23, ,
202,24, ,
202,25, ,
202,26, ,
231,0, ,
231,80, ,
231,81, ,
231,82, ,
231,83, ,
231,84, ,
231,85, ,
231,86, ,
231,87, ,
231,88, ,
231,89, ,
231,90, ,
231,91, ,
231,92, ,
231,93, ,
231,94, ,
231,95, ,
231,96, ,
231,97, ,
231,98, ,
231,99, ,
231,100, ,
231,101, ,
231,102, ,
231,103, ,
231,104, ,
231,105, ,
231,106, ,
231,107, ,
231,108, ,
231,109, ,
231,110, ,
231,111, ,
231,112, ,
231,113, ,
231,114, ,
231,115, ,
231,116, ,
231,117, ,
231,118, ,
231,119, ,
231,120, ,
231,121, ,
231,122, ,
231,123, ,
231,124, ,
231,125, ,
231,126, ,
231,127, ,
231,128, ,
231,129, ,
231,130, ,
231,131, ,
231,133, ,
231,134, ,
231,135, ,
231,136, ,
231,137, ,
231,138, ,
231,139, ,
231,140, ,
231,141, ,
231,142, ,
231,143, ,
231,144, ,
231,145, ,
231,146, ,
231,147, ,
231,148, ,
231,149, ,
231,150, ,
231,151, ,
231,152, ,
231,153, ,
231,154, ,
231,155, ,
231,156, ,
231,157, ,
231,158, ,
231,159, ,
231,160, ,
231,161, ,
231,162, ,
231,163, ,
231,164, ,
231,165, ,
231,166, ,
231,167, ,
231,168, ,
231,169, ,
231,170, ,
231,171, ,
231,172, ,
231,173, ,
231,174, ,
231,175, ,
231,176, ,
231,177, ,
231,178, ,
231,179, ,
231,180, ,
231,181, ,
231,182, ,
231,183, ,
231,184, ,
231,185, ,
231,186, ,
231,187, ,
231,188, ,
231,189, ,
231,190, ,
231,191, ,
231,192, ,
231,193, ,
231,194, ,
231,195, ,
231,196, ,
231,197, ,
231,198, ,
231,199, ,
231,200, ,
231,201, ,
231,202, ,
231,203, ,
231,204, ,
231,205, ,
231,206, ,
231,207, ,
231,208, ,
231,209, ,
231,210, ,
231,211, ,
231,212, ,
231,213, ,
231,214, ,
231,215, ,
231,216, ,
231,217, ,
231,218, ,
231,219, ,
231,220, ,
231,221, ,
231,222, ,
231,223, ,
231,224, ,
231,225, ,
231,226, ,
231,227, ,
231,228, ,
231,229, ,
231,230, ,
231,231, ,
231,232, ,
240,0, ,
240,1, ,
240,2, ,
240,3, ,
240,4, ,
240,5, ,
240,6, ,
240,7, ,
240,8, ,
240,9, ,
240,10, ,
240,11, ,
240,12, ,
240,13, ,
240,14, ,
240,15, ,
240,16, ,
240,17, ,
240,18, ,
240,19, ,
240,20, ,
240,21, ,
240,22, ,
240,23, ,
240,24, ,
240,25, ,
240,26, ,
240,27, ,
240,28, ,
240,29, ,
240,30, ,
240,31, ,
240,32, ,
240,33, ,
240,34, ,
240,35, ,
240,36, ,
240,50, ,
240,51, ,
240,52, ,
240,53, ,
240,54, ,
240,55, ,
240,56, ,
240,57, ,
240,58, ,
240,59, ,
240,60, ,
240,61, ,
240,62, ,
240,63, ,
240,64, ,
240,65, ,
240,66, ,
240,67, ,
240,68, ,
240,69, ,
240,70, ,
240,71, ,
240,72, ,
240,73, ,
240,74, ,
240,75, ,
240,76, ,
240,77, ,
240,78, ,
240,79, ,
240,80, ,
240,81, ,
240,82, ,
240,83, ,
240,84, ,
240,85, ,
240,86, ,
240,87, ,
240,88, ,
240,89, ,
240,90, ,
240,91, ,
240,92, ,
240,93, ,
240,94, ,
240,95, ,
240,96, ,
240,97, ,
240,98, ,
240,99, ,
240,100, ,
240,101, ,
240,102, ,
240,103, ,
240,104, ,
240,105, ,
240,106, ,
240,107, ,
240,108, ,
240,109, ,
240,110, ,
240,111, ,
240,112, ,
240,113, ,
240,114, ,
240,115, ,
240,116, ,
240,117, ,
240,118, ,
240,119, ,
240,120, ,
240,121, ,
240,122, ,
240,123, ,
240,124, ,
240,125, ,
240,126, ,
240,127, ,
240,128, ,
240,129, ,
240,130, ,
240,131, ,
240,139, ,
240,140, ,
240,141, ,
240,142, ,
240,143, ,
240,144, ,
240,223, ,
240,224, ,
240,225, ,
240,226, ,
240,227, ,
240,228, ,
240,229, ,
240,234, ,
240,235, ,
240,236, ,
240,237, ,
240,238, ,
240,239, ,
240,240, ,
240,241, ,
240,242, ,
240,243, ,
240,244, ,
240,245, ,
240,246, ,
240,247, ,
240,248, ,
241,0, ,
241,1,randomOption_Weapon.bin,
241,2,randomOption_Weapon.bin,
241,3,randomOption_Weapon.bin,
241,4,randomOption_Weapon.bin,
241,5,randomOption_Weapon.bin,
241,6,randomOption_Weapon.bin,
241,7,randomOption_Weapon.bin,
241,8,randomOption_Weapon.bin,
241,9,randomOption_Weapon.bin,
241,10,randomOption_Weapon.bin,
241,11,randomOption_Weapon.bin,
241,12,randomOption_Weapon.bin,
241,13,randomOption_Weapon.bin,
241,14,randomOption_Weapon.bin,
241,15,randomOption_Weapon.bin,
241,16,randomOption_Weapon.bin,
241,17,randomOption_Weapon.bin,
242,0, ,
242,1,randomOption_Weapon.bin,
242,2,randomOption_Weapon.bin,
242,3,randomOption_Weapon.bin,
242,4,randomOption_Weapon.bin,
242,5,randomOption_Weapon.bin,
242,6,randomOption_Weapon.bin,
242,7,randomOption_Weapon.bin,
242,8,randomOption_Weapon.bin,
242,9,randomOption_Weapon.bin,
242,10,randomOption_Weapon.bin,
242,11,randomOption_Weapon.bin,
242,12,randomOption_Weapon.bin,
242,13,randomOption_Weapon.bin,
242,14,randomOption_Weapon.bin,
242,15,randomOption_Weapon.bin,
242,16,randomOption_Weapon.bin,
242,17,randomOption_Weapon.bin,
242,18,randomOption_Weapon.bin,
242,19,randomOption_Weapon.bin,
242,20,randomOption_Weapon.bin,
242,21,randomOption_Weapon.bin,
242,22,randomOption_Weapon.bin,
242,23,randomOption_Weapon.bin,
242,24,randomOption_Weapon.bin,
242,25,randomOption_Weapon.bin,
242,26,randomOption_Weapon.bin,
242,27,randomOption_Weapon.bin,
242,28,randomOption_Weapon.bin,
242,29,randomOption_Weapon.bin,
242,30,randomOption_Weapon.bin,
242,31,randomOption_Weapon.bin,
242,32,randomOption_Weapon.bin,
242,33,randomOption_Weapon.bin,
242,34,randomOption_Weapon.bin,
242,35,randomOption_Weapon.bin,
242,36,randomOption_Weapon.bin,
242,37,randomOption_Weapon.bin,
242,38,randomOption_Weapon.bin,
242,39,randomOption_Weapon.bin,
242,40,randomOption_Weapon.bin,
242,41,randomOption_Weapon.bin,
242,42,randomOption_Weapon.bin,
242,43,randomOption_Weapon.bin,
242,44,randomOption_Weapon.bin,
242,45,randomOption_Weapon.bin,
242,46,randomOption_Weapon.bin,
242,47,randomOption_Weapon.bin,
242,48,randomOption_Weapon.bin,
242,49,randomOption_Weapon.bin,
242,50,randomOption_Weapon.bin,
242,51,randomOption_Weapon.bin,
242,52,randomOption_Weapon.bin,
242,53,randomOption_Weapon.bin,
242,54,randomOption_Weapon.bin,
242,55,randomOption_Weapon.bin,
242,56,randomOption_Weapon.bin,
242,57,randomOption_Weapon.bin,
242,58,randomOption_Weapon.bin,
242,59,randomOption_Weapon.bin,
242,60,randomOption_Weapon.bin,
242,61,randomOption_Weapon.bin,
242,62,randomOption_Weapon.bin,
242,63,randomOption_Weapon.bin,
242,64,randomOption_Weapon.bin,
242,65,randomOption_Weapon.bin,
242,66,randomOption_Weapon.bin,
242,67,randomOption_Weapon.bin,
242,68,randomOption_Weapon.bin,
242,69,randomOption_Weapon.bin,
242,70,randomOption_Weapon.bin,
242,71,randomOption_Weapon.bin,
242,72,randomOption_Weapon.bin,
242,73,randomOption_Weapon.bin,
242,74,randomOption_Weapon.bin,
242,75,randomOption_Weapon.bin,
242,76,randomOption_Weapon.bin,
242,77,randomOption_Weapon.bin,
242,78,randomOption_Weapon.bin,
242,79,randomOption_Weapon.bin,
242,80,randomOption_Weapon.bin,
242,81,randomOption_Weapon.bin,
242,82,randomOption_Weapon.bin,
242,83,randomOption_Weapon.bin,
242,84,randomOption_Weapon.bin,
242,85,randomOption_Weapon.bin,
242,86,randomOption_Weapon.bin,
242,87,randomOption_Weapon.bin,
242,88,randomOption_Weapon.bin,
242,89,randomOption_Weapon.bin,
242,90,randomOption_Weapon.bin,
242,91,randomOption_Weapon.bin,
242,92,randomOption_Weapon.bin,
242,93,randomOption_Weapon.bin,
242,94,randomOption_Weapon.bin,
242,95,randomOption_Weapon.bin,
242,96,randomOption_Weapon.bin,
242,97,randomOption_Weapon.bin,
242,98,randomOption_Weapon.bin,
242,99,randomOption_Weapon.bin,
242,100,randomOption_Weapon.bin,
242,101,randomOption_Weapon.bin,
242,102,randomOption_Weapon.bin,
242,103,randomOption_Weapon.bin,
242,104,randomOption_Weapon.bin,
242,105,randomOption_Weapon.bin,
242,106,randomOption_Weapon.bin,
242,107,randomOption_Weapon.bin,
242,108,randomOption_Weapon.bin,
242,109,randomOption_Weapon.bin,
242,110,randomOption_Weapon.bin,
242,111,randomOption_Weapon.bin,
242,112,randomOption_Weapon.bin,
242,113,randomOption_Weapon.bin,
242,114,randomOption_Weapon.bin,
242,115,randomOption_Weapon.bin,
242,116,randomOption_Weapon.bin,
242,117,randomOption_Weapon.bin,
242,118,randomOption_Weapon.bin,
242,119,randomOption_Weapon.bin,
242,120,randomOption_Weapon.bin,
242,121,randomOption_Weapon.bin,
242,122,randomOption_Weapon.bin,
242,123,randomOption_Weapon.bin,
242,124,randomOption_Weapon.bin,
242,125,randomOption_Weapon.bin,
242,126,randomOption_Weapon.bin,
242,127,randomOption_Weapon.bin,
242,128,randomOption_Weapon.bin,
242,129,randomOption_Weapon.bin,
242,130,randomOption_Weapon.bin,
242,131,randomOption_Weapon.bin,
242,132,randomOption_Weapon.bin,
242,133,randomOption_Weapon.bin,
242,134,randomOption_Weapon.bin,
242,135,randomOption_Weapon.bin,
242,136,randomOption_Weapon.bin,
242,137,randomOption_Weapon.bin,
242,138,randomOption_Weapon.bin,
242,139,randomOption_Weapon.bin,
242,140,randomOption_Weapon.bin,
242,141,randomOption_Weapon.bin,
242,142,randomOption_Weapon.bin,
242,143,randomOption_Weapon.bin,
242,144,randomOption_Weapon.bin,
242,145,randomOption_Weapon.bin,
242,146,randomOption_Weapon.bin,
242,147,randomOption_Weapon.bin,
242,148,randomOption_Weapon.bin,
242,149,randomOption_Weapon.bin,
242,150,randomOption_Weapon.bin,
242,151,randomOption_Weapon.bin,
242,152,randomOption_Weapon.bin,
242,153,randomOption_Weapon.bin,
242,154,randomOption_Weapon.bin,
242,155,randomOption_Weapon.bin,
242,156,randomOption_Weapon.bin,
242,157,randomOption_Weapon.bin,
242,158,randomOption_Weapon.bin,
242,159,randomOption_Weapon.bin,
242,160,randomOption_Weapon.bin,
242,161,randomOption_Weapon.bin,
242,162,randomOption_Weapon.bin,
242,163,randomOption_Weapon.bin,
242,164,randomOption_Weapon.bin,
242,165,randomOption_Weapon.bin,
242,166,randomOption_Weapon.bin,
242,167,randomOption_Weapon.bin,
242,168,randomOption_Weapon.bin,
242,169,randomOption_Weapon.bin,
242,170,randomOption_Weapon.bin,
242,171,randomOption_Weapon.bin,
242,172,randomOption_Weapon.bin,
242,173,randomOption_Weapon.bin,
242,174,randomOption_Weapon.bin,
242,175,randomOption_Weapon.bin,
242,176,randomOption_Weapon.bin,
242,177,randomOption_Weapon.bin,
242,178,randomOption_Weapon.bin,
242,179,randomOption_Weapon.bin,
242,180,randomOption_Weapon.bin,
242,181,randomOption_Weapon.bin,
242,182,randomOption_Weapon.bin,
242,183,randomOption_Weapon.bin,
242,184,randomOption_Weapon.bin,
242,185,randomOption_Weapon.bin,
242,186,randomOption_Weapon.bin,
242,187,randomOption_Weapon.bin,
243,0, ,
243,1,randomOption_Armor.bin,
243,2,randomOption_Armor.bin,
243,3,randomOption_Armor.bin,
243,4,randomOption_Armor.bin,
243,5,randomOption_Armor.bin,
243,6,randomOption_Armor.bin,
243,7,randomOption_Armor.bin,
243,8,randomOption_Armor.bin,
243,9,randomOption_Armor.bin,
243,10,randomOption_Armor.bin,
243,11,randomOption_Armor.bin,
243,12,randomOption_Armor.bin,
243,13,randomOption_Armor.bin,
243,14,randomOption_Armor.bin,
243,15,randomOption_Armor.bin,
243,16,randomOption_Armor.bin,
243,17,randomOption_Armor.bin,
243,18,randomOption_Armor.bin,
243,19,randomOption_Armor.bin,
243,20,randomOption_Armor.bin,
243,21,randomOption_Armor.bin,
243,22,randomOption_Armor.bin,
243,23,randomOption_Armor.bin,
243,24,randomOption_Armor.bin,
243,25,randomOption_Armor.bin,
243,26,randomOption_Armor.bin,
243,27,randomOption_Armor.bin,
243,28,randomOption_Armor.bin,
243,29,randomOption_Armor.bin,
243,30,randomOption_Armor.bin,
243,31,randomOption_Armor.bin,
243,32,randomOption_Armor.bin,
243,33,randomOption_Armor.bin,
243,34,randomOption_Armor.bin,
243,35,randomOption_Armor.bin,
243,36,randomOption_Armor.bin,
243,37,randomOption_Armor.bin,
243,38,randomOption_Armor.bin,
243,39,randomOption_Armor.bin,
243,40,randomOption_Armor.bin,
244,0, ,
244,1,randomOption_Armor.bin,
244,2,randomOption_Armor.bin,
244,3,randomOption_Armor.bin,
244,4,randomOption_Armor.bin,
244,5,randomOption_Armor.bin,
244,6,randomOption_Armor.bin,
244,7,randomOption_Armor.bin,
244,8,randomOption_Armor.bin,
244,9,randomOption_Armor.bin,
244,10,randomOption_Armor.bin,
244,11,randomOption_Armor.bin,
244,12,randomOption_Armor.bin,
244,13,randomOption_Armor.bin,
244,14,randomOption_Armor.bin,
244,15,randomOption_Armor.bin,
244,16,randomOption_Armor.bin,
244,17,randomOption_Armor.bin,
244,18,randomOption_Armor.bin,
244,19,randomOption_Armor.bin,
244,20,randomOption_Armor.bin,
244,51,randomOption_Armor.bin,
244,52,randomOption_Armor.bin,
244,53,randomOption_Armor.bin,
244,54,randomOption_Armor.bin,
244,55,randomOption_Armor.bin,
244,56,randomOption_Armor.bin,
244,57,randomOption_Armor.bin,
244,58,randomOption_Armor.bin,
244,59,randomOption_Armor.bin,
244,60,randomOption_Armor.bin,
244,61,randomOption_Armor.bin,
244,62,randomOption_Armor.bin,
244,63,randomOption_Armor.bin,
244,64,randomOption_Armor.bin,
244,65,randomOption_Armor.bin,
244,66,randomOption_Armor.bin,
244,67,randomOption_Armor.bin,
244,68,randomOption_Armor.bin,
244,69,randomOption_Armor.bin,
244,70,randomOption_Armor.bin,
244,71,randomOption_Armor.bin,
244,72,randomOption_Armor.bin,
244,73,randomOption_Armor.bin,
244,74,randomOption_Armor.bin,
244,75,randomOption_Armor.bin,
244,76,randomOption_Armor.bin,
244,77,randomOption_Armor.bin,
244,78,randomOption_Armor.bin,
244,79,randomOption_Armor.bin,
244,80,randomOption_Armor.bin,
244,81,randomOption_Armor.bin,
244,82,randomOption_Armor.bin,
244,83,randomOption_Armor.bin,
244,84,randomOption_Armor.bin,
244,85,randomOption_Armor.bin,
244,86,randomOption_Armor.bin,
244,87,randomOption_Armor.bin,
244,88,randomOption_Armor.bin,
244,89,randomOption_Armor.bin,
244,90,randomOption_Armor.bin,
244,91,randomOption_Armor.bin,
244,92,randomOption_Armor.bin,
244,93,randomOption_Armor.bin,
244,94,randomOption_Armor.bin,
244,95,randomOption_Armor.bin,
244,96,randomOption_Armor.bin,
244,97,randomOption_Armor.bin,
244,98,randomOption_Armor.bin,
244,99,randomOption_Armor.bin,
244,100,randomOption_Armor.bin,
244,101,randomOption_Armor.bin,
244,102,randomOption_Armor.bin,
244,103,randomOption_Armor.bin,
244,104,randomOption_Armor.bin,
244,105,randomOption_Armor.bin,
244,106,randomOption_Armor.bin,
244,107,randomOption_Armor.bin,
244,108,randomOption_Armor.bin,
244,109,randomOption_Armor.bin,
244,110,randomOption_Armor.bin,
245,0, ,
245,1, ,
245,2,randomOption_Weapon.bin,
245,3,randomOption_Weapon.bin,
245,4,randomOption_Weapon.bin,
245,5,randomOption_Weapon.bin,
245,6,randomOption_Weapon.bin,
245,7,randomOption_Weapon.bin,
245,8,randomOption_Weapon.bin,
245,9,randomOption_Weapon.bin,
245,10,randomOption_Weapon.bin,
245,11,randomOption_Weapon.bin,
245,12,randomOption_Weapon.bin,
245,13,randomOption_Weapon.bin,
245,14,randomOption_Weapon.bin,
245,15,randomOption_Weapon.bin,
245,16,randomOption_Weapon.bin,
245,17,randomOption_Weapon.bin,
245,18,randomOption_Weapon.bin,
245,19,randomOption_Weapon.bin,
246,0, ,
246,1, ,
246,2, ,
246,3,randomOption_Weapon.bin,
246,4,randomOption_Weapon.bin,
246,5,randomOption_Weapon.bin,
246,6,randomOption_Weapon.bin,
246,7,randomOption_Weapon.bin,
246,8,randomOption_Weapon.bin,
246,9,randomOption_Weapon.bin,
246,10,randomOption_Weapon.bin,
246,11,randomOption_Weapon.bin,
246,12,randomOption_Weapon.bin,
246,13,randomOption_Weapon.bin,
246,14,randomOption_Weapon.bin,
246,15,randomOption_Weapon.bin,
246,16,randomOption_Weapon.bin,
246,17,randomOption_Weapon.bin,
246,18,randomOption_Weapon.bin,
246,19,randomOption_Weapon.bin,
247,0, ,
247,1, ,
247,2,randomOption_Weapon.bin,
247,3,randomOption_Weapon.bin,
247,4,randomOption_Weapon.bin,
247,5,randomOption_Weapon.bin,
247,6,randomOption_Weapon.bin,
247,7,randomOption_Weapon.bin,
247,8,randomOption_Weapon.bin,
247,9,randomOption_Weapon.bin,
247,10,randomOption_Weapon.bin,
247,11,randomOption_Weapon.bin,
247,12,randomOption_Weapon.bin,
247,13,randomOption_Weapon.bin,
247,14,randomOption_Weapon.bin,
247,15,randomOption_Weapon.bin,
247,16,randomOption_Weapon.bin,
247,17,randomOption_Weapon.bin,
247,18,randomOption_Weapon.bin,
247,19,randomOption_Weapon.bin,
248,0, ,
248,1,randomOption_Armor.bin,
248,2,randomOption_Armor.bin,
248,3,randomOption_Armor.bin,
248,4,randomOption_Armor.bin,
248,5,randomOption_Armor.bin,
248,6,randomOption_Armor.bin,
248,7,randomOption_Armor.bin,
248,8,randomOption_Armor.bin,
248,9,randomOption_Armor.bin,
248,10,randomOption_Armor.bin,
248,11,randomOption_Armor.bin,
248,12,randomOption_Armor.bin,
248,13,randomOption_Armor.bin,
248,14,randomOption_Armor.bin,
248,15,randomOption_Armor.bin,
248,16,randomOption_Armor.bin,
248,17,randomOption_Armor.bin,
248,18,randomOption_Armor.bin,
248,19,randomOption_Armor.bin,
248,20,randomOption_Armor.bin,
248,21,randomOption_Armor.bin,
248,22,randomOption_Armor.bin,
248,23,randomOption_Armor.bin,
248,24,randomOption_Armor.bin,
248,25,randomOption_Armor.bin,
248,26,randomOption_Armor.bin,
248,27,randomOption_Armor.bin,
248,28,randomOption_Armor.bin,
248,29,randomOption_Armor.bin,
248,30,randomOption_Armor.bin,
248,31,randomOption_Armor.bin,
248,32,randomOption_Armor.bin,
248,33,randomOption_Armor.bin,
248,34,randomOption_Armor.bin,
248,35,randomOption_Armor.bin,
248,36,randomOption_Armor.bin,
248,37,randomOption_Armor.bin,
248,38,randomOption_Armor.bin,
248,39,randomOption_Armor.bin,
248,40,randomOption_Armor.bin,
248,41,randomOption_Armor.bin,
248,42,randomOption_Armor.bin,
248,43,randomOption_Armor.bin,
248,44,randomOption_Armor.bin,
249,0, ,
249,1,randomOption_Armor.bin,
249,2,randomOption_Armor.bin,
249,3,randomOption_Armor.bin,
249,4,randomOption_Armor.bin,
249,5,randomOption_Armor.bin,
249,6,randomOption_Armor.bin,
249,7,randomOption_Armor.bin,
249,8,randomOption_Armor.bin,
249,9,randomOption_Armor.bin,
249,10,randomOption_Armor.bin,
249,11,randomOption_Armor.bin,
249,12,randomOption_Armor.bin,
249,13,randomOption_Armor.bin,
249,14,randomOption_Armor.bin,
249,15,randomOption_Armor.bin,
249,16,randomOption_Armor.bin,
249,17,randomOption_Armor.bin,
249,18,randomOption_Armor.bin,
249,19,randomOption_Armor.bin,
249,20,randomOption_Armor.bin,
249,21,randomOption_Armor.bin,
249,22,randomOption_Armor.bin,
250,0, ,
250,1,randomOption_Armor.bin,
250,2,randomOption_Armor.bin,
250,3,randomOption_Armor.bin,
250,4,randomOption_Armor.bin,
250,5,randomOption_Armor.bin,
250,6,randomOption_Armor.bin,
250,7,randomOption_Armor.bin,
250,8,randomOption_Armor.bin,
250,9,randomOption_Armor.bin,
250,10,randomOption_Armor.bin,
250,11,randomOption_Armor.bin,
250,12,randomOption_Armor.bin,
250,13,randomOption_Armor.bin,
250,14,randomOption_Armor.bin,
250,15,randomOption_Armor.bin,
250,16,randomOption_Armor.bin,
250,17,randomOption_Armor.bin,
250,18,randomOption_Armor.bin,
250,19,randomOption_Armor.bin,
250,20,randomOption_Armor.bin,
250,21,randomOption_Armor.bin,
250,22,randomOption_Armor.bin,
251,0, ,
251,1,randomOption_Weapon.bin,
251,2,randomOption_Weapon.bin,
251,3,randomOption_Weapon.bin,
251,4,randomOption_Weapon.bin,
251,5,randomOption_Weapon.bin,
251,6,randomOption_Weapon.bin,
251,7,randomOption_Weapon.bin,
251,8,randomOption_Weapon.bin,
251,9,randomOption_Weapon.bin,
251,10,randomOption_Weapon.bin,
251,11,randomOption_Weapon.bin,
251,12,randomOption_Weapon.bin,
251,13,randomOption_Weapon.bin,
251,14,randomOption_Weapon.bin,
251,15,randomOption_Weapon.bin,
251,16,randomOption_Weapon.bin,
251,17,randomOption_Weapon.bin,
251,18,randomOption_Weapon.bin,
251,19,randomOption_Weapon.bin,
251,20,randomOption_Weapon.bin,
251,21,randomOption_Weapon.bin,
251,22,randomOption_Weapon.bin,
251,23,randomOption_Weapon.bin,
251,24,randomOption_Weapon.bin,
251,25,randomOption_Weapon.bin,
251,26,randomOption_Weapon.bin,
251,27,randomOption_Weapon.bin,
251,28,randomOption_Weapon.bin,
251,29,randomOption_Weapon.bin,
251,30,randomOption_Weapon.bin,
251,31,randomOption_Weapon.bin,
251,32,randomOption_Weapon.bin,
251,33,randomOption_Weapon.bin,
251,34,randomOption_Weapon.bin,
251,35,randomOption_Weapon.bin,
251,36,randomOption_Weapon.bin,
251,37,randomOption_Weapon.bin,
251,38,randomOption_Weapon.bin,
251,39,randomOption_Weapon.bin,
251,40,randomOption_Weapon.bin,
251,41,randomOption_Weapon.bin,
251,42,randomOption_Weapon.bin,
251,43,randomOption_Weapon.bin,
251,44,randomOption_Weapon.bin,
251,45,randomOption_Weapon.bin,
251,46,randomOption_Weapon.bin,
251,47,randomOption_Weapon.bin,
251,48,randomOption_Weapon.bin,
251,49,randomOption_Weapon.bin,
251,50,randomOption_Weapon.bin,
251,51,randomOption_Weapon.bin,
251,52,randomOption_Weapon.bin,
251,53,randomOption_Weapon.bin,
251,54,randomOption_Weapon.bin,
251,55,randomOption_Weapon.bin,
251,56,randomOption_Weapon.bin,
251,57,randomOption_Weapon.bin,
251,58,randomOption_Weapon.bin,
251,59,randomOption_Weapon.bin,
251,60,randomOption_Weapon.bin,
251,61,randomOption_Weapon.bin,
251,62,randomOption_Weapon.bin,
251,63,randomOption_Weapon.bin,
251,64,randomOption_Weapon.bin,
251,65,randomOption_Weapon.bin,
251,66,randomOption_Weapon.bin,
251,67,randomOption_Weapon.bin,
251,68,randomOption_Weapon.bin,
251,69,randomOption_Weapon.bin,
251,70,randomOption_Weapon.bin,
251,71,randomOption_Weapon.bin,
251,72,randomOption_Weapon.bin,
251,73,randomOption_Weapon.bin,
251,74,randomOption_Weapon.bin,
251,75,randomOption_Weapon.bin,
251,76,randomOption_Weapon.bin,
251,77,randomOption_Weapon.bin,
251,78,randomOption_Weapon.bin,
251,79,randomOption_Weapon.bin,
251,80,randomOption_Weapon.bin,
251,81,randomOption_Weapon.bin,
251,82,randomOption_Weapon.bin,
251,83,randomOption_Weapon.bin,
251,84,randomOption_Weapon.bin,
251,85,randomOption_Weapon.bin,
251,86,randomOption_Weapon.bin,
251,87,randomOption_Weapon.bin,
251,88,randomOption_Weapon.bin,
251,89,randomOption_Weapon.bin,
251,90,randomOption_Weapon.bin,
251,91,randomOption_Weapon.bin,
251,92,randomOption_Weapon.bin,
251,93,randomOption_Weapon.bin,
251,94,randomOption_Weapon.bin,
251,95,randomOption_Weapon.bin,
251,96,randomOption_Weapon.bin,
251,97,randomOption_Weapon.bin,
251,98,randomOption_Weapon.bin,
251,99,randomOption_Weapon.bin,
251,100,randomOption_Weapon.bin,
251,101,randomOption_Weapon.bin,
251,102,randomOption_Weapon.bin,
251,103,randomOption_Weapon.bin,
251,104,randomOption_Weapon.bin,
251,105,randomOption_Weapon.bin,
251,106,randomOption_Weapon.bin,
251,107,randomOption_Weapon.bin,
251,108,randomOption_Weapon.bin,
251,109,randomOption_Weapon.bin,
251,110,randomOption_Weapon.bin,
251,111,randomOption_Weapon.bin,
251,112,randomOption_Weapon.bin,
251,113,randomOption_Weapon.bin,
252,0, ,
252,1,randomOption_Weapon.bin,
252,2,randomOption_Weapon.bin,
252,3,randomOption_Weapon.bin,
252,4,randomOption_Weapon.bin,
252,5,randomOption_Weapon.bin,
252,6,randomOption_Weapon.bin,
252,7,randomOption_Weapon.bin,
252,8,randomOption_Weapon.bin,
252,9,randomOption_Weapon.bin,
252,10,randomOption_Weapon.bin,
252,11,randomOption_Weapon.bin,
252,12,randomOption_Weapon.bin,
252,13,randomOption_Weapon.bin,
252,14,randomOption_Weapon.bin,
252,15,randomOption_Weapon.bin,
252,16,randomOption_Weapon.bin,
252,17,randomOption_Weapon.bin,
252,18,randomOption_Weapon.bin,
252,19,randomOption_Weapon.bin,
252,20,randomOption_Weapon.bin,
252,21,randomOption_Weapon.bin,
252,22,randomOption_Weapon.bin,
252,23,randomOption_Weapon.bin,
252,24,randomOption_Weapon.bin,
252,25,randomOption_Weapon.bin,
252,26,randomOption_Weapon.bin,
252,27,randomOption_Weapon.bin,
252,28,randomOption_Weapon.bin,
252,29,randomOption_Weapon.bin,
252,30,randomOption_Weapon.bin,
252,31,randomOption_Weapon.bin,
252,32,randomOption_Weapon.bin,
252,33,randomOption_Weapon.bin,
252,34,randomOption_Weapon.bin,
252,35,randomOption_Weapon.bin,
252,36,randomOption_Weapon.bin,
252,37,randomOption_Weapon.bin,
252,38,randomOption_Weapon.bin,
252,39,randomOption_Weapon.bin,
252,40,randomOption_Weapon.bin,
252,41,randomOption_Weapon.bin,
252,42,randomOption_Weapon.bin,
252,43,randomOption_Weapon.bin,
252,44,randomOption_Weapon.bin,
252,45,randomOption_Weapon.bin,
252,46,randomOption_Weapon.bin,
252,47,randomOption_Weapon.bin,
252,48,randomOption_Weapon.bin,
252,49,randomOption_Weapon.bin,
252,50,randomOption_Weapon.bin,
252,51,randomOption_Weapon.bin,
252,52,randomOption_Weapon.bin,
252,53,randomOption_Weapon.bin,
252,54,randomOption_Weapon.bin,
252,55,randomOption_Weapon.bin,
252,56,randomOption_Weapon.bin,
252,57,randomOption_Weapon.bin,
252,58,randomOption_Weapon.bin,
252,59,randomOption_Weapon.bin,
252,60,randomOption_Weapon.bin,
252,61,randomOption_Weapon.bin,
252,62,randomOption_Weapon.bin,
252,63,randomOption_Weapon.bin,
252,64,randomOption_Weapon.bin,
252,65,randomOption_Weapon.bin,
252,66,randomOption_Weapon.bin,
252,67,randomOption_Weapon.bin,
252,68,randomOption_Weapon.bin,
252,69,randomOption_Weapon.bin,
252,70,randomOption_Weapon.bin,
252,71,randomOption_Weapon.bin,
252,72,randomOption_Weapon.bin,
252,73,randomOption_Weapon.bin,
252,74,randomOption_Weapon.bin,
252,75,randomOption_Weapon.bin,
252,76,randomOption_Weapon.bin,
252,77,randomOption_Weapon.bin,
252,78,randomOption_Weapon.bin,
252,79,randomOption_Weapon.bin,
252,80,randomOption_Weapon.bin,
252,81,randomOption_Weapon.bin,
252,82,randomOption_Weapon.bin,
252,83,randomOption_Weapon.bin,
252,84,randomOption_Weapon.bin,
252,85,randomOption_Weapon.bin,
252,86,randomOption_Weapon.bin,
252,87,randomOption_Weapon.bin,
252,88,randomOption_Weapon.bin,
252,89,randomOption_Weapon.bin,
252,90,randomOption_Weapon.bin,
252,91,randomOption_Weapon.bin,
252,92,randomOption_Weapon.bin,
252,93,randomOption_Weapon.bin,
252,94,randomOption_Weapon.bin,
252,95,randomOption_Weapon.bin,
252,96,randomOption_Weapon.bin,
252,97,randomOption_Weapon.bin,
252,98,randomOption_Weapon.bin,
252,99,randomOption_Weapon.bin,
252,100,randomOption_Weapon.bin,
252,101,randomOption_Weapon.bin,
252,102,randomOption_Weapon.bin,
252,103,randomOption_Weapon.bin,
252,104,randomOption_Weapon.bin,
252,105,randomOption_Weapon.bin,
252,106,randomOption_Weapon.bin,
252,107,randomOption_Weapon.bin,
252,108,randomOption_Weapon.bin,
252,109,randomOption_Weapon.bin,
252,110,randomOption_Weapon.bin,
252,111,randomOption_Weapon.bin,
252,112,randomOption_Weapon.bin,
252,113,randomOption_Weapon.bin,
253,0, ,
253,1,randomOption_Weapon.bin,
253,2,randomOption_Weapon.bin,
253,3,randomOption_Weapon.bin,
253,4,randomOption_Weapon.bin,
253,5,randomOption_Weapon.bin,
253,6,randomOption_Weapon.bin,
253,7,randomOption_Weapon.bin,
253,8,randomOption_Weapon.bin,
253,9,randomOption_Weapon.bin,
253,10,randomOption_Weapon.bin,
253,11,randomOption_Weapon.bin,
253,12,randomOption_Weapon.bin,
253,13,randomOption_Weapon.bin,
253,14,randomOption_Weapon.bin,
253,15,randomOption_Weapon.bin,
253,16,randomOption_Weapon.bin,
253,17,randomOption_Weapon.bin,
253,18,randomOption_Weapon.bin,
253,19,randomOption_Weapon.bin,
253,20,randomOption_Weapon.bin,
253,21,randomOption_Weapon.bin,
253,22,randomOption_Weapon.bin,
253,23,randomOption_Weapon.bin,
253,24,randomOption_Weapon.bin,
253,25,randomOption_Weapon.bin,
253,26,randomOption_Weapon.bin,
253,27,randomOption_Weapon.bin,
253,28,randomOption_Weapon.bin,
253,29,randomOption_Weapon.bin,
253,30,randomOption_Weapon.bin,
253,31,randomOption_Weapon.bin,
253,32,randomOption_Weapon.bin,
253,33,randomOption_Weapon.bin,
253,34,randomOption_Weapon.bin,
253,35,randomOption_Weapon.bin,
253,36,randomOption_Weapon.bin,
253,37,randomOption_Weapon.bin,
253,38,randomOption_Weapon.bin,
253,39,randomOption_Weapon.bin,
253,40,randomOption_Weapon.bin,
253,41,randomOption_Weapon.bin,
253,42,randomOption_Weapon.bin,
253,43,randomOption_Weapon.bin,
253,44,randomOption_Weapon.bin,
253,45,randomOption_Weapon.bin,
253,46,randomOption_Weapon.bin,
253,47,randomOption_Weapon.bin,
253,48,randomOption_Weapon.bin,
253,49,randomOption_Weapon.bin,
253,50,randomOption_Weapon.bin,
253,51,randomOption_Weapon.bin,
253,52,randomOption_Weapon.bin,
253,53,randomOption_Weapon.bin,
253,54,randomOption_Weapon.bin,
253,55,randomOption_Weapon.bin,
253,56,randomOption_Weapon.bin,
253,57,randomOption_Weapon.bin,
253,58,randomOption_Weapon.bin,
253,59,randomOption_Weapon.bin,
253,60,randomOption_Weapon.bin,
253,61,randomOption_Weapon.bin,
253,62,randomOption_Weapon.bin,
253,63,randomOption_Weapon.bin,
253,64,randomOption_Weapon.bin,
253,65,randomOption_Weapon.bin,
253,66,randomOption_Weapon.bin,
253,67,randomOption_Weapon.bin,
253,68,randomOption_Weapon.bin,
253,69,randomOption_Weapon.bin,
253,70,randomOption_Weapon.bin,
253,71,randomOption_Weapon.bin,
253,72,randomOption_Weapon.bin,
253,73,randomOption_Weapon.bin,
253,74,randomOption_Weapon.bin,
253,75,randomOption_Weapon.bin,
253,76,randomOption_Weapon.bin,
253,77,randomOption_Weapon.bin,
253,78,randomOption_Weapon.bin,
253,79,randomOption_Weapon.bin,
253,80,randomOption_Weapon.bin,
253,81,randomOption_Weapon.bin,
253,82,randomOption_Weapon.bin,
253,83,randomOption_Weapon.bin,
253,84,randomOption_Weapon.bin,
253,85,randomOption_Weapon.bin,
253,86,randomOption_Weapon.bin,
253,87,randomOption_Weapon.bin,
253,88,randomOption_Weapon.bin,
253,89,randomOption_Weapon.bin,
253,90,randomOption_Weapon.bin,
253,91,randomOption_Weapon.bin,
253,92,randomOption_Weapon.bin,
253,93,randomOption_Weapon.bin,
253,94,randomOption_Weapon.bin,
253,95,randomOption_Weapon.bin,
253,96,randomOption_Weapon.bin,
253,97,randomOption_Weapon.bin,
253,98,randomOption_Weapon.bin,
253,99,randomOption_Weapon.bin,
253,100,randomOption_Weapon.bin,
253,101,randomOption_Weapon.bin,
253,102,randomOption_Weapon.bin,
253,103,randomOption_Weapon.bin,
253,104,randomOption_Weapon.bin,
253,105,randomOption_Weapon.bin,
253,106,randomOption_Weapon.bin,
253,107,randomOption_Weapon.bin,
253,108,randomOption_Weapon.bin,
253,109,randomOption_Weapon.bin,
253,110,randomOption_Weapon.bin,
253,111,randomOption_Weapon.bin,
253,112,randomOption_Weapon.bin,
253,113,randomOption_Weapon.bin,
254,0, ,
254,1,randomOption_Armor.bin,
254,2,randomOption_Armor.bin,
254,3,randomOption_Armor.bin,
254,4,randomOption_Armor.bin,
254,5,randomOption_Armor.bin,
254,6,randomOption_Armor.bin,
254,7,randomOption_Armor.bin,
254,8,randomOption_Armor.bin,
254,9,randomOption_Armor.bin,
254,10,randomOption_Armor.bin,
254,11,randomOption_Armor.bin,
254,12,randomOption_Armor.bin,
254,13,randomOption_Armor.bin,
254,14,randomOption_Armor.bin,
254,15,randomOption_Armor.bin,
254,16,randomOption_Armor.bin,
254,17,randomOption_Armor.bin,
254,18,randomOption_Armor.bin,
254,19,randomOption_Armor.bin,
254,20,randomOption_Armor.bin,
254,21,randomOption_Armor.bin,
254,22,randomOption_Armor.bin,
254,23,randomOption_Armor.bin,
254,24,randomOption_Armor.bin,
254,25,randomOption_Armor.bin,
254,26,randomOption_Armor.bin,
254,27,randomOption_Armor.bin,
254,28,randomOption_Armor.bin,
254,29,randomOption_Armor.bin,
254,30,randomOption_Armor.bin,
254,31,randomOption_Armor.bin,
254,32,randomOption_Armor.bin,
254,33,randomOption_Armor.bin,
254,34,randomOption_Armor.bin,
254,35,randomOption_Armor.bin,
254,36,randomOption_Armor.bin,
254,37,randomOption_Armor.bin,
254,38,randomOption_Armor.bin,
254,39,randomOption_Armor.bin,
254,40,randomOption_Armor.bin,
254,41,randomOption_Armor.bin,
254,42,randomOption_Armor.bin,
254,43,randomOption_Armor.bin,
254,44,randomOption_Armor.bin,
254,45,randomOption_Armor.bin,
254,46,randomOption_Armor.bin,
254,47,randomOption_Armor.bin,
254,48,randomOption_Armor.bin,
254,49,randomOption_Armor.bin,
254,50,randomOption_Armor.bin,
254,51,randomOption_Armor.bin,
254,52,randomOption_Armor.bin,
254,53,randomOption_Armor.bin,
254,54,randomOption_Armor.bin,
254,55,randomOption_Armor.bin,
254,56,randomOption_Armor.bin,
254,57,randomOption_Armor.bin,
254,58,randomOption_Armor.bin,
254,59,randomOption_Armor.bin,
254,60,randomOption_Armor.bin,
254,61,randomOption_Armor.bin,
254,62,randomOption_Armor.bin,
254,63,randomOption_Armor.bin,
254,64,randomOption_Armor.bin,
254,65,randomOption_Armor.bin,
254,66,randomOption_Armor.bin,
254,67,randomOption_Armor.bin,
254,68,randomOption_Armor.bin,
254,69,randomOption_Armor.bin,
254,70,randomOption_Armor.bin,
254,71,randomOption_Armor.bin,
254,72,randomOption_Armor.bin,
254,73,randomOption_Armor.bin,
254,74,randomOption_Armor.bin,
254,75,randomOption_Armor.bin,
254,76,randomOption_Armor.bin,
254,77,randomOption_Armor.bin,
254,78,randomOption_Armor.bin,
254,79,randomOption_Armor.bin,
254,80,randomOption_Armor.bin,
254,81,randomOption_Armor.bin,
254,82,randomOption_Armor.bin,
254,83,randomOption_Armor.bin,
254,84,randomOption_Armor.bin,
254,85,randomOption_Armor.bin,
254,86,randomOption_Armor.bin,
254,87,randomOption_Armor.bin,
254,88,randomOption_Armor.bin,
254,89,randomOption_Armor.bin,
254,90,randomOption_Armor.bin,
255,0, ,
255,1,randomOption_Armor.bin,
255,2,randomOption_Armor.bin,
255,3,randomOption_Armor.bin,
255,4,randomOption_Armor.bin,
255,5,randomOption_Armor.bin,
255,6,randomOption_Armor.bin,
255,7,randomOption_Armor.bin,
255,8,randomOption_Armor.bin,
255,9,randomOption_Armor.bin,
255,10,randomOption_Armor.bin,
255,11,randomOption_Armor.bin,
255,12,randomOption_Armor.bin,
255,13,randomOption_Armor.bin,
255,14,randomOption_Armor.bin,
255,15,randomOption_Armor.bin,
255,16,randomOption_Armor.bin,
255,17,randomOption_Armor.bin,
255,18,randomOption_Armor.bin,
255,19,randomOption_Armor.bin,
255,20,randomOption_Armor.bin,
255,21,randomOption_Armor.bin,
255,22,randomOption_Armor.bin,
255,23,randomOption_Armor.bin,
255,24,randomOption_Armor.bin,
255,25,randomOption_Armor.bin,
255,26,randomOption_Armor.bin,
255,27,randomOption_Armor.bin,
255,28,randomOption_Armor.bin,
255,29,randomOption_Armor.bin,
255,30,randomOption_Armor.bin,
255,31,randomOption_Armor.bin,
255,32,randomOption_Armor.bin,
255,33,randomOption_Armor.bin,
255,34,randomOption_Armor.bin,
255,35,randomOption_Armor.bin,
255,36,randomOption_Armor.bin,
255,37,randomOption_Armor.bin,
255,38,randomOption_Armor.bin,
255,39,randomOption_Armor.bin,
255,40,randomOption_Armor.bin,
255,41,randomOption_Armor.bin,
255,42,randomOption_Armor.bin,
255,43,randomOption_Armor.bin,
255,44,randomOption_Armor.bin,
255,45,randomOption_Armor.bin,
256,0, ,
256,1,randomOption_Armor.bin,
256,2,randomOption_Armor.bin,
256,3,randomOption_Armor.bin,
256,4,randomOption_Armor.bin,
256,5,randomOption_Armor.bin,
256,6,randomOption_Armor.bin,
256,7,randomOption_Armor.bin,
256,8,randomOption_Armor.bin,
256,9,randomOption_Armor.bin,
256,10,randomOption_Armor.bin,
256,11,randomOption_Armor.bin,
256,12,randomOption_Armor.bin,
256,13,randomOption_Armor.bin,
256,14,randomOption_Armor.bin,
256,15,randomOption_Armor.bin,
256,16,randomOption_Armor.bin,
256,17,randomOption_Armor.bin,
256,18,randomOption_Armor.bin,
256,19,randomOption_Armor.bin,
256,20,randomOption_Armor.bin,
256,21,randomOption_Armor.bin,
256,22,randomOption_Armor.bin,
256,23,randomOption_Armor.bin,
256,24,randomOption_Armor.bin,
256,25,randomOption_Armor.bin,
256,26,randomOption_Armor.bin,
256,27,randomOption_Armor.bin,
256,28,randomOption_Armor.bin,
256,29,randomOption_Armor.bin,
256,30,randomOption_Armor.bin,
256,31,randomOption_Armor.bin,
256,32,randomOption_Armor.bin,
256,33,randomOption_Armor.bin,
256,34,randomOption_Armor.bin,
256,35,randomOption_Armor.bin,
256,36,randomOption_Armor.bin,
256,37,randomOption_Armor.bin,
256,38,randomOption_Armor.bin,
256,39,randomOption_Armor.bin,
256,40,randomOption_Armor.bin,
256,41,randomOption_Armor.bin,
256,42,randomOption_Armor.bin,
256,43,randomOption_Armor.bin,
256,44,randomOption_Armor.bin,
256,45,randomOption_Armor.bin,
257,0, ,
257,1, ,
257,2, ,
257,3, ,
257,4, ,
257,5, ,
257,6, ,
257,7, ,
257,8, ,
257,9, ,
257,10, ,
257,11, ,
257,12, ,
257,13, ,
257,14, ,
257,15, ,
257,16, ,
257,17, ,
257,18, ,
257,19, ,
257,20, ,
257,21, ,
257,22, ,
257,23, ,
257,24, ,
257,25, ,
257,26, ,
257,27, ,
257,28, ,
257,29, ,
257,30, ,
257,31, ,
257,32, ,
257,33, ,
257,34, ,
257,35, ,
257,36, ,
257,37, ,
257,38, ,
257,39, ,
257,40, ,
257,41, ,
257,42, ,
257,43, ,
257,44, ,
257,45, ,
257,46, ,
257,47, ,
257,48, ,
257,49, ,
257,50, ,
257,51, ,
257,52, ,
257,53, ,
257,54, ,
257,55, ,
257,56, ,
257,57, ,
257,58, ,
257,59, ,
257,60, ,
257,61, ,
257,62, ,
257,63, ,
257,64, ,
257,65, ,
257,66, ,
257,67, ,
257,68, ,
257,69, ,
257,70, ,
257,71, ,
257,72, ,
257,73, ,
257,74, ,
257,75, ,
257,76, ,
257,77, ,
257,78, ,
257,79, ,
257,80, ,
257,81, ,
257,82, ,
257,83, ,
257,84, ,
257,87, ,
257,88, ,
257,89, ,
257,90, ,
257,91, ,
257,92, ,
258,0, ,
258,1, ,
258,2, ,
258,3, ,
258,4, ,
258,5, ,
258,6, ,
258,7, ,
258,8, ,
258,9, ,
258,10, ,
258,11, ,
258,12, ,
258,13, ,
258,14, ,
258,15, ,
258,16, ,
260,0, ,
260,1, ,
260,2, ,
260,3, ,
260,4, ,
260,5, ,
260,6, ,
260,7, ,
260,8, ,
260,9, ,
260,10, ,
260,11, ,
260,12, ,
260,13, ,
260,14, ,
260,15, ,
260,16, ,
260,17, ,
260,18, ,
260,19, ,
260,20, ,
260,21, ,
260,22, ,
260,23, ,
260,24, ,
260,25, ,
260,26, ,
260,27, ,
260,28, ,
260,29, ,
260,30, ,
260,31, ,
260,32, ,
260,33, ,
260,34, ,
260,35, ,
260,36, ,
260,37, ,
260,38, ,
260,39, ,
260,40, ,
260,41, ,
260,42, ,
260,43, ,
260,44, ,
260,45, ,
260,46, ,
260,47, ,
260,48, ,
260,49, ,
260,50, ,
260,51, ,
260,52, ,
260,53, ,
260,54, ,
260,55, ,
260,56, ,
260,57, ,
260,58, ,
260,59, ,
260,60, ,
260,61, ,
260,62, ,
260,63, ,
260,64, ,
260,65, ,
260,66, ,
260,67, ,
260,100, ,
260,101, ,
260,102, ,
260,103, ,
260,104, ,
260,105, ,
260,106, ,
260,107, ,
260,108, ,
260,109, ,
260,110, ,
260,111, ,
260,112, ,
260,113, ,
260,114, ,
260,115, ,
260,116, ,
260,117, ,
260,118, ,
260,119, ,
260,120, ,
260,121, ,
260,122, ,
260,123, ,
260,124, ,
260,125, ,
260,126, ,
260,127, ,
260,128, ,
260,129, ,
260,130, ,
260,131, ,
260,132, ,
260,133, ,
260,134, ,
260,135, ,
260,136, ,
260,137, ,
260,138, ,
260,139, ,
260,140, ,
260,141, ,
260,142, ,
260,143, ,
260,144, ,
260,145, ,
260,146, ,
260,147, ,
260,148, ,
260,149, ,
260,150, ,
260,151, ,
260,152, ,
260,153, ,
260,154, ,
260,155, ,
260,156, ,
260,157, ,
260,158, ,
260,159, ,
260,160, ,
260,161, ,
260,162, ,
260,163, ,
260,164, ,
260,165, ,
260,166, ,
260,167, ,
260,200, ,
260,201, ,
260,202, ,
260,203, ,
260,204, ,
260,205, ,
260,206, ,
260,207, ,
260,208, ,
260,209, ,
260,210, ,
260,211, ,
260,240, ,
260,241, ,
260,242, ,
260,243, ,
260,244, ,
260,245, ,
260,246, ,
260,247, ,
260,248, ,
260,249, ,
260,250, ,
260,251, ,
260,252, ,
260,253, ,
260,254, ,
260,255, ,
260,256, ,
260,257, ,
260,258, ,
260,259, ,
260,260, ,
260,261, ,
260,262, ,
260,263, ,
260,264, ,
260,265, ,
260,266, ,
260,267, ,
260,268, ,
260,269, ,
260,270, ,
260,271, ,
260,272, ,
260,273, ,
260,274, ,
260,275, ,
260,276, ,
260,277, ,
260,278, ,
260,279, ,
260,280, ,
260,281, ,
260,282, ,
260,283, ,
260,284, ,
260,285, ,
260,286, ,
260,287, ,
260,288, ,
260,289, ,
260,290, ,
260,291, ,
260,292, ,
260,293, ,
260,294, ,
260,295, ,
260,296, ,
260,297, ,
260,298, ,
260,299, ,
260,300, ,
260,301, ,
260,302, ,
260,303, ,
260,304, ,
260,305, ,
260,306, ,
260,307, ,
261,0, ,
261,1, ,
261,2, ,
261,3, ,
261,4, ,
261,5, ,
261,6, ,
261,7, ,
261,8, ,
261,9, ,
261,10, ,
261,11, ,
261,12, ,
261,13, ,
261,14, ,
261,15, ,
261,16, ,
261,17, ,
261,18, ,
261,19, ,
261,20, ,
261,21, ,
261,22, ,
261,23, ,
261,24, ,
261,25, ,
261,26, ,
261,27, ,
261,28, ,
261,29, ,
261,30, ,
261,31, ,
261,32, ,
261,33, ,
261,34, ,
261,35, ,
261,36, ,
261,37, ,
261,38, ,
261,39, ,
261,40, ,
261,41, ,
261,42, ,
261,43, ,
261,44, ,
261,45, ,
261,46, ,
261,47, ,
261,48, ,
261,49, ,
261,50, ,
261,51, ,
261,52, ,
261,53, ,
261,54, ,
261,55, ,
261,56, ,
261,57, ,
261,58, ,
261,59, ,
261,60, ,
261,61, ,
261,62, ,
261,63, ,
261,64, ,
261,65, ,
261,66, ,
261,67, ,
261,68, ,
261,69, ,
261,70, ,
261,71, ,
261,72, ,
261,73, ,
261,74, ,
261,75, ,
261,76, ,
261,77, ,
261,78, ,
261,79, ,
261,80, ,
261,81, ,
261,82, ,
261,83, ,
261,84, ,
261,85, ,
261,86, ,
261,87, ,
261,88, ,
261,89, ,
261,90, ,
261,91, ,
261,92, ,
261,93, ,
261,94, ,
261,95, ,
261,96, ,
261,97, ,
261,98, ,
261,99, ,
261,100, ,
261,101, ,
261,102, ,
261,103, ,
261,104, ,
261,105, ,
261,106, ,
261,107, ,
261,108, ,
261,109, ,
261,110, ,
261,111, ,
261,112, ,
261,113, ,
261,114, ,
261,115, ,
261,116, ,
261,117, ,
261,118, ,
261,119, ,
261,120, ,
261,121, ,
261,122, ,
261,123, ,
261,124, ,
261,125, ,
261,126, ,
261,127, ,
261,128, ,
261,129, ,
261,130, ,
261,131, ,
261,132, ,
261,133, ,
261,134, ,
261,135, ,
261,136, ,
261,137, ,
261,138, ,
261,139, ,
261,140, ,
261,141, ,
261,142, ,
261,143, ,
261,144, ,
261,145, ,
261,146, ,
261,147, ,
261,148, ,
261,149, ,
261,150, ,
261,151, ,
261,152, ,
261,153, ,
261,154, ,
261,155, ,
261,156, ,
261,157, ,
261,158, ,
261,159, ,
261,160, ,
261,161, ,
261,162, ,
261,163, ,
261,164, ,
261,165, ,
261,166, ,
261,167, ,
261,168, ,
261,169, ,
261,170, ,
261,171, ,
261,172, ,
261,173, ,
261,174, ,
261,175, ,
261,176, ,
261,177, ,
261,178, ,
261,179, ,
261,180, ,
261,181, ,
261,182, ,
261,183, ,
261,184, ,
261,185, ,
261,186, ,
261,187, ,
261,188, ,
301,0, ,
301,1, ,
301,2,randomOption_Armor.bin,
301,3,randomOption_Armor.bin,
301,4,randomOption_Ring.bin,
301,5,randomOption_Ring.bin,
301,6,randomOption_Ring.bin,
301,7,randomOption_Ring.bin,
301,8,randomOption_Ring.bin,
301,9,randomOption_Ring.bin,
301,10,randomOption_Necklace.bin,
301,11,randomOption_Necklace.bin,
301,12,randomOption_Necklace.bin,
301,13,randomOption_Necklace.bin,
301,14,randomOption_Necklace.bin,
301,15,randomOption_Necklace.bin,
301,16,randomOption_Bracelet.bin,
301,17,randomOption_Bracelet.bin,
301,18,randomOption_Bracelet.bin,
301,19,randomOption_Bracelet.bin,
301,20,randomOption_Bracelet.bin,
301,21,randomOption_Bracelet.bin,
301,22,randomOption_Armor.bin,
301,23,randomOption_Armor.bin,
301,24, ,
301,25, ,
301,26, ,
301,27, ,
301,28, ,
301,29, ,
301,30, ,
301,31, ,
301,32, ,
301,33, ,
301,34, ,
301,35, ,
301,36, ,
301,37, ,
301,38, ,
301,39, ,
301,40, ,
301,41, ,
301,42, ,
301,43, ,
301,44, ,
301,45, ,
301,46, ,
301,47, ,
301,48, ,
301,49, ,
301,50, ,
301,51, ,
301,52, ,
301,53, ,
301,54, ,
301,55, ,
301,56, ,
301,57, ,
301,58, ,
301,59, ,
301,60, ,
301,61, ,
301,62, ,
301,63, ,
301,64, ,
301,65, ,
301,66, ,
301,67, ,
301,68, ,
301,69, ,
301,70, ,
301,71, ,
301,72, ,
301,73, ,
301,74, ,
301,75, ,
301,76, ,
301,77, ,
301,78, ,
301,79, ,
301,80, ,
301,81, ,
301,82, ,
301,83, ,
301,84, ,
301,85, ,
301,86, ,
301,87, ,
301,88, ,
301,89, ,
301,90, ,
301,91, ,
301,92, ,
301,93, ,
301,94, ,
301,95, ,
301,96, ,
301,97, ,
301,98, ,
301,99, ,
301,100, ,
301,101,randomOption_Ring.bin,
301,102,randomOption_Ring.bin,
301,103,randomOption_Ring.bin,
301,104,randomOption_Ring.bin,
301,105,randomOption_Ring.bin,
301,106,randomOption_Ring.bin,
301,107,randomOption_Necklace.bin,
301,108,randomOption_Necklace.bin,
301,109,randomOption_Necklace.bin,
301,110,randomOption_Necklace.bin,
301,111,randomOption_Necklace.bin,
301,112,randomOption_Necklace.bin,
301,113, ,
301,114, ,
301,115,randomOption_Armor.bin,
301,116,randomOption_Armor.bin,
301,117,randomOption_Armor.bin,
301,118,randomOption_Armor.bin,
301,119,randomOption_Armor.bin,
301,120,randomOption_Armor.bin,
301,121, ,
301,122, ,
301,123, ,
301,124, ,
301,125, ,
301,126, ,
301,127, ,
301,128, ,
301,129, ,
301,130, ,
301,131, ,
301,132, ,
301,133, ,
301,134, ,
301,135, ,
301,136, ,
301,137, ,
301,138, ,
301,139, ,
301,140, ,
301,141, ,
301,142, ,
301,143, ,
301,144, ,
301,145, ,
301,146, ,
301,147, ,
301,148, ,
301,149, ,
301,150, ,
301,151, ,
301,152, ,
301,153, ,
301,154, ,
301,155, ,
301,156, ,
301,157, ,
301,158, ,
301,159, ,
301,160, ,
301,161, ,
301,162, ,
301,163, ,
301,164, ,
301,165, ,
301,166, ,
301,167, ,
301,168, ,
301,169, ,
301,170, ,
301,171, ,
301,172, ,
301,173, ,
301,174, ,
301,175, ,
301,176, ,
301,177, ,
301,178, ,
301,179, ,
301,180, ,
301,181, ,
301,182, ,
301,183, ,
301,184, ,
301,185, ,
301,186, ,
301,187, ,
301,188, ,
301,189, ,
301,190, ,
301,191, ,
301,192, ,
301,193, ,
301,194, ,
301,195, ,
301,196, ,
301,197, ,
301,198, ,
301,199, ,
301,200, ,
301,201,randomOption_Armor.bin,
301,202,randomOption_Armor.bin,
301,203,randomOption_Armor.bin,
301,204,randomOption_Armor.bin,
301,205,randomOption_Armor.bin,
301,206,randomOption_Armor.bin,
301,207,randomOption_Armor.bin,
301,208,randomOption_Armor.bin,
301,209,randomOption_Ring.bin,
301,210,randomOption_Ring.bin,
301,211,randomOption_Ring.bin,
301,212,randomOption_Ring.bin,
301,213,randomOption_Ring.bin,
301,214,randomOption_Ring.bin,
301,215,randomOption_Ring.bin,
301,216,randomOption_Ring.bin,
301,217,randomOption_Ring.bin,
301,218,randomOption_Ring.bin,
301,219,randomOption_Ring.bin,
301,220,randomOption_Ring.bin,
301,221,randomOption_Ring.bin,
301,222,randomOption_Ring.bin,
301,223,randomOption_Ring.bin,
301,224,randomOption_Ring.bin,
301,225,randomOption_Ring.bin,
301,226,randomOption_Ring.bin,
301,227,randomOption_Ring.bin,
301,228,randomOption_Ring.bin,
301,229,randomOption_Ring.bin,
301,230,randomOption_Ring.bin,
301,231,randomOption_Ring.bin,
301,232,randomOption_Ring.bin,
301,233, ,
301,234, ,
301,235, ,
301,236,randomOption_Weapon_Act_9.bin,
301,237,randomOption_Weapon_Act_10.bin,
301,238,randomOption_Weapon_Act.bin,
301,239,randomOption_Weapon_Act_9.bin,
301,240,randomOption_Weapon_Act_10.bin,
301,241,randomOption_Weapon_Act.bin,
301,242,randomOption_Weapon_Act_9.bin,
301,243,randomOption_Weapon_Act_10.bin,
301,244,randomOption_Weapon_Act.bin,
301,245,randomOption_Weapon_Act_9.bin,
301,246,randomOption_Weapon_Act_10.bin,
301,247,randomOption_Weapon_Act.bin,
301,248,randomOption_Weapon_Act_9.bin,
301,249,randomOption_Weapon_Act_10.bin,
301,250,randomOption_Weapon_Act.bin,
301,251,randomOption_Weapon_Act_9.bin,
301,252,randomOption_Weapon_Act_10.bin,
301,253,randomOption_Weapon_Act.bin,
301,254,randomOption_Weapon_Act_9.bin,
301,255,randomOption_Weapon_Act_10.bin,
301,256,randomOption_Weapon_Act.bin,
301,257,randomOption_Weapon_Act_9.bin,
301,258,randomOption_Weapon_Act_10.bin,
301,259,randomOption_Weapon_Act.bin,
301,260,randomOption_Weapon_Act_9.bin,
301,261,randomOption_Weapon_Act_10.bin,
301,262,randomOption_Weapon_Act.bin,
301,263,randomOption_Weapon_Act_9.bin,
301,264,randomOption_Weapon_Act_10.bin,
301,265,randomOption_Weapon_Act.bin,
301,266,randomOption_Weapon_Act_9.bin,
301,267,randomOption_Weapon_Act_10.bin,
301,268,randomOption_Weapon_Act.bin,
301,269,randomOption_Weapon_Act_9.bin,
301,270,randomOption_Weapon_Act_10.bin,
301,271,randomOption_Weapon_Act.bin,
301,272,randomOption_Weapon_Act_9.bin,
301,273,randomOption_Weapon_Act_10.bin,
301,274,randomOption_Weapon_Act.bin,
301,275,randomOption_Weapon_Act_9.bin,
301,276,randomOption_Weapon_Act_10.bin,
301,277,randomOption_Weapon_Act.bin,
301,278,randomOption_Weapon_Act_9.bin,
301,279,randomOption_Weapon_Act_10.bin,
301,280,randomOption_Weapon_Act.bin,
301,281,randomOption_Weapon_Act_9.bin,
301,282,randomOption_Weapon_Act_10.bin,
301,283,randomOption_Weapon_Act.bin,
301,284,randomOption_Weapon_Act_9.bin,
301,285,randomOption_Weapon_Act_10.bin,
301,286,randomOption_Weapon_Act.bin,
301,287,randomOption_Weapon_Act_9.bin,
301,288,randomOption_Weapon_Act_10.bin,
301,289,randomOption_Weapon_Act.bin,
301,290,randomOption_Weapon_Act_9.bin,
301,291,randomOption_Weapon_Act_10.bin,
301,292,randomOption_Weapon_Act.bin,
301,293,randomOption_Weapon_Act_9.bin,
301,294,randomOption_Weapon_Act_10.bin,
301,295,randomOption_Weapon_Act.bin,
301,296, ,
301,297, ,
301,298, ,
301,299, ,
301,300, ,
301,301, ,
301,302, ,
301,303, ,
301,304, ,
301,305, ,
301,306, ,
301,307, ,
301,308, ,
301,309, ,
301,310, ,
301,311, ,
301,312, ,
301,313, ,
301,314, ,
301,315, ,
301,316, ,
301,317, ,
301,318, ,
301,319, ,
301,320, ,
301,321, ,
301,322, ,
301,323, ,
301,324, ,
301,325, ,
301,326, ,
301,327, ,
301,328, ,
301,329, ,
301,330, ,
301,331, ,
301,332, ,
301,333, ,
301,334, ,
301,335, ,
301,336, ,
301,337, ,
301,338, ,
301,339, ,
301,340, ,
301,341, ,
301,342, ,
301,343, ,
301,344, ,
301,345, ,
301,346, ,
301,347, ,
301,348, ,
301,349, ,
301,350, ,
301,351, ,
301,352, ,
301,353, ,
301,354, ,
301,355, ,
301,357,randomOption_Armor.bin,
301,358,randomOption_Armor.bin,
301,359,randomOption_Armor.bin,
301,360,randomOption_Armor.bin,
301,361,randomOption_Ring.bin,
301,362,randomOption_Ring.bin,
301,363,randomOption_Ring.bin,
301,364,randomOption_Ring.bin,
301,365,randomOption_Ring.bin,
301,366,randomOption_Ring.bin,
301,367,randomOption_Ring.bin,
301,368,randomOption_Ring.bin,
301,369,randomOption_Ring.bin,
301,370,randomOption_Ring.bin,
301,371,randomOption_Ring.bin,
301,372,randomOption_Ring.bin,
301,373, ,
301,374, ,
301,375, ,
301,376, ,
301,377, ,
301,378, ,
301,379, ,
301,380, ,
301,381, ,
301,382, ,
301,383, ,
301,384, ,
301,385, ,
301,386, ,
301,387, ,
301,388, ,
301,389, ,
301,390, ,
301,391, ,
301,392, ,
301,393, ,
301,412,randomOption_Necklace.bin,
301,413,randomOption_Necklace.bin,
301,414,randomOption_Necklace.bin,
301,415,randomOption_Bracelet.bin,
301,416,randomOption_Bracelet.bin,
301,417,randomOption_Bracelet.bin,
301,418,randomOption_Ring.bin,
301,419,randomOption_Ring.bin,
301,420,randomOption_Ring.bin,
301,421,randomOption_Weapon_Act_9.bin,
301,422,randomOption_Weapon_Act_10.bin,
301,423,randomOption_Weapon_Act.bin,
301,424,randomOption_Weapon_Act_9.bin,
301,425,randomOption_Weapon_Act_10.bin,
301,426,randomOption_Weapon_Act.bin,
301,427,randomOption_Weapon_Act_9.bin,
301,428,randomOption_Weapon_Act_10.bin,
301,429,randomOption_Weapon_Act.bin,
301,430, ,
301,431, ,
301,432, ,
301,433, ,
301,434, ,
301,435, ,
301,436, ,
301,437, ,
301,438, ,
302,0, ,
302,1,randomOption_Necklace.bin,
302,2,randomOption_Necklace.bin,
302,3,randomOption_Necklace.bin,
302,4,randomOption_Necklace.bin,
302,5,randomOption_Bracelet.bin,
302,6,randomOption_Bracelet.bin,
302,7,randomOption_Bracelet.bin,
302,8,randomOption_Armor.bin,
302,9,randomOption_Armor.bin,
302,10,randomOption_Ring.bin,
302,11,randomOption_Ring.bin,
302,12,randomOption_Necklace.bin,
302,13,randomOption_Necklace.bin,
302,14,randomOption_Necklace.bin,
302,15,randomOption_Necklace.bin,
302,16,randomOption_Bracelet.bin,
302,17,randomOption_Bracelet.bin,
302,18,randomOption_Bracelet.bin,
302,19,randomOption_Armor.bin,
302,20,randomOption_Armor.bin,
302,21,randomOption_Ring.bin,
302,22,randomOption_Ring.bin,
302,23, ,
302,24, ,
302,25, ,
302,26, ,
302,27, ,
302,28, ,
302,29, ,
302,30, ,
302,31, ,
302,32, ,
302,33, ,
302,34,randomOption_Necklace.bin,
302,35,randomOption_Necklace.bin,
302,36,randomOption_Necklace.bin,
302,37,randomOption_Necklace.bin,
302,38,randomOption_Bracelet.bin,
302,39,randomOption_Bracelet.bin,
302,40,randomOption_Bracelet.bin,
302,41,randomOption_Armor.bin,
302,42,randomOption_Armor.bin,
302,43,randomOption_Ring.bin,
302,44,randomOption_Ring.bin,
302,45,randomOption_Necklace.bin,
302,46,randomOption_Necklace.bin,
302,47,randomOption_Necklace.bin,
302,48,randomOption_Necklace.bin,
302,49,randomOption_Bracelet.bin,
302,50,randomOption_Bracelet.bin,
302,51,randomOption_Bracelet.bin,
302,52,randomOption_Armor.bin,
302,53,randomOption_Armor.bin,
302,54,randomOption_Ring.bin,
302,55,randomOption_Ring.bin,
302,56, ,
302,57, ,
302,58, ,
302,59, ,
302,60, ,
302,61, ,
302,62, ,
302,63, ,
302,64, ,
302,65, ,
302,66, ,
302,67, ,
302,68, ,
302,69, ,
302,70, ,
302,71, ,
302,72, ,
302,73, ,
302,74, ,
302,75, ,
302,76, ,
302,77, ,
302,78, ,
302,79, ,
302,80, ,
302,81, ,
302,82, ,
302,83, ,
302,84, ,
302,85, ,
302,86, ,
302,87, ,
302,88, ,
302,89, ,
302,90, ,
302,91, ,
302,92, ,
302,93, ,
302,94, ,
302,95, ,
302,96, ,
302,97, ,
302,98, ,
302,99, ,
302,100, ,
302,101, ,
302,102, ,
302,103, ,
302,104, ,
302,105, ,
302,106, ,
302,107, ,
303,0, ,
303,1, ,
303,2, ,
303,3, ,
303,4, ,
303,5, ,
303,6, ,
303,7, ,
303,8, ,
303,9, ,
303,10, ,
303,11, ,
303,12, ,
303,13, ,
303,14, ,
303,15, ,
303,16, ,
303,17, ,
303,18, ,
303,19, ,
303,20, ,
303,21, ,
303,22, ,
303,23, ,
303,24, ,
303,25, ,
303,26, ,
303,27, ,
303,29, ,
303,30, ,
303,41, ,
303,42, ,
303,101, ,
303,102, ,
303,103, ,
303,104, ,
303,105, ,
303,106, ,
303,107, ,
303,108, ,
303,109, ,
303,110, ,
303,111, ,
303,112, ,
303,113, ,
303,114, ,
303,115, ,
304,0, ,
304,1,randomOption_Weapon.bin,
304,2,randomOption_Weapon.bin,
304,3,randomOption_Weapon.bin,
304,4,randomOption_Weapon.bin,
304,5,randomOption_Weapon.bin,
304,6,randomOption_Weapon.bin,
304,7,randomOption_Weapon.bin,
304,8,randomOption_Weapon.bin,
304,9,randomOption_Weapon.bin,
304,10,randomOption_Weapon.bin,
304,11,randomOption_Weapon.bin,
304,12,randomOption_Weapon.bin,
304,13,randomOption_Weapon.bin,
304,14,randomOption_Weapon.bin,
304,18,randomOption_Weapon.bin,
304,19,randomOption_Weapon.bin,
304,20,randomOption_Weapon.bin,
304,21,randomOption_Weapon.bin,
304,22,randomOption_Weapon.bin,
304,23,randomOption_Weapon.bin,
304,24,randomOption_Weapon.bin,
304,25,randomOption_Weapon.bin,
304,26,randomOption_Weapon.bin,
304,27,randomOption_Weapon.bin,
304,28,randomOption_Weapon.bin,
304,29,randomOption_Weapon.bin,
304,30,randomOption_Weapon.bin,
304,31,randomOption_Weapon.bin,
304,35,randomOption_Weapon.bin,
304,36,randomOption_Weapon.bin,
304,37,randomOption_Weapon.bin,
304,38,randomOption_Weapon.bin,
304,39,randomOption_Weapon.bin,
304,40,randomOption_Weapon.bin,
304,41,randomOption_Weapon.bin,
304,42,randomOption_Weapon.bin,
304,43,randomOption_Weapon.bin,
304,44,randomOption_Weapon.bin,
304,45,randomOption_Weapon.bin,
304,46,randomOption_Weapon.bin,
304,47,randomOption_Weapon.bin,
304,48,randomOption_Weapon.bin,
304,52,randomOption_Weapon.bin,
304,53,randomOption_Weapon.bin,
304,54,randomOption_Weapon.bin,
304,55,randomOption_Weapon.bin,
304,56,randomOption_Weapon.bin,
304,57,randomOption_Weapon.bin,
304,58,randomOption_Weapon.bin,
304,59,randomOption_Weapon.bin,
304,60,randomOption_Weapon.bin,
304,61,randomOption_Weapon.bin,
304,62,randomOption_Weapon.bin,
304,63,randomOption_Weapon.bin,
304,64,randomOption_Weapon.bin,
304,65,randomOption_Weapon.bin,
304,69,randomOption_Weapon.bin,
304,70,randomOption_Weapon.bin,
304,71,randomOption_Weapon.bin,
304,72,randomOption_Weapon.bin,
304,73,randomOption_Weapon.bin,
304,74,randomOption_Weapon.bin,
304,75,randomOption_Weapon.bin,
304,76,randomOption_Weapon.bin,
304,77,randomOption_Weapon.bin,
304,78,randomOption_Weapon.bin,
304,79,randomOption_Weapon.bin,
304,80,randomOption_Weapon.bin,
304,81,randomOption_Weapon.bin,
304,82,randomOption_Weapon.bin,
304,86,randomOption_Weapon.bin,
304,87,randomOption_Weapon.bin,
304,88,randomOption_Weapon.bin,
304,89,randomOption_Weapon.bin,
304,90,randomOption_Weapon.bin,
304,91,randomOption_Weapon.bin,
304,92,randomOption_Weapon.bin,
304,93,randomOption_Weapon.bin,
304,94,randomOption_Weapon.bin,
304,95,randomOption_Weapon.bin,
304,96,randomOption_Weapon.bin,
304,97,randomOption_Weapon.bin,
304,98,randomOption_Weapon.bin,
304,99,randomOption_Weapon.bin,
304,103,randomOption_Weapon.bin,
304,104,randomOption_Weapon.bin,
304,105,randomOption_Weapon.bin,
304,106,randomOption_Weapon.bin,
304,107,randomOption_Weapon.bin,
304,108,randomOption_Weapon.bin,
304,109,randomOption_Weapon.bin,
304,110,randomOption_Weapon.bin,
304,111,randomOption_Weapon.bin,
304,112,randomOption_Weapon.bin,
304,113,randomOption_Weapon.bin,
304,114,randomOption_Weapon.bin,
304,115,randomOption_Weapon.bin,
304,116,randomOption_Weapon.bin,
304,120,randomOption_Weapon.bin,
304,121,randomOption_Weapon.bin,
304,122,randomOption_Weapon.bin,
304,123,randomOption_Weapon.bin,
304,124,randomOption_Weapon.bin,
304,125,randomOption_Weapon.bin,
304,126,randomOption_Weapon.bin,
304,127,randomOption_Weapon.bin,
304,128,randomOption_Weapon.bin,
304,129,randomOption_Weapon.bin,
304,130,randomOption_Weapon.bin,
304,131,randomOption_Weapon.bin,
304,132,randomOption_Weapon.bin,
304,133,randomOption_Weapon.bin,
304,134,randomOption_Weapon.bin,
304,135,randomOption_Weapon.bin,
304,136,randomOption_Weapon.bin,
304,137,randomOption_Weapon.bin,
304,138,randomOption_Weapon.bin,
304,139,randomOption_Weapon.bin,
304,140,randomOption_Weapon.bin,
304,141,randomOption_Weapon.bin,
304,145,randomOption_WeaponBD.bin,
304,146,randomOption_WeaponBD.bin,
304,147,randomOption_WeaponBD.bin,
304,148,randomOption_WeaponBD.bin,
304,149,randomOption_WeaponBD.bin,
304,150,randomOption_WeaponBD.bin,
304,151,randomOption_WeaponBD.bin,
304,152,randomOption_WeaponBD.bin,
304,153,randomOption_WeaponBD.bin,
304,154,randomOption_WeaponBD.bin,
304,155,randomOption_WeaponBD.bin,
304,156,randomOption_WeaponBD.bin,
304,157,randomOption_WeaponBD.bin,
304,158,randomOption_WeaponBD.bin,
304,159,randomOption_WeaponBD.bin,
304,160,randomOption_WeaponBD.bin,
304,161,randomOption_WeaponBD.bin,
304,162,randomOption_WeaponBD.bin,
304,163,randomOption_WeaponBD.bin,
304,164,randomOption_WeaponBD.bin,
304,168,randomOption_WeaponBD.bin,
304,169,randomOption_WeaponBD.bin,
304,170,randomOption_WeaponBD.bin,
304,201,randomOption_WeaponFD.bin,
304,202,randomOption_WeaponFD.bin,
304,203,randomOption_WeaponFD.bin,
304,204,randomOption_WeaponFD.bin,
304,205,randomOption_WeaponFD.bin,
304,206,randomOption_WeaponFD.bin,
304,207,randomOption_WeaponFD.bin,
304,208,randomOption_WeaponFD.bin,
304,209,randomOption_WeaponFD.bin,
304,210,randomOption_WeaponFD.bin,
304,211,randomOption_WeaponFD.bin,
304,212,randomOption_WeaponFD.bin,
304,213,randomOption_WeaponFD.bin,
304,214,randomOption_WeaponFD.bin,
304,215,randomOption_WeaponFD.bin,
304,216,randomOption_WeaponFD.bin,
304,217,randomOption_WeaponFD.bin,
305,0, ,
305,1, ,
305,2, ,
305,3, ,
305,4, ,
305,5, ,
305,6, ,
305,7, ,
305,8, ,
305,9, ,
305,10, ,
305,11, ,
305,12, ,
305,13, ,
305,14, ,
305,15, ,
305,16, ,
305,17, ,
305,18, ,
305,19, ,
305,20, ,
305,21, ,
305,22, ,
305,23, ,
305,24, ,
305,25, ,
305,26, ,
305,27, ,
305,28, ,
305,29, ,
305,30, ,
305,31, ,
305,32, ,
305,33, ,
305,34, ,
306,0, ,
306,1, ,
306,2,randomOption_Ring.bin,
306,3,randomOption_Ring.bin,
306,4,randomOption_Ring.bin,
306,5,randomOption_Ring.bin,
306,6,randomOption_Ring.bin,
306,7,randomOption_Ring.bin,
306,8,randomOption_Ring.bin,
306,9,randomOption_Ring.bin,
306,10,randomOption_Ring.bin,
306,11,randomOption_Ring.bin,
306,12,randomOption_Ring.bin,
306,13,randomOption_Ring.bin,
306,14,randomOption_Ring.bin,
306,15,randomOption_Ring.bin,
306,16,randomOption_Ring.bin,
306,17,randomOption_Ring.bin,
306,18,randomOption_Ring.bin,
306,19,randomOption_Ring.bin,
306,20,randomOption_Ring.bin,
306,21,randomOption_Ring.bin,
306,22,randomOption_Ring.bin,
306,23,randomOption_Ring.bin,
306,24,randomOption_Ring.bin,
306,25,randomOption_Ring.bin,
306,26,randomOption_Ring.bin,
306,27,randomOption_Ring.bin,
306,28,randomOption_Ring.bin,
306,29,randomOption_Ring.bin,
306,30,randomOption_Ring.bin,
306,31,randomOption_Ring.bin,
306,32,randomOption_Ring.bin,
306,33,randomOption_Ring.bin,
306,34,randomOption_Ring.bin,
306,35,randomOption_Ring.bin,
306,36,randomOption_Ring.bin,
306,37,randomOption_Ring.bin,
306,38,randomOption_Ring.bin,
306,39,randomOption_Ring.bin,
306,40,randomOption_Ring.bin,
306,41,randomOption_Ring.bin,
306,42,randomOption_Ring.bin,
306,43,randomOption_Ring.bin,
306,44, ,
306,45, ,
306,46, ,
306,47, ,
306,48, ,
306,49, ,
306,50, ,
306,51, ,
306,52, ,
306,53, ,
306,54, ,
306,55, ,
306,56, ,
306,57, ,
306,58, ,
306,59, ,
306,60, ,
306,61, ,
306,62, ,
306,63, ,
306,64, ,
306,65, ,
306,66, ,
306,67, ,
306,68, ,
306,69, ,
306,70, ,
306,71, ,
306,72, ,
306,73, ,
306,74, ,
306,75, ,
306,76, ,
306,77, ,
306,78, ,
306,79, ,
306,80, ,
306,81,randomOption_Bracelet.bin,
306,82,randomOption_Bracelet.bin,
306,83,randomOption_Bracelet.bin,
306,84,randomOption_Bracelet.bin,
306,85,randomOption_Bracelet.bin,
306,86,randomOption_Bracelet.bin,
306,87,randomOption_Bracelet.bin,
306,88,randomOption_Bracelet.bin,
306,89,randomOption_Bracelet.bin,
306,90,randomOption_Bracelet.bin,
306,91,randomOption_Bracelet.bin,
306,92,randomOption_Bracelet.bin,
306,93,randomOption_Bracelet.bin,
306,94,randomOption_Bracelet.bin,
306,95,randomOption_Bracelet.bin,
306,96,randomOption_Bracelet.bin,
306,97,randomOption_Bracelet.bin,
306,98,randomOption_Bracelet.bin,
306,99,randomOption_Bracelet.bin,
306,100,randomOption_Bracelet.bin,
306,101,randomOption_Bracelet.bin,
306,102,randomOption_Bracelet.bin,
306,103,randomOption_Bracelet.bin,
306,104,randomOption_Bracelet.bin,
306,105,randomOption_Bracelet.bin,
306,106,randomOption_Bracelet.bin,
306,107,randomOption_Bracelet.bin,
306,108,randomOption_Bracelet.bin,
306,109,randomOption_Bracelet.bin,
306,110,randomOption_Bracelet.bin,
306,111,randomOption_Bracelet.bin,
306,112,randomOption_Bracelet.bin,
306,113,randomOption_Bracelet.bin,
306,114,randomOption_Bracelet.bin,
306,115,randomOption_Bracelet.bin,
306,116,randomOption_Bracelet.bin,
306,117,randomOption_Bracelet.bin,
306,118,randomOption_Bracelet.bin,
306,119,randomOption_Bracelet.bin,
306,120, ,
306,121, ,
306,122, ,
306,123, ,
306,124, ,
306,125, ,
306,126, ,
306,127, ,
306,128, ,
306,129, ,
306,130, ,
306,131, ,
306,132, ,
306,133, ,
306,134, ,
306,135, ,
306,136, ,
306,137, ,
306,138, ,
306,139, ,
306,140, ,
306,141, ,
306,142, ,
306,143, ,
306,144, ,
306,145, ,
306,146, ,
306,147, ,
306,148, ,
306,149, ,
306,150, ,
306,151, ,
306,152, ,
306,153, ,
306,154, ,
306,155, ,
306,156, ,
306,157, ,
306,158, ,
306,159, ,
306,160, ,
306,161,randomOption_Necklace.bin,
306,162,randomOption_Necklace.bin,
306,163,randomOption_Necklace.bin,
306,164,randomOption_Necklace.bin,
306,165,randomOption_Necklace.bin,
306,166,randomOption_Necklace.bin,
306,167,randomOption_Necklace.bin,
306,168,randomOption_Necklace.bin,
306,169,randomOption_Necklace.bin,
306,170,randomOption_Necklace.bin,
306,171,randomOption_Necklace.bin,
306,172,randomOption_Necklace.bin,
306,173,randomOption_Necklace.bin,
306,174,randomOption_Necklace.bin,
306,175,randomOption_Necklace.bin,
306,176,randomOption_Necklace.bin,
306,177,randomOption_Necklace.bin,
306,178,randomOption_Necklace.bin,
306,179,randomOption_Necklace.bin,
306,180,randomOption_Necklace.bin,
306,181,randomOption_Necklace.bin,
306,182,randomOption_Necklace.bin,
306,183,randomOption_Necklace.bin,
306,184,randomOption_Necklace.bin,
306,185,randomOption_Necklace.bin,
306,186,randomOption_Necklace.bin,
306,187,randomOption_Necklace.bin,
306,188,randomOption_Necklace.bin,
306,189,randomOption_Necklace.bin,
306,190,randomOption_Necklace.bin,
306,191,randomOption_Necklace.bin,
306,192,randomOption_Necklace.bin,
306,193,randomOption_Necklace.bin,
306,194,randomOption_Necklace.bin,
306,195,randomOption_Necklace.bin,
306,196,randomOption_Necklace.bin,
306,197,randomOption_Necklace.bin,
306,198,randomOption_Necklace.bin,
306,199,randomOption_Necklace.bin,
306,200,randomOption_Necklace.bin,
306,201,randomOption_Necklace.bin,
306,202,randomOption_Necklace.bin,
306,203,randomOption_Necklace.bin,
306,204,randomOption_Necklace.bin,
306,205,randomOption_Necklace.bin,
306,206, ,
306,207, ,
306,208, ,
306,209, ,
306,210, ,
306,211, ,
306,212, ,
306,213, ,
306,214, ,
306,215, ,
306,216, ,
306,217, ,
306,218, ,
306,219, ,
306,220, ,
306,221, ,
306,222, ,
306,223, ,
306,224, ,
306,225, ,
306,226, ,
306,227, ,
306,228, ,
306,229, ,
306,230, ,
306,231, ,
306,232, ,
306,233, ,
306,234, ,
306,235, ,
306,236, ,
306,237, ,
306,238, ,
306,239, ,
306,240, ,
306,241, ,
307,0, ,
307,1, ,
307,2, ,
307,3, ,
307,4, ,
307,5, ,
307,6, ,
307,7, ,
307,8, ,
307,9, ,
307,10, ,
307,11, ,
307,12, ,
307,13, ,
307,14, ,
307,15, ,
307,16, ,
307,17, ,
307,18, ,
307,19, ,
307,20, ,
307,21, ,
307,22, ,
307,23, ,
307,24, ,
307,25, ,
307,26, ,
307,27, ,
307,28, ,
307,29, ,
307,30, ,
307,31, ,
307,32, ,
307,33, ,
307,34, ,
307,35, ,
307,36, ,
307,37, ,
307,38, ,
307,39, ,
307,40, ,
307,41, ,
307,42, ,
307,43, ,
307,44, ,
307,45, ,
307,46, ,
307,47, ,
307,48, ,
307,49, ,
307,50, ,
307,51, ,
307,52, ,
307,53, ,
307,54, ,
307,55, ,
307,56, ,
307,57, ,
307,58, ,
307,59, ,
307,60, ,
307,61, ,
307,62, ,
307,63, ,
307,64, ,
307,65, ,
307,66, ,
307,67, ,
307,68, ,
307,69, ,
307,70, ,
307,71, ,
307,72, ,
307,73, ,
307,74, ,
307,75, ,
307,76, ,
307,77, ,
307,78, ,
307,79, ,
307,80, ,
307,81, ,
307,82, ,
307,83, ,
307,84, ,
307,85, ,
307,86, ,
307,87, ,
307,88, ,
307,89, ,
307,90, ,
307,92, ,
307,93, ,
307,94, ,
307,95, ,
307,96, ,
307,97, ,
307,98, ,
307,99, ,
307,100, ,
307,101, ,
307,102, ,
307,103, ,
307,104, ,
307,105, ,
307,106, ,
307,107, ,
308,0, ,
308,1,randomOption_Armor.bin,
308,2,randomOption_Armor.bin,
308,3,randomOption_Armor.bin,
308,4,randomOption_Armor.bin,
308,5,randomOption_Armor.bin,
308,6,randomOption_Armor.bin,
308,7,randomOption_Armor.bin,
308,8,randomOption_Armor.bin,
308,9,randomOption_Armor.bin,
308,10,randomOption_Armor.bin,
308,11,randomOption_Armor.bin,
308,12,randomOption_Armor.bin,
308,13,randomOption_Armor.bin,
308,14,randomOption_Armor.bin,
308,15,randomOption_Armor.bin,
308,16,randomOption_Armor.bin,
308,17,randomOption_Armor.bin,
308,18,randomOption_Armor.bin,
308,19,randomOption_Armor.bin,
308,20,randomOption_Earrings.bin,
309,0, ,
309,1, ,
309,2, ,
309,3, ,
309,4, ,
309,5, ,
309,6, ,
309,7, ,
309,8, ,
309,9, ,
309,10, ,
309,11, ,
309,12, ,
309,13, ,
309,14, ,
309,15, ,
309,16, ,
309,17, ,
309,18, ,
309,19, ,
309,20, ,
309,21, ,
309,22, ,
309,23, ,
309,24, ,
309,25, ,
309,26, ,
309,27, ,
309,28, ,
309,29, ,
309,30, ,
309,31, ,
309,32, ,
309,33, ,
309,34, ,
309,35, ,
309,36, ,
309,37, ,
309,38, ,
309,39, ,
309,40, ,
309,41, ,
309,42, ,
309,43, ,
309,44, ,
309,45, ,
309,46, ,
309,47, ,
309,48, ,
309,49, ,
309,50, ,
309,51, ,
309,52, ,
309,53, ,
309,54, ,
309,55, ,
309,56, ,
310,0, ,
310,1,randomOption_Armor.bin,
310,2,randomOption_Armor.bin,
310,3,randomOption_Armor.bin,
310,4,randomOption_Armor.bin,
310,5,randomOption_Armor.bin,
310,6,randomOption_Armor.bin,
310,8,randomOption_Armor.bin,
310,9,randomOption_Armor.bin,
310,10,randomOption_Armor.bin,
310,11,randomOption_Armor.bin,
310,12,randomOption_Armor.bin,
310,13,randomOption_Armor.bin,
310,15,randomOption_Armor.bin,
310,16,randomOption_Armor.bin,
310,17,randomOption_Armor.bin,
310,18,randomOption_Armor.bin,
310,19,randomOption_Armor.bin,
310,20,randomOption_Armor.bin,
310,22,randomOption_Armor.bin,
310,23,randomOption_Armor.bin,
310,24,randomOption_Armor.bin,
310,25,randomOption_Armor.bin,
310,26,randomOption_Armor.bin,
310,27,randomOption_Armor.bin,
310,29,randomOption_Armor.bin,
310,30,randomOption_Armor.bin,
310,31,randomOption_Armor.bin,
310,32,randomOption_Armor.bin,
310,33,randomOption_Armor.bin,
310,34,randomOption_Armor.bin,
310,36,randomOption_Armor.bin,
310,37,randomOption_Armor.bin,
310,38,randomOption_Armor.bin,
310,39,randomOption_Armor.bin,
310,40,randomOption_Armor.bin,
310,41,randomOption_Armor.bin,
310,43,randomOption_Armor.bin,
310,44,randomOption_Armor.bin,
310,45,randomOption_Armor.bin,
310,46,randomOption_Armor.bin,
310,47,randomOption_Armor.bin,
310,48,randomOption_Armor.bin,
310,50,randomOption_Armor.bin,
310,51,randomOption_Armor.bin,
310,52,randomOption_Armor.bin,
310,53,randomOption_Armor.bin,
310,54,randomOption_Armor.bin,
310,55,randomOption_Armor.bin,
310,57,randomOption_Armor.bin,
310,58,randomOption_Armor.bin,
310,59,randomOption_Armor.bin,
310,60,randomOption_Armor.bin,
310,61,randomOption_Armor.bin,
310,62,randomOption_Armor.bin,
310,64,randomOption_Armor.bin,
310,65,randomOption_Armor.bin,
310,66,randomOption_Armor.bin,
310,67,randomOption_Armor.bin,
310,68,randomOption_Armor.bin,
310,69,randomOption_Armor.bin,
310,71,randomOption_Armor.bin,
310,72,randomOption_Armor.bin,
310,73,randomOption_Armor.bin,
310,74,randomOption_Armor.bin,
310,75,randomOption_Armor.bin,
310,76,randomOption_Armor.bin,
310,78,randomOption_Armor.bin,
310,79,randomOption_Armor.bin,
310,80,randomOption_Armor.bin,
310,81,randomOption_Armor.bin,
310,82,randomOption_Armor.bin,
310,83,randomOption_Armor.bin,
310,85,randomOption_Armor.bin,
310,86,randomOption_Armor.bin,
310,87,randomOption_Armor.bin,
310,88,randomOption_Armor.bin,
310,89,randomOption_Armor.bin,
310,90,randomOption_Armor.bin,
310,92,randomOption_Armor.bin,
310,93,randomOption_Armor.bin,
310,94,randomOption_Armor.bin,
310,95,randomOption_Armor.bin,
310,96,randomOption_Armor.bin,
310,97,randomOption_Armor.bin,
310,99,randomOption_Armor.bin,
310,100,randomOption_Armor.bin,
310,101,randomOption_Armor.bin,
310,102,randomOption_Armor.bin,
310,103,randomOption_Armor.bin,
310,104,randomOption_Armor.bin,
310,131,randomOption_ArmorBD.bin,
310,132,randomOption_ArmorBD.bin,
310,133,randomOption_ArmorBD.bin,
310,134,randomOption_ArmorBD.bin,
310,135,randomOption_ArmorBD.bin,
310,136,randomOption_ArmorBD.bin,
310,141,randomOption_ArmorFD.bin,
310,142,randomOption_ArmorFD.bin,
310,143,randomOption_ArmorFD.bin,
310,144,randomOption_ArmorFD.bin,
310,145,randomOption_ArmorFD.bin,
310,146,randomOption_ArmorFD.bin,
311,0, ,
311,1,randomOption_Armor.bin,
311,2,randomOption_Armor.bin,
311,3,randomOption_Armor.bin,
311,4,randomOption_Armor.bin,
311,5,randomOption_Armor.bin,
311,6,randomOption_Armor.bin,
311,8,randomOption_Armor.bin,
311,9,randomOption_Armor.bin,
311,10,randomOption_Armor.bin,
311,11,randomOption_Armor.bin,
311,12,randomOption_Armor.bin,
311,13,randomOption_Armor.bin,
311,15,randomOption_Armor.bin,
311,16,randomOption_Armor.bin,
311,17,randomOption_Armor.bin,
311,18,randomOption_Armor.bin,
311,19,randomOption_Armor.bin,
311,20,randomOption_Armor.bin,
311,22,randomOption_Armor.bin,
311,23,randomOption_Armor.bin,
311,24,randomOption_Armor.bin,
311,25,randomOption_Armor.bin,
311,26,randomOption_Armor.bin,
311,27,randomOption_Armor.bin,
311,29,randomOption_Armor.bin,
311,30,randomOption_Armor.bin,
311,31,randomOption_Armor.bin,
311,32,randomOption_Armor.bin,
311,33,randomOption_Armor.bin,
311,34,randomOption_Armor.bin,
311,36,randomOption_Armor.bin,
311,37,randomOption_Armor.bin,
311,38,randomOption_Armor.bin,
311,39,randomOption_Armor.bin,
311,40,randomOption_Armor.bin,
311,41,randomOption_Armor.bin,
311,43,randomOption_Armor.bin,
311,44,randomOption_Armor.bin,
311,45,randomOption_Armor.bin,
311,46,randomOption_Armor.bin,
311,47,randomOption_Armor.bin,
311,48,randomOption_Armor.bin,
311,50,randomOption_Armor.bin,
311,51,randomOption_Armor.bin,
311,52,randomOption_Armor.bin,
311,53,randomOption_Armor.bin,
311,54,randomOption_Armor.bin,
311,55,randomOption_Armor.bin,
311,57,randomOption_Armor.bin,
311,58,randomOption_Armor.bin,
311,59,randomOption_Armor.bin,
311,60,randomOption_Armor.bin,
311,61,randomOption_Armor.bin,
311,62,randomOption_Armor.bin,
311,64,randomOption_Armor.bin,
311,65,randomOption_Armor.bin,
311,66,randomOption_Armor.bin,
311,67,randomOption_Armor.bin,
311,68,randomOption_Armor.bin,
311,69,randomOption_Armor.bin,
311,71,randomOption_Armor.bin,
311,72,randomOption_Armor.bin,
311,73,randomOption_Armor.bin,
311,74,randomOption_Armor.bin,
311,75,randomOption_Armor.bin,
311,76,randomOption_Armor.bin,
311,78,randomOption_Armor.bin,
311,79,randomOption_Armor.bin,
311,80,randomOption_Armor.bin,
311,81,randomOption_Armor.bin,
311,82,randomOption_Armor.bin,
311,83,randomOption_Armor.bin,
311,85,randomOption_Armor.bin,
311,86,randomOption_Armor.bin,
311,87,randomOption_Armor.bin,
311,88,randomOption_Armor.bin,
311,89,randomOption_Armor.bin,
311,90,randomOption_Armor.bin,
311,92,randomOption_Armor.bin,
311,93,randomOption_Armor.bin,
311,94,randomOption_Armor.bin,
311,95,randomOption_Armor.bin,
311,96,randomOption_Armor.bin,
311,97,randomOption_Armor.bin,
311,99,randomOption_Armor.bin,
311,100,randomOption_Armor.bin,
311,101,randomOption_Armor.bin,
311,102,randomOption_Armor.bin,
311,103,randomOption_Armor.bin,
311,104,randomOption_Armor.bin,
311,131,randomOption_ArmorBD.bin,
311,132,randomOption_ArmorBD.bin,
311,133,randomOption_ArmorBD.bin,
311,134,randomOption_ArmorBD.bin,
311,135,randomOption_ArmorBD.bin,
311,136,randomOption_ArmorBD.bin,
311,141,randomOption_ArmorFD.bin,
311,142,randomOption_ArmorFD.bin,
311,143,randomOption_ArmorFD.bin,
311,144,randomOption_ArmorFD.bin,
311,145,randomOption_ArmorFD.bin,
311,146,randomOption_ArmorFD.bin,
312,0, ,
312,1,randomOption_Armor.bin,
312,2,randomOption_Armor.bin,
312,3,randomOption_Armor.bin,
312,4,randomOption_Armor.bin,
312,5,randomOption_Armor.bin,
312,6,randomOption_Armor.bin,
312,8,randomOption_Armor.bin,
312,9,randomOption_Armor.bin,
312,10,randomOption_Armor.bin,
312,11,randomOption_Armor.bin,
312,12,randomOption_Armor.bin,
312,13,randomOption_Armor.bin,
312,15,randomOption_Armor.bin,
312,16,randomOption_Armor.bin,
312,17,randomOption_Armor.bin,
312,18,randomOption_Armor.bin,
312,19,randomOption_Armor.bin,
312,20,randomOption_Armor.bin,
312,22,randomOption_Armor.bin,
312,23,randomOption_Armor.bin,
312,24,randomOption_Armor.bin,
312,25,randomOption_Armor.bin,
312,26,randomOption_Armor.bin,
312,27,randomOption_Armor.bin,
312,29,randomOption_Armor.bin,
312,30,randomOption_Armor.bin,
312,31,randomOption_Armor.bin,
312,32,randomOption_Armor.bin,
312,33,randomOption_Armor.bin,
312,34,randomOption_Armor.bin,
312,36,randomOption_Armor.bin,
312,37,randomOption_Armor.bin,
312,38,randomOption_Armor.bin,
312,39,randomOption_Armor.bin,
312,40,randomOption_Armor.bin,
312,41,randomOption_Armor.bin,
312,43,randomOption_Armor.bin,
312,44,randomOption_Armor.bin,
312,45,randomOption_Armor.bin,
312,46,randomOption_Armor.bin,
312,47,randomOption_Armor.bin,
312,48,randomOption_Armor.bin,
312,50,randomOption_Armor.bin,
312,51,randomOption_Armor.bin,
312,52,randomOption_Armor.bin,
312,53,randomOption_Armor.bin,
312,54,randomOption_Armor.bin,
312,55,randomOption_Armor.bin,
312,57,randomOption_Armor.bin,
312,58,randomOption_Armor.bin,
312,59,randomOption_Armor.bin,
312,60,randomOption_Armor.bin,
312,61,randomOption_Armor.bin,
312,62,randomOption_Armor.bin,
312,64,randomOption_Armor.bin,
312,65,randomOption_Armor.bin,
312,66,randomOption_Armor.bin,
312,67,randomOption_Armor.bin,
312,68,randomOption_Armor.bin,
312,69,randomOption_Armor.bin,
312,71,randomOption_Armor.bin,
312,72,randomOption_Armor.bin,
312,73,randomOption_Armor.bin,
312,74,randomOption_Armor.bin,
312,75,randomOption_Armor.bin,
312,76,randomOption_Armor.bin,
312,78,randomOption_Armor.bin,
312,79,randomOption_Armor.bin,
312,80,randomOption_Armor.bin,
312,81,randomOption_Armor.bin,
312,82,randomOption_Armor.bin,
312,83,randomOption_Armor.bin,
312,85,randomOption_Armor.bin,
312,86,randomOption_Armor.bin,
312,87,randomOption_Armor.bin,
312,88,randomOption_Armor.bin,
312,89,randomOption_Armor.bin,
312,90,randomOption_Armor.bin,
312,92,randomOption_Armor.bin,
312,93,randomOption_Armor.bin,
312,94,randomOption_Armor.bin,
312,95,randomOption_Armor.bin,
312,96,randomOption_Armor.bin,
312,97,randomOption_Armor.bin,
312,99,randomOption_Armor.bin,
312,100,randomOption_Armor.bin,
312,101,randomOption_Armor.bin,
312,102,randomOption_Armor.bin,
312,103,randomOption_Armor.bin,
312,104,randomOption_Armor.bin,
312,131,randomOption_ArmorBD.bin,
312,132,randomOption_ArmorBD.bin,
312,133,randomOption_ArmorBD.bin,
312,134,randomOption_ArmorBD.bin,
312,135,randomOption_ArmorBD.bin,
312,136,randomOption_ArmorBD.bin,
312,141,randomOption_ArmorFD.bin,
312,142,randomOption_ArmorFD.bin,
312,143,randomOption_ArmorFD.bin,
312,144,randomOption_ArmorFD.bin,
312,145,randomOption_ArmorFD.bin,
312,146,randomOption_ArmorFD.bin,
313,0, ,
313,1,randomOption_Armor.bin,
313,2,randomOption_Armor.bin,
313,3,randomOption_Armor.bin,
313,4,randomOption_Armor.bin,
313,5,randomOption_Armor.bin,
313,6,randomOption_Armor.bin,
313,8,randomOption_Armor.bin,
313,9,randomOption_Armor.bin,
313,10,randomOption_Armor.bin,
313,11,randomOption_Armor.bin,
313,12,randomOption_Armor.bin,
313,13,randomOption_Armor.bin,
313,15,randomOption_Armor.bin,
313,16,randomOption_Armor.bin,
313,17,randomOption_Armor.bin,
313,18,randomOption_Armor.bin,
313,19,randomOption_Armor.bin,
313,20,randomOption_Armor.bin,
313,22,randomOption_Armor.bin,
313,23,randomOption_Armor.bin,
313,24,randomOption_Armor.bin,
313,25,randomOption_Armor.bin,
313,26,randomOption_Armor.bin,
313,27,randomOption_Armor.bin,
313,29,randomOption_Armor.bin,
313,30,randomOption_Armor.bin,
313,31,randomOption_Armor.bin,
313,32,randomOption_Armor.bin,
313,33,randomOption_Armor.bin,
313,34,randomOption_Armor.bin,
313,36,randomOption_Armor.bin,
313,37,randomOption_Armor.bin,
313,38,randomOption_Armor.bin,
313,39,randomOption_Armor.bin,
313,40,randomOption_Armor.bin,
313,41,randomOption_Armor.bin,
313,43,randomOption_Armor.bin,
313,44,randomOption_Armor.bin,
313,45,randomOption_Armor.bin,
313,46,randomOption_Armor.bin,
313,47,randomOption_Armor.bin,
313,48,randomOption_Armor.bin,
313,50,randomOption_Armor.bin,
313,51,randomOption_Armor.bin,
313,52,randomOption_Armor.bin,
313,53,randomOption_Armor.bin,
313,54,randomOption_Armor.bin,
313,55,randomOption_Armor.bin,
313,57,randomOption_Armor.bin,
313,58,randomOption_Armor.bin,
313,59,randomOption_Armor.bin,
313,60,randomOption_Armor.bin,
313,61,randomOption_Armor.bin,
313,62,randomOption_Armor.bin,
313,64,randomOption_Armor.bin,
313,65,randomOption_Armor.bin,
313,66,randomOption_Armor.bin,
313,67,randomOption_Armor.bin,
313,68,randomOption_Armor.bin,
313,69,randomOption_Armor.bin,
313,71,randomOption_Armor.bin,
313,72,randomOption_Armor.bin,
313,73,randomOption_Armor.bin,
313,74,randomOption_Armor.bin,
313,75,randomOption_Armor.bin,
313,76,randomOption_Armor.bin,
313,78,randomOption_Armor.bin,
313,79,randomOption_Armor.bin,
313,80,randomOption_Armor.bin,
313,81,randomOption_Armor.bin,
313,82,randomOption_Armor.bin,
313,83,randomOption_Armor.bin,
313,85,randomOption_Armor.bin,
313,86,randomOption_Armor.bin,
313,87,randomOption_Armor.bin,
313,88,randomOption_Armor.bin,
313,89,randomOption_Armor.bin,
313,90,randomOption_Armor.bin,
313,92,randomOption_Armor.bin,
313,93,randomOption_Armor.bin,
313,94,randomOption_Armor.bin,
313,95,randomOption_Armor.bin,
313,96,randomOption_Armor.bin,
313,97,randomOption_Armor.bin,
313,99,randomOption_Armor.bin,
313,100,randomOption_Armor.bin,
313,101,randomOption_Armor.bin,
313,102,randomOption_Armor.bin,
313,103,randomOption_Armor.bin,
313,104,randomOption_Armor.bin,
313,131,randomOption_ArmorBD.bin,
313,132,randomOption_ArmorBD.bin,
313,133,randomOption_ArmorBD.bin,
313,134,randomOption_ArmorBD.bin,
313,135,randomOption_ArmorBD.bin,
313,136,randomOption_ArmorBD.bin,
313,141,randomOption_ArmorFD.bin,
313,142,randomOption_ArmorFD.bin,
313,143,randomOption_ArmorFD.bin,
313,144,randomOption_ArmorFD.bin,
313,145,randomOption_ArmorFD.bin,
313,146,randomOption_ArmorFD.bin,
314,0, ,
314,1, ,
314,2, ,
314,3, ,
314,4, ,
314,5, ,
314,6, ,
314,7, ,
314,8, ,
314,9, ,
314,10, ,
314,11, ,
314,12, ,
314,13, ,
314,14, ,
314,15, ,
314,16, ,
314,17, ,
314,18, ,
314,19, ,
314,20, ,
314,21, ,
314,22, ,
314,23, ,
314,24, ,
314,25, ,
314,26, ,
314,27, ,
314,28, ,
314,29, ,
314,30, ,
314,31, ,
314,32, ,
314,33, ,
314,34, ,
314,35, ,
314,36, ,
314,37, ,
314,38, ,
314,39, ,
314,40, ,
314,41, ,
314,42, ,
314,43, ,
314,44, ,
314,45, ,
314,46, ,
314,47, ,
314,48, ,
314,49, ,
314,50, ,
314,51, ,
314,52, ,
314,53, ,
314,54, ,
314,55, ,
314,56, ,
314,57, ,
314,58, ,
314,59, ,
314,60, ,
314,61, ,
314,62, ,
314,63, ,
314,64, ,
314,65, ,
314,66, ,
314,67, ,
314,68, ,
314,69, ,
314,70, ,
314,71, ,
314,72, ,
314,73, ,
314,74, ,
314,75, ,
314,76, ,
314,77, ,
314,78, ,
314,79, ,
314,80, ,
314,81, ,
314,82, ,
315,0, ,
315,1,randomOption_Belt.bin,
315,2,randomOption_Belt.bin,
315,3,randomOption_Belt.bin,
315,4,randomOption_Belt.bin,
315,5,randomOption_Belt.bin,
315,6,randomOption_Belt.bin,
315,7,randomOption_Belt.bin,
315,8,randomOption_Belt.bin,
315,9,randomOption_Belt.bin,
315,10,randomOption_Belt.bin,
315,11,randomOption_Belt.bin,
315,12,randomOption_Belt.bin,
315,13,randomOption_Belt.bin,
315,14,randomOption_Belt.bin,
315,15,randomOption_Belt.bin,
315,16,randomOption_Belt.bin,
315,17,randomOption_Belt.bin,
315,18,randomOption_Belt.bin,
315,19,randomOption_Belt.bin,
315,20,randomOption_Belt.bin,
315,21,randomOption_Belt.bin,
315,22,randomOption_Belt.bin,
315,23,randomOption_Belt.bin,
315,24,randomOption_Belt.bin,
315,25,randomOption_Belt.bin,
315,26,randomOption_Belt.bin,
315,27,randomOption_Belt.bin,
315,28,randomOption_Belt.bin,
315,29,randomOption_Belt.bin,
315,30,randomOption_Belt.bin,
315,32,randomOption_Belt.bin,
315,33,randomOption_Belt.bin,
315,34,randomOption_Belt.bin,
315,35,randomOption_Belt.bin,
315,36,randomOption_Belt.bin,
315,37,randomOption_Belt.bin,
315,61,randomOption_Earrings.bin,
315,62,randomOption_Earrings.bin,
315,63,randomOption_Earrings.bin,
315,64,randomOption_Earrings.bin,
315,65,randomOption_Earrings.bin,
315,66,randomOption_Earrings.bin,
315,67,randomOption_Earrings.bin,
315,68,randomOption_Earrings.bin,
315,69,randomOption_Earrings.bin,
315,70,randomOption_Earrings.bin,
315,71,randomOption_Earrings.bin,
315,72,randomOption_Earrings.bin,
315,73,randomOption_Earrings.bin,
315,74,randomOption_Earrings.bin,
315,75,randomOption_Earrings.bin,
315,76,randomOption_Earrings.bin,
315,77,randomOption_Earrings.bin,
315,78,randomOption_Earrings.bin,
315,79,randomOption_Earrings.bin,
315,80,randomOption_Earrings.bin,
315,81,randomOption_Earrings.bin,
315,82,randomOption_Earrings.bin,
315,83,randomOption_Earrings.bin,
315,84,randomOption_Earrings.bin,
315,85,randomOption_Earrings.bin,
315,86,randomOption_Earrings.bin,
315,87,randomOption_Earrings.bin,
315,88,randomOption_Earrings.bin,
315,89,randomOption_Earrings.bin,
315,90,randomOption_Earrings.bin,
315,91,randomOption_Earrings.bin,
315,92,randomOption_Earrings.bin,
315,93,randomOption_Earrings.bin,
315,94,randomOption_Earrings.bin,
315,95,randomOption_Earrings.bin,
315,96,randomOption_Earrings.bin,
315,97,randomOption_Earrings.bin,
315,127,randomOption_Earrings.bin,
315,128,randomOption_Earrings.bin,
363,0, ,
363,1,randomOption_Weapon.bin,
363,2,randomOption_Weapon.bin,
363,3,randomOption_Weapon.bin,
363,4,randomOption_Weapon.bin,
363,5,randomOption_Weapon.bin,
363,6,randomOption_Weapon.bin,
363,7,randomOption_Weapon.bin,
363,8,randomOption_Weapon.bin,
363,9,randomOption_Weapon.bin,
363,10,randomOption_Weapon.bin,
363,11,randomOption_Weapon.bin,
363,12,randomOption_Weapon.bin,
363,13,randomOption_Weapon.bin,
363,14,randomOption_Weapon.bin,
363,15,randomOption_Weapon.bin,
363,16,randomOption_Weapon.bin,
363,17,randomOption_Weapon.bin,
363,18,randomOption_Weapon.bin,
363,19,randomOption_Weapon.bin,
363,20,randomOption_Weapon.bin,
364,0, ,
364,1,randomOption_Weapon.bin,
364,2,randomOption_Weapon.bin,
364,3,randomOption_Weapon.bin,
364,4,randomOption_Weapon.bin,
364,5,randomOption_Weapon.bin,
364,6,randomOption_Weapon.bin,
364,7,randomOption_Weapon.bin,
364,8,randomOption_Weapon.bin,
364,9,randomOption_Weapon.bin,
364,10,randomOption_Weapon.bin,
364,11,randomOption_Weapon.bin,
364,12,randomOption_Weapon.bin,
364,13,randomOption_Weapon.bin,
364,14,randomOption_Weapon.bin,
364,15,randomOption_Weapon.bin,
364,16,randomOption_Weapon.bin,
364,17,randomOption_Weapon.bin,
364,18,randomOption_Weapon.bin,
364,19,randomOption_Weapon.bin,
364,20,randomOption_Weapon.bin,
364,21,randomOption_Weapon.bin,
364,22,randomOption_Weapon.bin,
364,23,randomOption_Weapon.bin,
364,24,randomOption_Weapon.bin,
364,25,randomOption_Weapon.bin,
364,26,randomOption_Weapon.bin,
364,27,randomOption_Weapon.bin,
364,28,randomOption_Weapon.bin,
364,29,randomOption_Weapon.bin,
364,30,randomOption_Weapon.bin,
364,31,randomOption_Weapon.bin,
364,32,randomOption_Weapon.bin,
364,33,randomOption_Weapon.bin,
364,34,randomOption_Weapon.bin,
364,35,randomOption_Weapon.bin,
364,36,randomOption_Weapon.bin,
364,37,randomOption_Weapon.bin,
364,38,randomOption_Weapon.bin,
364,39,randomOption_Weapon.bin,
364,40,randomOption_Weapon.bin,
364,41,randomOption_Weapon.bin,
364,42,randomOption_Weapon.bin,
364,43,randomOption_Weapon.bin,
364,44,randomOption_Weapon.bin,
364,45,randomOption_Weapon.bin,
364,46,randomOption_Weapon.bin,
364,47,randomOption_Weapon.bin,
364,48,randomOption_Weapon.bin,
364,49,randomOption_Weapon.bin,
364,50,randomOption_Weapon.bin,
364,51,randomOption_Weapon.bin,
364,52,randomOption_Weapon.bin,
364,53,randomOption_Weapon.bin,
364,54,randomOption_Weapon.bin,
364,55,randomOption_Weapon.bin,
364,56,randomOption_Weapon.bin,
364,57,randomOption_Weapon.bin,
364,58,randomOption_Weapon.bin,
364,59,randomOption_Weapon.bin,
364,60,randomOption_Weapon.bin,
364,61,randomOption_Weapon.bin,
364,62,randomOption_Weapon.bin,
364,63,randomOption_Weapon.bin,
364,64,randomOption_Weapon.bin,
364,65,randomOption_Weapon.bin,
364,66,randomOption_Weapon.bin,
364,67,randomOption_Weapon.bin,
364,68,randomOption_Weapon.bin,
364,69,randomOption_Weapon.bin,
364,70,randomOption_Weapon.bin,
364,71,randomOption_Weapon.bin,
364,72,randomOption_Weapon.bin,
364,73,randomOption_Weapon.bin,
364,74,randomOption_Weapon.bin,
364,75,randomOption_Weapon.bin,
364,76,randomOption_Weapon.bin,
364,77,randomOption_Weapon.bin,
364,78,randomOption_Weapon.bin,
364,79,randomOption_Weapon.bin,
364,80,randomOption_Weapon.bin,
364,81,randomOption_Weapon.bin,
364,82,randomOption_Weapon.bin,
364,83,randomOption_Weapon.bin,
364,84,randomOption_Weapon.bin,
364,85,randomOption_Weapon.bin,
364,86,randomOption_Weapon.bin,
364,87,randomOption_Weapon.bin,
364,88,randomOption_Weapon.bin,
364,89,randomOption_Weapon.bin,
364,90,randomOption_Weapon.bin,
364,91,randomOption_Weapon.bin,
364,92,randomOption_Weapon.bin,
364,93,randomOption_Weapon.bin,
364,94,randomOption_Weapon.bin,
364,95,randomOption_Weapon.bin,
364,96,randomOption_Weapon.bin,
364,97,randomOption_Weapon.bin,
364,98,randomOption_Weapon.bin,
364,99,randomOption_Weapon.bin,
364,100,randomOption_Weapon.bin,
364,101,randomOption_Weapon.bin,
364,102,randomOption_Weapon.bin,
364,103,randomOption_Weapon.bin,
364,104,randomOption_Weapon.bin,
364,105,randomOption_Weapon.bin,
364,106,randomOption_Weapon.bin,
364,107,randomOption_Weapon.bin,
364,108,randomOption_Weapon.bin,
364,109,randomOption_Weapon.bin,
364,110,randomOption_Weapon.bin,
364,111,randomOption_Weapon.bin,
364,112,randomOption_Weapon.bin,
364,113,randomOption_Weapon.bin,
364,114,randomOption_Weapon.bin,
364,115,randomOption_Weapon.bin,
364,116,randomOption_Weapon.bin,
364,117,randomOption_Weapon.bin,
364,118,randomOption_Weapon.bin,
364,119,randomOption_Weapon.bin,
364,120,randomOption_Weapon.bin,
364,121,randomOption_Weapon.bin,
364,122,randomOption_Weapon.bin,
364,123,randomOption_Weapon.bin,
364,124,randomOption_Weapon.bin,
364,125,randomOption_Weapon.bin,
364,126,randomOption_Weapon.bin,
364,127,randomOption_Weapon.bin,
364,128,randomOption_Weapon.bin,
364,129,randomOption_Weapon.bin,
364,130,randomOption_Weapon.bin,
364,131,randomOption_Weapon.bin,
364,132,randomOption_Weapon.bin,
364,133,randomOption_Weapon.bin,
364,134,randomOption_Weapon.bin,
364,135,randomOption_Weapon.bin,
364,136,randomOption_Weapon.bin,
364,137,randomOption_Weapon.bin,
364,138,randomOption_Weapon.bin,
364,139,randomOption_Weapon.bin,
364,140,randomOption_Weapon.bin,
364,141,randomOption_Weapon.bin,
364,142,randomOption_Weapon.bin,
364,143,randomOption_Weapon.bin,
364,144,randomOption_Weapon.bin,
364,145,randomOption_Weapon.bin,
364,146,randomOption_Weapon.bin,
364,147,randomOption_Weapon.bin,
364,148,randomOption_Weapon.bin,
364,149,randomOption_Weapon.bin,
364,150,randomOption_Weapon.bin,
364,151,randomOption_Weapon.bin,
364,152,randomOption_Weapon.bin,
364,153,randomOption_Weapon.bin,
364,154,randomOption_Weapon.bin,
364,155,randomOption_Weapon.bin,
364,156,randomOption_Weapon.bin,
364,157,randomOption_Weapon.bin,
364,158,randomOption_Weapon.bin,
364,159,randomOption_Weapon.bin,
364,160,randomOption_Weapon.bin,
364,161,randomOption_Weapon.bin,
364,162,randomOption_Weapon.bin,
364,163,randomOption_Weapon.bin,
364,164,randomOption_Weapon.bin,
364,165,randomOption_Weapon.bin,
364,166,randomOption_Weapon.bin,
364,167,randomOption_Weapon.bin,
364,168,randomOption_Weapon.bin,
364,169,randomOption_Weapon.bin,
364,170,randomOption_Weapon.bin,
364,171,randomOption_Weapon.bin,
364,172,randomOption_Weapon.bin,
364,173,randomOption_Weapon.bin,
364,174,randomOption_Weapon.bin,
364,175,randomOption_Weapon.bin,
364,176,randomOption_Weapon.bin,
364,177,randomOption_Weapon.bin,
364,178,randomOption_Weapon.bin,
364,179,randomOption_Weapon.bin,
364,180,randomOption_Weapon.bin,
364,181,randomOption_Weapon.bin,
364,182,randomOption_Weapon.bin,
364,183,randomOption_Weapon.bin,
364,184,randomOption_Weapon.bin,
364,185,randomOption_Weapon.bin,
364,186,randomOption_Weapon.bin,
364,187,randomOption_Weapon.bin,
364,188,randomOption_Weapon.bin,
364,189,randomOption_Weapon.bin,
364,190,randomOption_Weapon.bin,
364,191,randomOption_Weapon.bin,
364,192,randomOption_Weapon.bin,
364,193,randomOption_Weapon.bin,
364,194,randomOption_Weapon.bin,
364,195,randomOption_Weapon.bin,
364,196,randomOption_Weapon.bin,
364,197,randomOption_Weapon.bin,
364,198,randomOption_Weapon.bin,
364,199,randomOption_Weapon.bin,
364,200,randomOption_Weapon.bin,
364,201,randomOption_Weapon.bin,
364,202,randomOption_Weapon.bin,
364,203,randomOption_Weapon.bin,
364,204,randomOption_Weapon.bin,
364,205,randomOption_Weapon.bin,
364,206,randomOption_Weapon.bin,
364,207,randomOption_Weapon.bin,
364,208,randomOption_Weapon.bin,
364,209,randomOption_Weapon.bin,
364,210,randomOption_Weapon.bin,
364,211,randomOption_Weapon.bin,
364,212,randomOption_Weapon.bin,
364,213,randomOption_Weapon.bin,
364,214,randomOption_Weapon.bin,
364,215,randomOption_Weapon.bin,
364,216,randomOption_Weapon.bin,
364,217,randomOption_Weapon.bin,
364,218,randomOption_Weapon.bin,
364,219,randomOption_Weapon.bin,
364,220,randomOption_Weapon.bin,
365,0, ,
365,1,randomOption_Armor.bin,
365,2,randomOption_Armor.bin,
365,3,randomOption_Armor.bin,
365,4,randomOption_Armor.bin,
365,5,randomOption_Armor.bin,
365,6,randomOption_Armor.bin,
365,7,randomOption_Armor.bin,
365,8,randomOption_Armor.bin,
365,9,randomOption_Armor.bin,
365,10,randomOption_Armor.bin,
365,11,randomOption_Armor.bin,
365,12,randomOption_Armor.bin,
365,13,randomOption_Armor.bin,
365,14,randomOption_Armor.bin,
365,15,randomOption_Armor.bin,
365,16,randomOption_Armor.bin,
365,17,randomOption_Armor.bin,
365,18,randomOption_Armor.bin,
365,19,randomOption_Armor.bin,
365,20,randomOption_Armor.bin,
365,21,randomOption_Armor.bin,
365,22,randomOption_Armor.bin,
365,23,randomOption_Armor.bin,
365,24,randomOption_Armor.bin,
365,29,randomOption_Armor.bin,
365,30,randomOption_Armor.bin,
365,31,randomOption_Armor.bin,
365,32,randomOption_Armor.bin,
365,33,randomOption_Armor.bin,
365,34,randomOption_Armor.bin,
365,35,randomOption_Armor.bin,
365,36,randomOption_Armor.bin,
365,37,randomOption_Armor.bin,
365,38,randomOption_Armor.bin,
365,39,randomOption_Armor.bin,
365,40,randomOption_Armor.bin,
365,41,randomOption_Armor.bin,
365,42,randomOption_Armor.bin,
365,43,randomOption_Armor.bin,
365,44,randomOption_Armor.bin,
365,45,randomOption_Armor.bin,
365,46,randomOption_Armor.bin,
365,47,randomOption_Armor.bin,
365,48,randomOption_Armor.bin,
365,49,randomOption_Armor.bin,
365,50,randomOption_Armor.bin,
365,51,randomOption_Armor.bin,
365,52,randomOption_Armor.bin,
366,0, ,
366,1,randomOption_Armor.bin,
366,2,randomOption_Armor.bin,
366,3,randomOption_Armor.bin,
366,4,randomOption_Armor.bin,
366,5,randomOption_Armor.bin,
366,6,randomOption_Armor.bin,
366,7,randomOption_Armor.bin,
366,8,randomOption_Armor.bin,
366,9,randomOption_Armor.bin,
366,10,randomOption_Armor.bin,
366,11,randomOption_Armor.bin,
366,12,randomOption_Armor.bin,
366,13,randomOption_Armor.bin,
366,14,randomOption_Armor.bin,
366,15,randomOption_Armor.bin,
366,16,randomOption_Armor.bin,
366,17,randomOption_Armor.bin,
366,18,randomOption_Armor.bin,
366,19,randomOption_Armor.bin,
366,20,randomOption_Armor.bin,
366,21,randomOption_Armor.bin,
366,22,randomOption_Armor.bin,
366,23,randomOption_Armor.bin,
366,24,randomOption_Armor.bin,
366,29,randomOption_Armor.bin,
366,30,randomOption_Armor.bin,
366,31,randomOption_Armor.bin,
366,32,randomOption_Armor.bin,
366,33,randomOption_Armor.bin,
366,34,randomOption_Armor.bin,
366,35,randomOption_Armor.bin,
366,36,randomOption_Armor.bin,
366,37,randomOption_Armor.bin,
366,38,randomOption_Armor.bin,
366,39,randomOption_Armor.bin,
366,40,randomOption_Armor.bin,
366,41,randomOption_Armor.bin,
366,42,randomOption_Armor.bin,
366,43,randomOption_Armor.bin,
366,44,randomOption_Armor.bin,
366,45,randomOption_Armor.bin,
366,46,randomOption_Armor.bin,
366,47,randomOption_Armor.bin,
366,48,randomOption_Armor.bin,
366,49,randomOption_Armor.bin,
366,50,randomOption_Armor.bin,
366,51,randomOption_Armor.bin,
366,52,randomOption_Armor.bin,
366,57,randomOption_Armor.bin,
366,58,randomOption_Armor.bin,
366,59,randomOption_Armor.bin,
366,60,randomOption_Armor.bin,
366,61,randomOption_Armor.bin,
366,62,randomOption_Armor.bin,
366,63,randomOption_Armor.bin,
366,64,randomOption_Armor.bin,
366,65,randomOption_Armor.bin,
366,66,randomOption_Armor.bin,
366,67,randomOption_Armor.bin,
366,68,randomOption_Armor.bin,
366,69,randomOption_Armor.bin,
366,70,randomOption_Armor.bin,
366,71,randomOption_Armor.bin,
366,72,randomOption_Armor.bin,
366,73,randomOption_Armor.bin,
366,74,randomOption_Armor.bin,
366,75,randomOption_Armor.bin,
366,76,randomOption_Armor.bin,
366,77,randomOption_Armor.bin,
366,78,randomOption_Armor.bin,
366,79,randomOption_Armor.bin,
366,80,randomOption_Armor.bin,
366,85,randomOption_Armor.bin,
366,86,randomOption_Armor.bin,
366,87,randomOption_Armor.bin,
366,88,randomOption_Armor.bin,
366,89,randomOption_Armor.bin,
366,90,randomOption_Armor.bin,
366,91,randomOption_Armor.bin,
366,92,randomOption_Armor.bin,
366,93,randomOption_Armor.bin,
366,94,randomOption_Armor.bin,
366,95,randomOption_Armor.bin,
366,96,randomOption_Armor.bin,
366,97,randomOption_Armor.bin,
366,98,randomOption_Armor.bin,
366,99,randomOption_Armor.bin,
366,100,randomOption_Armor.bin,
366,101,randomOption_Armor.bin,
366,102,randomOption_Armor.bin,
366,103,randomOption_Armor.bin,
366,104,randomOption_Armor.bin,
366,105,randomOption_Armor.bin,
366,106,randomOption_Armor.bin,
366,107,randomOption_Armor.bin,
366,108,randomOption_Armor.bin,
382,0, ,
382,1, ,
382,2, ,
382,3, ,
382,4, ,
382,5, ,
382,6, ,
382,7, ,
382,8, ,
382,9, ,
382,10, ,
382,11,randomOption_CardValue_3rd.bin,
382,12,randomOption_CardValue_3rd.bin,
382,13,randomOption_CardValue_3rd.bin,
382,14,randomOption_CardValue_3rd.bin,
382,15,randomOption_CardValue_3rd.bin,
382,16,randomOption_CardValue_4th.bin,
382,17,randomOption_CardValue_4th.bin,
382,18,randomOption_CardValue_4th.bin,
382,19,randomOption_CardValue_4th.bin,
382,20,randomOption_CardValue_4th.bin,
382,21, ,
382,22, ,
382,23, ,
382,24, ,
382,25, ,
382,26, ,
382,27, ,
382,28, ,
382,29, ,
382,30, ,
382,31,randomOption_CardValue_3rd.bin,
382,32,randomOption_CardValue_3rd.bin,
382,33,randomOption_CardValue_3rd.bin,
382,34,randomOption_CardValue_3rd.bin,
382,35,randomOption_CardValue_3rd.bin,
382,36,randomOption_CardValue_4th.bin,
382,37,randomOption_CardValue_4th.bin,
382,38,randomOption_CardValue_4th.bin,
382,39,randomOption_CardValue_4th.bin,
382,40,randomOption_CardValue_4th.bin,
382,41, ,
382,42, ,
382,43, ,
382,44, ,
382,45, ,
382,46, ,
382,47, ,
382,48, ,
382,49, ,
382,50, ,
382,51, ,
382,52, ,
382,53, ,
382,54, ,
382,55, ,
382,56, ,
382,57, ,
382,58, ,
382,59, ,
382,60, ,
382,61, ,
382,62, ,
382,63, ,
382,64, ,
382,65, ,
382,66, ,
382,67, ,
382,68, ,
382,69, ,
382,70, ,
382,71, ,
382,72, ,
382,73, ,
382,74, ,
382,75, ,
382,76, ,
382,77,randomOption_CardValue_5th.bin,
382,78,randomOption_CardValue_5th.bin,
382,79,randomOption_CardValue_5th.bin,
382,80,randomOption_CardValue_5th.bin,
382,81,randomOption_CardValue_5th.bin,
382,82,randomOption_CardValue_5th.bin,
382,83,randomOption_CardValue_5th.bin,
382,84,randomOption_CardValue_5th.bin,
382,85,randomOption_CardValue_5th.bin,
382,86,randomOption_CardValue_5th.bin,
382,87, ,
400,0, ,
400,1, ,
400,443, ,
400,444, ,
400,445, ,
400,446, ,
400,447, ,
430,0, ,
430,1, ,
430,2, ,
430,3, ,
430,4, ,
430,5, ,
430,6, ,
430,7, ,
430,8, ,
430,9, ,
430,10, ,
430,11, ,
430,12, ,
430,13, ,
430,14, ,
430,15, ,
430,16, ,
430,17, ,
430,18, ,
430,19, ,
430,20, ,
430,21, ,
430,22, ,
430,23, ,
430,24, ,
430,25, ,
430,26, ,
430,27, ,
430,28, ,
430,29, ,
430,30, ,
430,31, ,
430,32, ,
430,33, ,
430,34, ,
430,35, ,
430,36, ,
430,37, ,
430,38, ,
430,39, ,
430,40, ,
430,41, ,
430,42, ,
430,43, ,
430,44, ,
430,45, ,
430,46, ,
430,47, ,
430,48, ,
430,49, ,
430,50, ,
430,51, ,
430,52, ,
430,53, ,
430,54, ,
430,55, ,
430,56, ,
430,57, ,
430,58, ,
430,59, ,
430,60, ,
430,61, ,
430,62, ,
430,63, ,
430,64, ,
430,65, ,
430,66, ,
430,67, ,
430,68, ,
430,69, ,
430,70, ,
430,71, ,
430,72, ,
430,73, ,
430,74, ,
430,75, ,
430,76, ,
430,77, ,
430,78, ,
430,79, ,
430,80, ,
430,81, ,
430,82, ,
430,83, ,
430,84, ,
430,85, ,
430,86, ,
430,87, ,
430,88, ,
430,89, ,
430,90, ,
430,91, ,
430,92, ,
430,93, ,
430,94, ,
430,95, ,
430,96, ,
430,97, ,
430,98, ,
430,99, ,
430,100, ,
430,101, ,
430,102, ,
430,103, ,
430,104, ,
430,105, ,
430,106, ,
430,107, ,
430,108, ,
430,109, ,
430,110, ,
430,111, ,
430,112, ,
430,113, ,
430,114, ,
430,115, ,
430,116, ,
430,117, ,
430,118, ,
430,119, ,
430,120, ,
430,121, ,
430,122, ,
430,123, ,
430,124, ,
430,125, ,
430,126, ,
430,127, ,
430,128, ,
430,129, ,
430,130, ,
430,131, ,
430,132, ,
430,133, ,
430,134, ,
430,135, ,
430,136, ,
430,137, ,
430,138, ,
430,139, ,
430,140, ,
430,141, ,
430,142, ,
430,143, ,
430,144, ,
430,145, ,
430,146, ,
430,147, ,
430,148, ,
430,149, ,
430,150, ,
430,151, ,
430,152, ,
430,153, ,
430,154, ,
430,155, ,
430,156, ,
430,157, ,
430,158, ,
430,159, ,
430,160, ,
430,161, ,
430,162, ,
430,163, ,
430,164, ,
430,165, ,
430,166, ,
430,167, ,
430,168, ,
430,169, ,
430,170, ,
430,171, ,
430,172, ,
430,173, ,
430,174, ,
430,175, ,
430,176, ,
430,177, ,
430,178, ,
430,179, ,
430,180, ,
430,181, ,
430,182, ,
430,183, ,
430,184, ,
430,185, ,
430,186, ,
430,187, ,
430,188, ,
430,189, ,
430,190, ,
430,191, ,
430,192, ,
430,193, ,
430,194, ,
430,195, ,
430,196, ,
430,197, ,
430,198, ,
430,199, ,
430,200, ,
430,201, ,
430,202, ,
430,203, ,
430,204, ,
430,205, ,
430,206, ,
430,207, ,
430,208, ,
430,209, ,
430,210, ,
430,211, ,
430,212, ,
430,213, ,
430,214, ,
430,215, ,
430,216, ,
430,217, ,
430,218, ,
430,219, ,
430,220, ,
430,221, ,
430,222, ,
430,223, ,
430,224, ,
430,225, ,
430,226, ,
430,227, ,
430,228, ,
430,229, ,
430,230, ,
430,231, ,
430,232, ,
430,233, ,
430,234, ,
430,235, ,
430,236, ,
430,237, ,
430,238, ,
430,239, ,
430,240, ,
430,241, ,
430,242, ,
430,243, ,
430,244, ,
430,245, ,
430,246, ,
430,247, ,
430,248, ,
430,249, ,
430,250, ,
430,251, ,
430,252, ,
430,253, ,
430,254, ,
430,255, ,
430,256, ,
430,257, ,
430,258, ,
430,259, ,
430,260, ,
430,261, ,
430,262, ,
430,263, ,
430,264, ,
430,265, ,
430,266, ,
430,267, ,
430,268, ,
430,269, ,
430,270, ,
430,271, ,
430,272, ,
430,273, ,
430,274, ,
430,275, ,
430,276, ,
430,277, ,
430,278, ,
430,279, ,
430,280, ,
430,281, ,
430,282, ,
430,283, ,
430,284, ,
430,285, ,
430,286, ,
430,287, ,
430,288, ,
710,0, ,
710,1, ,
710,2, ,
710,3, ,
710,4, ,
710,11, ,
710,12, ,
710,13, ,
710,14, ,
710,21, ,
710,22, ,
710,23, ,
710,24, ,
710,31, ,
710,32, ,
710,33, ,
710,34, ,
710,35, ,
710,36, ,
710,37, ,
710,38, ,
710,39, ,
710,40, ,
710,41, ,
710,42, ,
710,43, ,
710,44, ,
710,45, ,
710,46, ,
710,47, ,
710,48, ,
710,49, ,
710,50, ,
710,51, ,
710,52, ,
710,53, ,
710,54, ,
710,55, ,
710,56, ,
710,57, ,
710,58, ,
710,59, ,
710,60, ,
710,61, ,
710,62, ,
710,63, ,
710,64, ,
710,65, ,
710,66, ,
710,67, ,
710,68, ,
710,69, ,
710,70, ,
710,71, ,
710,101, ,
710,102, ,
710,103, ,
710,104, ,
710,105, ,
710,106, ,
710,111, ,
710,112, ,
710,113, ,
710,114, ,
710,115, ,
710,116, ,
710,301, ,
710,302, ,
710,303, ,
710,304, ,
710,305, ,
710,306, ,
710,311, ,
710,312, ,
710,313, ,
710,314, ,
710,315, ,
710,316, ,
710,321, ,
710,322, ,
710,323, ,
710,324, ,
710,325, ,
710,326, ,
710,431, ,
710,432, ,
710,433, ,
710,434, ,
710,435, ,
710,436, ,
710,441, ,
710,442, ,
710,443, ,
710,444, ,
710,445, ,
710,446, ,
710,447, ,
710,448, ,
710,449, ,
710,450, ,
710,451, ,
710,452, ,
713,0, ,
713,1, ,
713,2, ,
713,3, ,
713,4, ,
713,11, ,
713,12, ,
713,13, ,
713,14, ,
713,21, ,
713,22, ,
713,23, ,
713,24, ,
713,31, ,
713,32, ,
713,33, ,
713,34, ,
713,35, ,
713,36, ,
713,37, ,
713,38, ,
713,39, ,
713,40, ,
713,41, ,
713,42, ,
713,43, ,
713,44, ,
713,45, ,
713,46, ,
713,47, ,
713,48, ,
713,49, ,
713,50, ,
713,51, ,
713,52, ,
713,53, ,
713,54, ,
713,55, ,
713,56, ,
713,57, ,
713,58, ,
713,59, ,
713,60, ,
713,61, ,
713,62, ,
713,63, ,
713,64, ,
713,65, ,
713,66, ,
713,67, ,
713,68, ,
713,69, ,
713,70, ,
713,71, ,
713,101, ,
713,102, ,
713,103, ,
713,104, ,
713,105, ,
713,106, ,
713,111, ,
713,112, ,
713,113, ,
713,114, ,
713,115, ,
713,116, ,
713,231, ,
713,232, ,
713,233, ,
713,234, ,
713,235, ,
713,236, ,
713,301, ,
713,302, ,
713,303, ,
713,304, ,
713,305, ,
713,306, ,
713,311, ,
713,312, ,
713,313, ,
713,314, ,
713,315, ,
713,316, ,
713,321, ,
713,322, ,
713,323, ,
713,324, ,
713,325, ,
713,326, ,
713,411, ,
713,412, ,
713,413, ,
713,414, ,
713,421, ,
713,422, ,
713,423, ,
713,424, ,
713,431, ,
713,432, ,
713,433, ,
713,434, ,
713,435, ,
713,436, ,
713,441, ,
713,442, ,
713,443, ,
713,444, ,
713,445, ,
713,446, ,
713,447, ,
713,448, ,
713,449, ,
713,450, ,
713,451, ,
713,452, ,
714,0, ,
714,1, ,
714,2, ,
714,3, ,
714,4, ,
714,11, ,
714,12, ,
714,13, ,
714,14, ,
714,21, ,
714,22, ,
714,23, ,
714,24, ,
714,31, ,
714,32, ,
714,33, ,
714,34, ,
714,35, ,
714,36, ,
714,37, ,
714,38, ,
714,39, ,
714,40, ,
714,41, ,
714,42, ,
714,43, ,
714,44, ,
714,45, ,
714,46, ,
714,47, ,
714,48, ,
714,49, ,
714,50, ,
714,51, ,
714,52, ,
714,53, ,
714,54, ,
714,55, ,
714,56, ,
714,57, ,
714,58, ,
714,59, ,
714,60, ,
714,61, ,
714,62, ,
714,63, ,
714,64, ,
714,65, ,
714,66, ,
714,67, ,
714,68, ,
714,69, ,
714,70, ,
714,71, ,
714,101, ,
714,102, ,
714,103, ,
714,104, ,
714,105, ,
714,106, ,
714,111, ,
714,112, ,
714,113, ,
714,114, ,
714,115, ,
714,116, ,
714,301, ,
714,302, ,
714,303, ,
714,304, ,
714,305, ,
714,306, ,
714,311, ,
714,312, ,
714,313, ,
714,314, ,
714,315, ,
714,316, ,
714,321, ,
714,322, ,
714,323, ,
714,324, ,
714,325, ,
714,326, ,
714,431, ,
714,432, ,
714,433, ,
714,434, ,
714,435, ,
714,436, ,
714,441, ,
714,442, ,
714,443, ,
714,444, ,
714,445, ,
714,446, ,
714,447, ,
714,448, ,
714,449, ,
714,450, ,
714,451, ,
714,452, ,
715,0, ,
715,1, ,
715,2, ,
715,3, ,
715,4, ,
715,11, ,
715,12, ,
715,13, ,
715,14, ,
715,21, ,
715,22, ,
715,23, ,
715,24, ,
715,31, ,
715,32, ,
715,33, ,
715,34, ,
715,35, ,
715,36, ,
715,37, ,
715,38, ,
715,39, ,
715,40, ,
715,41, ,
715,42, ,
715,43, ,
715,44, ,
715,45, ,
715,46, ,
715,47, ,
715,48, ,
715,49, ,
715,50, ,
715,51, ,
715,52, ,
715,53, ,
715,54, ,
715,55, ,
715,56, ,
715,57, ,
715,58, ,
715,59, ,
715,60, ,
715,61, ,
715,62, ,
715,63, ,
715,64, ,
715,65, ,
715,66, ,
715,67, ,
715,68, ,
715,69, ,
715,70, ,
715,71, ,
715,101, ,
715,102, ,
715,103, ,
715,104, ,
715,105, ,
715,106, ,
715,111, ,
715,112, ,
715,113, ,
715,114, ,
715,115, ,
715,116, ,
715,241, ,
715,242, ,
715,243, ,
715,244, ,
715,245, ,
715,246, ,
715,301, ,
715,302, ,
715,303, ,
715,304, ,
715,305, ,
715,306, ,
715,311, ,
715,312, ,
715,313, ,
715,314, ,
715,315, ,
715,316, ,
715,321, ,
715,322, ,
715,323, ,
715,324, ,
715,325, ,
715,326, ,
715,351, ,
715,352, ,
715,353, ,
715,354, ,
715,355, ,
715,356, ,
715,431, ,
715,432, ,
715,433, ,
715,434, ,
715,435, ,
715,436, ,
715,441, ,
715,442, ,
715,443, ,
715,444, ,
715,445, ,
715,446, ,
715,447, ,
715,448, ,
715,449, ,
715,450, ,
715,451, ,
715,452, ,
800,0, ,
800,1, ,
800,2, ,
800,3, ,
800,4, ,
800,5, ,
800,6, ,
800,7, ,
800,8, ,
800,9, ,
800,10, ,
800,11, ,
800,12, ,
800,21, ,
800,22, ,
800,23, ,
800,24, ,
800,25, ,
800,26, ,
800,51, ,
800,52, ,
800,53, ,
800,54, ,
800,55, ,
800,56, ,
800,57, ,
800,58, ,
800,59, ,
800,60, ,
800,61, ,
800,62, ,
800,63, ,
800,64, ,
800,65, ,
800,66, ,
800,67, ,
800,68, ,
800,69, ,
800,70, ,
800,71, ,
800,72, ,
800,73, ,
800,74, ,
800,75, ,
800,76, ,
800,77, ,
800,78, ,
800,79, ,
800,80, ,
800,81, ,
800,82, ,
800,83, ,
800,84, ,
800,85, ,
800,86, ,
800,87, ,
800,88, ,
800,89, ,
800,90, ,
800,91, ,
800,92, ,
800,93, ,
800,94, ,
800,95, ,
800,96, ,
800,97, ,
800,98, ,
800,99, ,
800,100, ,
800,101, ,
800,102, ,
800,103, ,
800,104, ,
800,105, ,
800,106, ,
800,107, ,
800,108, ,
800,109, ,
800,110, ,
800,111, ,
800,112, ,
800,113, ,
800,114, ,
800,115, ,
800,116, ,
800,117, ,
800,118, ,
800,119, ,
800,120, ,
800,121, ,
800,122, ,
800,123, ,
800,124, ,
800,125, ,
800,126, ,
800,127, ,
800,128, ,
800,129, ,
800,130, ,
800,199, ,
800,200, ,
800,201, ,
800,202, ,
800,203, ,
800,204, ,
800,241, ,
800,242, ,
800,243, ,
800,244, ,
800,245, ,
800,246, ,
800,247, ,
800,248, ,
801,0, ,
801,1, ,
801,2, ,
801,3, ,
801,4, ,
801,5, ,
801,6, ,
801,7, ,
801,8, ,
801,9, ,
801,10, ,
801,11, ,
801,12, ,
801,21, ,
801,22, ,
801,23, ,
801,24, ,
801,25, ,
801,26, ,
801,51, ,
801,52, ,
801,53, ,
801,54, ,
801,55, ,
801,56, ,
801,57, ,
801,58, ,
801,59, ,
801,60, ,
801,61, ,
801,62, ,
801,63, ,
801,64, ,
801,65, ,
801,66, ,
801,67, ,
801,68, ,
801,69, ,
801,70, ,
801,71, ,
801,72, ,
801,73, ,
801,74, ,
801,75, ,
801,76, ,
801,77, ,
801,78, ,
801,79, ,
801,80, ,
801,81, ,
801,82, ,
801,83, ,
801,84, ,
801,85, ,
801,86, ,
801,87, ,
801,88, ,
801,89, ,
801,90, ,
801,91, ,
801,92, ,
801,93, ,
801,94, ,
801,95, ,
801,96, ,
801,97, ,
801,98, ,
801,99, ,
801,100, ,
801,101, ,
801,102, ,
801,103, ,
801,104, ,
801,105, ,
801,106, ,
801,107, ,
801,108, ,
801,109, ,
801,110, ,
801,111, ,
801,112, ,
801,113, ,
801,114, ,
801,115, ,
801,116, ,
801,117, ,
801,118, ,
801,119, ,
801,120, ,
801,121, ,
801,122, ,
801,123, ,
801,124, ,
801,125, ,
801,126, ,
801,127, ,
801,128, ,
801,129, ,
801,130, ,
801,199, ,
801,200, ,
801,201, ,
801,202, ,
801,203, ,
801,204, ,
801,241, ,
801,242, ,
801,243, ,
801,244, ,
801,245, ,
801,246, ,
801,247, ,
801,248, ,
802,0, ,
802,1, ,
802,2, ,
802,3, ,
802,4, ,
802,5, ,
802,6, ,
802,7, ,
802,8, ,
802,9, ,
802,10, ,
802,11, ,
802,12, ,
802,21, ,
802,22, ,
802,23, ,
802,24, ,
802,25, ,
802,26, ,
802,51, ,
802,52, ,
802,53, ,
802,54, ,
802,55, ,
802,56, ,
802,57, ,
802,58, ,
802,59, ,
802,60, ,
802,61, ,
802,62, ,
802,63, ,
802,64, ,
802,65, ,
802,66, ,
802,67, ,
802,68, ,
802,69, ,
802,70, ,
802,71, ,
802,72, ,
802,73, ,
802,74, ,
802,75, ,
802,76, ,
802,77, ,
802,78, ,
802,79, ,
802,80, ,
802,81, ,
802,82, ,
802,83, ,
802,84, ,
802,85, ,
802,86, ,
802,87, ,
802,88, ,
802,89, ,
802,90, ,
802,91, ,
802,92, ,
802,93, ,
802,94, ,
802,95, ,
802,96, ,
802,97, ,
802,98, ,
802,99, ,
802,100, ,
802,101, ,
802,102, ,
802,103, ,
802,104, ,
802,105, ,
802,106, ,
802,107, ,
802,108, ,
802,109, ,
802,110, ,
802,111, ,
802,112, ,
802,113, ,
802,114, ,
802,115, ,
802,116, ,
802,117, ,
802,118, ,
802,119, ,
802,120, ,
802,121, ,
802,122, ,
802,123, ,
802,124, ,
802,125, ,
802,126, ,
802,127, ,
802,128, ,
802,129, ,
802,130, ,
802,199, ,
802,200, ,
802,201, ,
802,202, ,
802,203, ,
802,204, ,
802,205, ,
802,206, ,
802,207, ,
802,208, ,
802,209, ,
802,210, ,
802,211, ,
802,212, ,
802,213, ,
802,214, ,
802,241, ,
802,242, ,
802,243, ,
802,244, ,
802,245, ,
802,246, ,
802,247, ,
802,248, ,
803,0, ,
803,1, ,
803,2, ,
803,3, ,
803,4, ,
803,5, ,
803,6, ,
803,7, ,
803,8, ,
803,9, ,
803,10, ,
803,11, ,
803,12, ,
803,21, ,
803,22, ,
803,23, ,
803,24, ,
803,25, ,
803,26, ,
803,51, ,
803,52, ,
803,53, ,
803,54, ,
803,55, ,
803,56, ,
803,57, ,
803,58, ,
803,59, ,
803,60, ,
803,61, ,
803,62, ,
803,63, ,
803,64, ,
803,65, ,
803,66, ,
803,67, ,
803,68, ,
803,69, ,
803,70, ,
803,71, ,
803,72, ,
803,73, ,
803,74, ,
803,75, ,
803,76, ,
803,77, ,
803,78, ,
803,79, ,
803,80, ,
803,81, ,
803,82, ,
803,83, ,
803,84, ,
803,85, ,
803,86, ,
803,87, ,
803,88, ,
803,89, ,
803,90, ,
803,91, ,
803,92, ,
803,93, ,
803,94, ,
803,95, ,
803,96, ,
803,97, ,
803,98, ,
803,99, ,
803,100, ,
803,101, ,
803,102, ,
803,103, ,
803,104, ,
803,105, ,
803,106, ,
803,107, ,
803,108, ,
803,109, ,
803,110, ,
803,111, ,
803,112, ,
803,113, ,
803,114, ,
803,115, ,
803,116, ,
803,117, ,
803,118, ,
803,119, ,
803,120, ,
803,121, ,
803,122, ,
803,123, ,
803,124, ,
803,125, ,
803,126, ,
803,127, ,
803,128, ,
803,129, ,
803,130, ,
803,199, ,
803,200, ,
803,201, ,
803,202, ,
803,203, ,
803,204, ,
803,205, ,
803,206, ,
803,207, ,
803,208, ,
803,209, ,
803,210, ,
803,211, ,
803,212, ,
803,213, ,
803,214, ,
803,241, ,
803,242, ,
803,243, ,
803,244, ,
803,245, ,
803,246, ,
803,247, ,
803,248, ,
804,0, ,
804,1, ,
804,2, ,
804,3, ,
804,4, ,
804,5, ,
804,6, ,
804,7, ,
804,8, ,
804,9, ,
804,10, ,
804,11, ,
804,12, ,
804,21, ,
804,22, ,
804,23, ,
804,24, ,
804,25, ,
804,26, ,
804,199, ,
804,200, ,
804,201, ,
804,202, ,
804,203, ,
804,204, ,
804,205, ,
804,206, ,
804,207, ,
804,208, ,
804,209, ,
804,210, ,
804,211, ,
804,212, ,
804,213, ,
804,214, ,
804,241, ,
804,242, ,
804,243, ,
804,244, ,
804,245, ,
804,246, ,
804,247, ,
804,248, ,
901,0, ,
901,1, ,
901,2, ,
901,3, ,
901,4, ,
901,5, ,
901,6, ,
901,7, ,
901,8, ,
901,9, ,
901,10, ,
901,11, ,
901,12, ,
901,13, ,
901,14, ,
901,15, ,
901,16, ,
901,17, ,
901,18, ,
901,19, ,
901,20, ,
901,21, ,
901,22, ,
901,23, ,
901,24, ,
901,25, ,
901,26, ,
901,27, ,
901,28, ,
901,29, ,
901,30, ,
901,31, ,
901,32, ,
901,33, ,
901,34, ,
901,35, ,
901,36, ,
901,37, ,
901,38, ,
901,39, ,
901,40, ,
901,41, ,
901,42, ,
901,43, ,
901,44, ,
901,45, ,
901,46, ,
901,47, ,
901,48, ,
901,49, ,
901,50, ,
901,51, ,
901,52, ,
901,53, ,
901,54, ,
901,55, ,
901,56, ,
901,57, ,
901,58, ,
901,59, ,
901,60, ,
901,61, ,
901,62, ,
901,63, ,
901,64, ,
901,65, ,
910,0, ,
910,1, ,
910,2, ,
910,3, ,
910,4, ,
910,5, ,
910,6, ,
910,7, ,
910,8, ,
910,9, ,
910,10, ,
910,11, ,
910,12, ,
910,13, ,
910,14, ,
910,15, ,
910,16, ,
910,17, ,
910,18, ,
910,19, ,
910,20, ,
910,21, ,
910,22, ,
910,23, ,
910,24, ,
910,25, ,
911,0, ,
911,1, ,
911,2, ,
911,3, ,
911,4, ,
911,5, ,
911,6, ,
911,7, ,
911,8, ,
911,9, ,
911,10, ,
911,11, ,
911,12, ,
911,13, ,
911,14, ,
911,15, ,
911,16, ,
911,17, ,
911,18, ,
911,19, ,
911,20, ,
911,21, ,
911,22, ,
911,23, ,
911,24, ,
911,25, ,
912,0, ,
912,1, ,
912,2, ,
912,3, ,
912,4, ,
912,5, ,
912,6, ,
912,7, ,
912,8, ,
912,9, ,
912,10, ,
912,11, ,
912,12, ,
912,13, ,
912,14, ,
912,15, ,
912,16, ,
912,17, ,
912,18, ,
912,19, ,
912,20, ,
912,21, ,
912,22, ,
912,23, ,
912,24, ,
912,25, ,
912,26, ,
912,27, ,
912,28, ,
912,29, ,
912,30, ,
912,31, ,
912,32, ,
912,33, ,
912,34, ,
912,35, ,
912,36, ,
912,37, ,
912,38, ,
912,39, ,
912,40, ,
912,41, ,
912,42, ,
912,43, ,
912,44, ,
912,45, ,
912,46, ,
912,47, ,
912,48, ,
912,49, ,
912,50, ,
912,51, ,
912,52, ,
912,53, ,
912,54, ,
912,55, ,
912,56, ,
912,57, ,
912,58, ,
912,59, ,
912,60, ,
912,61, ,
912,62, ,
912,63, ,
912,64, ,
912,65, ,
912,66, ,
912,67, ,
912,68, ,
912,69, ,
912,70, ,
912,71, ,
912,72, ,
912,73, ,
912,74, ,
912,75, ,
912,76, ,
912,77, ,
912,78, ,
912,79, ,
912,80, ,
912,81, ,
912,82, ,
912,83, ,
912,84, ,
912,85, ,
912,86, ,
912,87, ,
912,88, ,
912,89, ,
912,90, ,
912,91, ,
912,92, ,
912,93, ,
912,94, ,
912,95, ,
912,96, ,
912,97, ,
912,98, ,
912,99, ,
912,100, ,
912,101, ,
912,102, ,
912,103, ,
912,104, ,
912,105, ,
912,106, ,
912,107, ,
912,108, ,
912,109, ,
912,110, ,
912,111, ,
912,112, ,
912,113, ,
912,114, ,
912,115, ,
912,116, ,
912,117, ,
912,118, ,
912,119, ,
912,120, ,
912,121, ,
912,122, ,
912,123, ,
912,124, ,
912,125, ,
912,126, ,
912,127, ,
912,128, ,
912,129, ,
912,130, ,
912,131, ,
912,132, ,
912,133, ,
912,134, ,
912,135, ,
912,136, ,
912,137, ,
912,138, ,
912,139, ,
912,140, ,
912,141, ,
912,142, ,
912,143, ,
912,144, ,
912,145, ,
912,146, ,
912,147, ,
912,148, ,
912,149, ,
912,150, ,
912,151, ,
912,152, ,
912,153, ,
912,154, ,
912,155, ,
912,156, ,
912,157, ,
912,158, ,
912,159, ,
912,160, ,
912,161, ,
912,162, ,
912,163, ,
912,164, ,
912,165, ,
912,166, ,
912,167, ,
912,168, ,
912,169, ,
912,170, ,
912,171, ,
912,172, ,
912,173, ,
912,174, ,
912,175, ,
912,176, ,
912,177, ,
912,178, ,
912,179, ,
912,180, ,
912,181, ,
912,182, ,
912,183, ,
912,184, ,
912,185, ,
912,186, ,
912,187, ,
912,188, ,
912,189, ,
912,190, ,
912,191, ,
912,192, ,
912,193, ,
912,194, ,
912,195, ,
912,196, ,
912,197, ,
912,198, ,
912,199, ,
912,200, ,
912,201, ,
912,202, ,
912,203, ,
912,204, ,
912,205, ,
912,206, ,
912,207, ,
912,208, ,
912,209, ,
912,210, ,
912,211, ,
912,212, ,
912,213, ,
912,214, ,
912,215, ,
912,216, ,
912,217, ,
912,218, ,
912,219, ,
912,220, ,
912,221, ,
912,222, ,
912,223, ,
912,224, ,
912,225, ,
912,226, ,
912,227, ,
912,228, ,
912,229, ,
912,230, ,
912,231, ,
912,232, ,
912,233, ,
912,234, ,
912,235, ,
912,236, ,
912,237, ,
912,238, ,
912,239, ,
912,240, ,
912,241, ,
912,242, ,
912,243, ,
912,244, ,
912,245, ,
912,246, ,
912,247, ,
912,248, ,
912,249, ,
912,250, ,
912,251, ,
912,252, ,
912,253, ,
912,254, ,
912,255, ,
912,256, ,
912,257, ,
912,258, ,
912,259, ,
912,260, ,
912,261, ,
912,262, ,
912,263, ,
912,264, ,
912,265, ,
912,266, ,
912,267, ,
912,268, ,
912,269, ,
912,270, ,
912,271, ,
912,272, ,
912,273, ,
912,274, ,
912,275, ,
912,276, ,
912,277, ,
912,278, ,
912,279, ,
912,280, ,
912,281, ,
912,282, ,
912,283, ,
912,284, ,
912,285, ,
912,286, ,
912,287, ,
912,288, ,
912,289, ,
912,290, ,
912,291, ,
912,292, ,
912,293, ,
912,294, ,
912,295, ,
912,296, ,
912,297, ,
912,298, ,
912,299, ,
912,300, ,
912,301, ,
912,302, ,
912,303, ,
912,304, ,
912,305, ,
912,306, ,
912,307, ,
912,308, ,
912,309, ,
912,310, ,
912,311, ,
912,312, ,
912,313, ,
912,314, ,
912,315, ,
913,0, ,
913,1, ,
913,2, ,
913,3, ,
913,4, ,
913,5, ,
913,6, ,
913,7, ,
913,8, ,
913,9, ,
913,10, ,
913,11, ,
913,12, ,
913,13, ,
913,14, ,
913,15, ,
913,16, ,
913,17, ,
913,18, ,
913,19, ,
913,20, ,
913,21, ,
913,22, ,
913,23, ,
913,24, ,
913,25, ,
913,26, ,
913,27, ,
913,28, ,
913,29, ,
913,30, ,
913,31, ,
913,32, ,
913,33, ,
913,34, ,
913,35, ,
913,36, ,
913,37, ,
913,38, ,
913,39, ,
913,40, ,
913,41, ,
913,42, ,
913,43, ,
913,44, ,
913,45, ,
913,46, ,
913,47, ,
913,48, ,
913,49, ,
913,50, ,
913,51, ,
913,52, ,
913,53, ,
913,54, ,
913,55, ,
913,56, ,
913,57, ,
913,58, ,
913,59, ,
913,60, ,
913,61, ,
913,62, ,
913,63, ,
914,0, ,
914,1, ,
914,2, ,
914,3, ,
914,4, ,
914,5, ,
914,6, ,
914,7, ,
914,8, ,
914,9, ,
914,10, ,
914,11, ,
914,12, ,
914,13, ,
914,14, ,
914,15, ,
914,16, ,
914,17, ,
914,18, ,
914,19, ,
914,20, ,
914,21, ,
914,22, ,
914,23, ,
914,24, ,
914,25, ,
914,26, ,
914,27, ,
914,28, ,
914,29, ,
914,30, ,
914,31, ,
914,32, ,
914,33, ,
914,34, ,
914,35, ,
914,36, ,
914,37, ,
914,38, ,
914,39, ,
914,40, ,
914,41, ,
914,42, ,
914,43, ,
914,44, ,
914,45, ,
914,46, ,
914,47, ,
914,48, ,
914,49, ,
914,50, ,
914,51, ,
914,52, ,
914,53, ,
914,54, ,
915,0, ,
915,1, ,
915,2, ,
915,3, ,
915,4, ,
915,5, ,
915,6, ,
915,7, ,
915,8, ,
915,9, ,
915,10, ,
915,11, ,
915,12, ,
915,13, ,
915,14, ,
915,15, ,
915,16, ,
915,17, ,
915,18, ,
915,19, ,
915,20, ,
915,21, ,
915,22, ,
915,23, ,
915,24, ,
915,25, ,
915,26, ,
915,27, ,
915,28, ,
915,29, ,
915,30, ,
915,31, ,
915,32, ,
915,33, ,
915,34, ,
915,35, ,
915,36, ,
915,37, ,
915,38, ,
915,39, ,
915,40, ,
915,41, ,
915,42, ,
915,43, ,
915,44, ,
915,45, ,
915,46, ,
915,47, ,
915,48, ,
915,49, ,
915,50, ,
915,51, ,
915,52, ,
915,53, ,
915,54, ,
916,0, ,
916,1, ,
916,2, ,
916,3, ,
916,4, ,
916,5, ,
916,6, ,
916,7, ,
916,8, ,
916,9, ,
916,10, ,
916,11, ,
916,12, ,
916,13, ,
916,14, ,
916,15, ,
916,16, ,
916,17, ,
916,18, ,
916,19, ,
916,20, ,
916,21, ,
916,22, ,
916,23, ,
916,24, ,
916,25, ,
916,26, ,
916,27, ,
916,28, ,
916,29, ,
916,30, ,
916,31, ,
916,32, ,
916,33, ,
916,34, ,
916,35, ,
916,36, ,
916,37, ,
916,38, ,
916,39, ,
916,40, ,
916,41, ,
916,42, ,
916,43, ,
916,44, ,
916,45, ,
916,46, ,
916,47, ,
916,48, ,
916,49, ,
916,50, ,
916,51, ,
917,0, ,
917,1, ,
917,2, ,
917,3, ,
917,4, ,
917,5, ,
917,6, ,
917,7, ,
917,8, ,
917,9, ,
917,10, ,
917,11, ,
917,12, ,
917,13, ,
917,14, ,
917,15, ,
917,16, ,
917,17, ,
917,18, ,
917,19, ,
917,20, ,
917,21, ,
918,0, ,
918,1, ,
918,2, ,
918,3, ,
918,4, ,
918,5, ,
918,6, ,
918,7, ,
918,8, ,
918,9, ,
918,10, ,
918,11, ,
918,12, ,
918,13, ,
918,14, ,
918,15, ,
919,0, ,
919,1, ,
919,2, ,
919,3, ,
919,4, ,
919,5, ,
919,6, ,
919,7, ,
919,8, ,
919,9, ,
919,10, ,
919,11, ,
919,12, ,
919,13, ,
919,14, ,
919,15, ,
920,0, ,
920,1, ,
920,2, ,
920,3, ,
920,4, ,
920,5, ,
920,6, ,
920,7, ,
920,8, ,
920,9, ,
920,10, ,
920,11, ,
920,12, ,
920,13, ,
920,14, ,
920,15, ,
920,16, ,
920,17, ,
920,18, ,
920,19, ,
920,20, ,
920,21, ,
920,22, ,
920,23, ,
920,24, ,
921,0, ,
921,1, ,
921,2, ,
921,3, ,
921,4, ,
921,5, ,
921,6, ,
921,7, ,
921,8, ,
921,9, ,
921,10, ,
921,11, ,
921,12, ,
921,13, ,
921,14, ,
921,15, ,
921,16, ,
921,17, ,
921,18, ,
921,19, ,
921,20, ,
922,0, ,
922,1, ,
922,2, ,
922,3, ,
922,4, ,
922,5, ,
922,6, ,
922,7, ,
922,8, ,
922,9, ,
922,10, ,
922,11, ,
922,12, ,
922,13, ,
922,14, ,
922,15, ,
922,16, ,
922,17, ,
922,18, ,
922,19, ,
922,20, ,
922,21, ,
922,22, ,
922,23, ,
922,24, ,
922,25, ,
922,26, ,
922,27, ,
922,28, ,
922,29, ,
922,30, ,
922,31, ,
922,32, ,
922,33, ,
922,34, ,
922,35, ,
922,36, ,
922,37, ,
922,38, ,
923,0, ,
923,1, ,
923,2, ,
923,3, ,
923,4, ,
923,5, ,
923,6, ,
923,7, ,
923,8, ,
923,9, ,
923,10, ,
923,11, ,
923,12, ,
923,13, ,
923,14, ,
923,15, ,
923,16, ,
923,17, ,
923,18, ,
923,19, ,
923,20, ,
924,0, ,
924,1, ,
924,2, ,
924,3, ,
924,4, ,
924,5, ,
924,6, ,
924,7, ,
924,8, ,
924,9, ,
924,10, ,
924,11, ,
924,12, ,
924,13, ,
924,14, ,
924,15, ,
924,16, ,
924,17, ,
924,18, ,
924,19, ,
924,20, ,
924,21, ,
924,22, ,
924,23, ,
924,24, ,
924,25, ,
924,26, ,
924,27, ,
924,28, ,
924,29, ,
924,30, ,
924,31, ,
924,32, ,
924,33, ,
924,34, ,
924,35, ,
924,36, ,
924,37, ,
924,38, ,
924,39, ,
924,40, ,
924,41, ,
924,42, ,
924,43, ,
924,44, ,
924,45, ,
924,46, ,
924,47, ,
924,48, ,
924,49, ,
924,50, ,
924,51, ,
924,52, ,
924,53, ,
924,54, ,
924,55, ,
924,56, ,
924,101, ,
924,102, ,
924,103, ,
924,104, ,
924,105, ,
924,106, ,
924,107, ,
924,108, ,
924,109, ,
924,110, ,
924,111, ,
924,112, ,
924,113, ,
924,114, ,
924,115, ,
924,116, ,
924,117, ,
924,118, ,
924,119, ,
924,120, ,
924,121, ,
924,122, ,
924,123, ,
924,124, ,
924,125, ,
924,126, ,
924,127, ,
924,128, ,
924,129, ,
924,130, ,
924,131, ,
924,132, ,
924,133, ,
924,134, ,
924,135, ,
924,136, ,
924,137, ,
924,138, ,
924,139, ,
924,140, ,
924,141, ,
924,142, ,
924,143, ,
924,144, ,
924,145, ,
924,146, ,
924,147, ,
924,148, ,
924,149, ,
924,150, ,
924,151, ,
924,152, ,
924,153, ,
924,154, ,
924,155, ,
924,156, ,
925,0, ,
926,0, ,
927,0, ,
927,1, ,
927,2, ,
927,3, ,
927,4, ,
927,5, ,
927,6, ,
927,7, ,
927,8, ,
927,9, ,
927,10, ,
927,11, ,
927,12, ,
927,13, ,
927,14, ,
927,15, ,
927,16, ,
927,17, ,
927,18, ,
927,19, ,
927,20, ,
927,21, ,
927,22, ,
927,23, ,
927,24, ,
927,25, ,
927,26, ,
927,27, ,
927,28, ,
927,29, ,
927,30, ,
927,31, ,
927,32, ,
927,33, ,
927,34, ,
927,35, ,
927,36, ,
927,37, ,
927,38, ,
927,39, ,
927,40, ,
927,41, ,
927,42, ,
927,43, ,
927,44, ,
927,45, ,
927,46, ,
927,47, ,
927,48, ,
927,49, ,
927,50, ,
927,51, ,
927,52, ,
927,53, ,
927,54, ,
927,55, ,
927,56, ,
927,57, ,
927,58, ,
927,59, ,
927,60, ,
927,61, ,
927,62, ,
927,63, ,
927,64, ,
927,65, ,
927,66, ,
927,67, ,
927,68, ,
927,69, ,
927,70, ,
927,71, ,
927,72, ,
927,73, ,
927,74, ,
927,75, ,
927,76, ,
927,77, ,
927,78, ,
927,79, ,
927,80, ,
927,81, ,
927,82, ,
927,83, ,
927,84, ,
927,85, ,
927,86, ,
927,87, ,
927,88, ,
927,89, ,
927,90, ,
928,0, ,
928,1, ,
928,2, ,
928,3, ,
928,4, ,
928,5, ,
928,6, ,
928,7, ,
928,8, ,
928,9, ,
929,0, ,
929,1, ,
929,2, ,
929,3, ,
929,4, ,
929,5, ,
929,6, ,
929,7, ,
929,8, ,
929,9, ,
929,10, ,
929,11, ,
929,12, ,
929,13, ,
929,14, ,
929,15, ,
929,16, ,
929,17, ,
929,18, ,
929,19, ,
929,20, ,
929,21, ,
929,22, ,
929,23, ,
929,24, ,
929,25, ,
929,26, ,
929,27, ,
929,28, ,
929,29, ,
929,30, ,
929,31, ,
929,32, ,
929,33, ,
929,34, ,
929,35, ,
929,36, ,
929,37, ,
929,38, ,
929,39, ,
929,40, ,
929,41, ,
929,42, ,
929,43, ,
929,44, ,
929,45, ,
929,46, ,
929,47, ,
929,48, ,
929,49, ,
929,50, ,
929,51, ,
929,52, ,
929,53, ,
929,54, ,
929,55, ,
929,56, ,
929,57, ,
929,58, ,
929,59, ,
929,60, ,
929,61, ,
929,62, ,
929,63, ,
929,64, ,
929,65, ,
929,66, ,
929,67, ,
929,68, ,
929,69, ,
929,70, ,
929,71, ,
929,72, ,
929,73, ,
929,74, ,
929,75, ,
929,76, ,
929,77, ,
929,78, ,
929,79, ,
929,80, ,
929,81, ,
929,82, ,
929,83, ,
929,84, ,
929,85, ,
929,86, ,
929,87, ,
929,88, ,
929,89, ,
929,90, ,
929,91, ,
929,92, ,
929,93, ,
929,94, ,
929,95, ,
929,96, ,
929,97, ,
929,98, ,
929,99, ,
929,100, ,
929,101, ,
929,102, ,
929,103, ,
929,104, ,
929,105, ,
929,106, ,
929,107, ,
929,108, ,
929,109, ,
929,110, ,
929,111, ,
929,112, ,
929,113, ,
930,0, ,
930,1, ,
930,2, ,
930,3, ,
930,4, ,
930,5, ,
930,6, ,
930,7, ,
930,8, ,
930,9, ,
930,10, ,
930,11, ,
930,12, ,
930,13, ,
930,14, ,
930,15, ,
930,16, ,
930,17, ,
930,18, ,
930,19, ,
930,20, ,
940,0, ,
940,1, ,
940,2, ,
940,3, ,
940,4, ,
940,5, ,
940,6, ,
940,7, ,
940,8, ,
940,9, ,
940,10, ,
940,11, ,
940,12, ,
940,13, ,
940,14, ,
940,15, ,
940,16, ,
940,17, ,
940,18, ,
940,19, ,
941,0, ,
941,1, ,
941,2, ,
948,0, ,
948,1, ,
948,2, ,
948,3, ,
948,4, ,
948,5, ,
948,6, ,
948,7, ,
948,8, ,
948,9, ,
948,10, ,
948,11, ,
948,12, ,
948,13, ,
948,14, ,
949,0, ,
949,1, ,
949,2, ,
949,3, ,
950,0, ,
950,1, ,
950,2, ,
950,3, ,
950,4, ,
950,5, ,
950,6, ,
950,7, ,
950,8, ,
951,0, ,
951,1, ,
951,2, ,
951,3, ,
951,4, ,
951,5, ,
951,6, ,
951,7, ,
951,8, ,
951,9, ,
951,10, ,
951,11, ,
951,12, ,
951,13, ,
951,14, ,
951,15, ,
951,16, ,
951,17, ,
951,18, ,
951,19, ,
951,20, ,
951,21, ,
952,0, ,
952,1, ,
952,2, ,
952,3, ,
952,4, ,
952,5, ,
952,6, ,
952,7, ,
952,8, ,
952,9, ,
952,10, ,
952,11, ,
952,12, ,
952,13, ,
952,14, ,
952,15, ,
952,16, ,
952,17, ,
952,18, ,
952,19, ,
952,20, ,
952,21, ,
952,22, ,
952,23, ,
952,24, ,
952,25, ,
952,26, ,
952,27, ,
952,28, ,
952,29, ,
952,30, ,
952,31, ,
952,32, ,
952,33, ,
952,34, ,
952,35, ,
952,36, ,
952,37, ,
952,38, ,
952,39, ,
952,40, ,
952,41, ,
952,42, ,
952,43, ,
952,44, ,
952,45, ,
952,46, ,
952,47, ,
952,48, ,
952,49, ,
952,50, ,
952,51, ,
952,52, ,
952,53, ,
952,54, ,
952,55, ,
952,56, ,
952,57, ,
952,58, ,
952,59, ,
952,60, ,
952,61, ,
952,62, ,
952,63, ,
952,64, ,
952,65, ,
952,66, ,
952,67, ,
952,68, ,
952,69, ,
952,70, ,
952,71, ,
952,72, ,
952,73, ,
952,74, ,
952,75, ,
952,76, ,
952,77, ,
952,78, ,
952,79, ,
952,80, ,
952,81, ,
952,82, ,
952,83, ,
952,84, ,
952,85, ,
952,86, ,
952,87, ,
952,88, ,
952,89, ,
952,90, ,
952,91, ,
952,92, ,
952,93, ,
952,94, ,
952,95, ,
952,96, ,
952,97, ,
952,98, ,
952,99, ,
952,100, ,
952,101, ,
952,102, ,
952,103, ,
952,104, ,
952,105, ,
952,106, ,
952,107, ,
952,108, ,
952,109, ,
952,110, ,
952,111, ,
952,112, ,
952,113, ,
952,114, ,
952,115, ,
952,116, ,
952,117, ,
952,118, ,
952,119, ,
952,120, ,
952,121, ,
952,122, ,
952,123, ,
952,124, ,
952,125, ,
952,126, ,
952,127, ,
952,128, ,
952,129, ,
952,130, ,
952,131, ,
952,132, ,
952,133, ,
952,134, ,
952,135, ,
952,136, ,
952,137, ,
952,138, ,
952,139, ,
952,140, ,
952,141, ,
952,142, ,
952,143, ,
952,144, ,
952,145, ,
952,146, ,
952,147, ,
952,148, ,
952,149, ,
952,150, ,
952,151, ,
952,152, ,
952,153, ,
952,154, ,
952,155, ,
952,156, ,
952,157, ,
952,158, ,
952,159, ,
952,160, ,
952,161, ,
952,162, ,
952,163, ,
952,164, ,
952,165, ,
952,166, ,
952,167, ,
952,168, ,
952,169, ,
952,170, ,
952,171, ,
952,172, ,
952,173, ,
952,174, ,
952,175, ,
952,176, ,
952,177, ,
952,178, ,
952,179, ,
952,180, ,
952,181, ,
952,182, ,
952,183, ,
952,184, ,
952,185, ,
952,186, ,
952,187, ,
952,188, ,
952,189, ,
952,190, ,
952,191, ,
952,192, ,
952,193, ,
952,194, ,
952,195, ,
952,196, ,
952,197, ,
952,198, ,
952,199, ,
952,200, ,
952,201, ,
952,202, ,
952,203, ,
952,204, ,
952,205, ,
952,206, ,
952,207, ,
952,208, ,
952,209, ,
952,210, ,
952,211, ,
952,212, ,
952,213, ,
952,214, ,
952,215, ,
952,216, ,
952,217, ,
952,218, ,
952,219, ,
952,220, ,
952,221, ,
952,222, ,
952,223, ,
952,224, ,
952,225, ,
952,226, ,
952,227, ,
952,228, ,
952,229, ,
952,230, ,
952,231, ,
952,232, ,
952,233, ,
952,234, ,
952,235, ,
952,236, ,
952,237, ,
952,238, ,
952,239, ,
952,240, ,
952,241, ,
952,242, ,
952,243, ,
952,244, ,
952,245, ,
952,246, ,
952,247, ,
952,248, ,
952,249, ,
952,250, ,
952,251, ,
952,252, ,
952,253, ,
952,254, ,
952,255, ,
952,256, ,
952,257, ,
952,258, ,
952,259, ,
952,260, ,
952,261, ,
952,262, ,
952,263, ,
952,264, ,
952,265, ,
952,266, ,
952,267, ,
952,268, ,
952,269, ,
952,270, ,
952,271, ,
952,272, ,
952,273, ,
952,274, ,
952,275, ,
952,276, ,
952,277, ,
952,278, ,
952,279, ,
952,280, ,
953,0, ,
953,1, ,
953,2, ,
953,3, ,
953,4, ,
953,5, ,
953,6, ,
953,7, ,
953,8, ,
953,9, ,
953,10, ,
953,11, ,
953,12, ,
953,13, ,
953,14, ,
953,15, ,
953,16, ,
953,17, ,
953,18, ,
953,19, ,
953,20, ,
953,21, ,
953,22, ,
953,23, ,
953,24, ,
953,25, ,
953,26, ,
953,27, ,
953,28, ,
953,29, ,
953,30, ,
953,31, ,
953,32, ,
953,33, ,
953,34, ,
953,35, ,
953,36, ,
953,37, ,
953,38, ,
953,39, ,
953,40, ,
953,41, ,
953,42, ,
953,43, ,
953,44, ,
953,45, ,
953,46, ,
953,47, ,
953,48, ,
953,49, ,
953,50, ,
953,51, ,
953,52, ,
953,53, ,
953,54, ,
953,55, ,
953,56, ,
970,0, ,
970,1, ,
970,2, ,
970,3, ,
970,4, ,
970,5, ,
970,6, ,
970,7, ,
970,8, ,
970,9, ,
970,10, ,
970,11, ,
970,12, ,
970,13, ,
970,14, ,
970,15, ,
970,16, ,
970,17, ,
970,18, ,
970,19, ,
970,20, ,
970,21, ,
970,22, ,
970,23, ,
970,24, ,
970,25, ,
970,26, ,
970,27, ,
970,28, ,
970,29, ,
970,30, ,
970,31, ,
970,32, ,
970,33, ,
970,34, ,
970,35, ,
970,36, ,
970,37, ,
970,38, ,
970,39, ,
970,40, ,
970,41, ,
970,42, ,
970,43, ,
970,44, ,
970,45, ,
970,46, ,
970,47, ,
970,48, ,
970,49, ,
971,0, ,
971,1, ,
971,2, ,
971,3, ,
971,4, ,
971,5, ,
971,6, ,
971,7, ,
971,8, ,
971,9, ,
971,10, ,
971,11, ,
971,12, ,
971,13, ,
971,14, ,
971,15, ,
971,16, ,
971,17, ,
971,18, ,
971,19, ,
971,20, ,
971,21, ,
971,22, ,
971,23, ,
971,24, ,
971,25, ,
971,26, ,
971,27, ,
971,28, ,
971,29, ,
971,30, ,
971,31, ,
971,32, ,
971,33, ,
971,34, ,
971,35, ,
971,36, ,
971,37, ,
971,38, ,
971,39, ,
971,40, ,
971,41, ,
971,42, ,
971,43, ,
971,44, ,
971,45, ,
971,46, ,
971,47, ,
971,48, ,
971,49, ,
971,50, ,
971,51, ,
971,52, ,
971,53, ,
971,54, ,
971,55, ,
971,56, ,
971,57, ,
971,58, ,
971,59, ,
971,60, ,
972,0, ,
972,1, ,
972,2, ,
972,3, ,
972,4, ,
972,5, ,
972,6, ,
972,7, ,
972,8, ,
972,9, ,
972,10, ,
972,11, ,
972,12, ,
972,13, ,
972,14, ,
972,15, ,
972,16, ,
972,17, ,
972,18, ,
972,19, ,
972,20, ,
972,21, ,
972,22, ,
972,23, ,
972,24, ,
972,25, ,
972,26, ,
972,27, ,
972,28, ,
972,29, ,
972,30, ,
972,31, ,
972,32, ,
972,33, ,
972,34, ,
972,35, ,
972,36, ,
972,37, ,
972,38, ,
972,39, ,
972,40, ,
972,41, ,
972,42, ,
972,43, ,
972,44, ,
972,45, ,
972,46, ,
972,47, ,
972,48, ,
972,49, ,
972,50, ,
972,51, ,
972,52, ,
972,53, ,
972,54, ,
972,55, ,
972,56, ,
972,57, ,
972,58, ,
972,59, ,
972,60, ,
981,0, ,
981,1, ,
981,2, ,
981,3, ,
981,4, ,
981,5, ,
981,6, ,
981,7, ,
981,8, ,
981,9, ,
981,10, ,
981,11, ,
981,12, ,
981,13, ,
981,14, ,
981,15, ,
981,16, ,
981,17, ,
981,18, ,
981,19, ,
981,20, ,
981,21, ,
981,22, ,
981,23, ,
981,24, ,
981,25, ,
981,26, ,
981,27, ,
981,28, ,
981,29, ,
981,30, ,
981,31, ,
981,32, ,
981,33, ,
981,34, ,
981,35, ,
981,36, ,
981,37, ,
981,38, ,
981,39, ,
981,40, ,
981,41, ,
981,42, ,
981,43, ,
981,44, ,
981,45, ,
981,46, ,
981,47, ,
981,48, ,
981,49, ,
981,50, ,
981,51, ,
981,52, ,
981,53, ,
981,54, ,
981,55, ,
981,56, ,
981,57, ,
981,58, ,
981,59, ,
981,60, ,
981,61, ,
981,62, ,
981,63, ,
981,64, ,
981,65, ,
981,66, ,
981,67, ,
981,68, ,
981,69, ,
981,70, ,
981,71, ,
981,72, ,
981,73, ,
981,74, ,
981,75, ,
981,76, ,
981,77, ,
981,78, ,
981,79, ,
981,80, ,
981,81, ,
981,82, ,
981,83, ,
981,84, ,
981,85, ,
981,86, ,
981,87, ,
981,88, ,
981,89, ,
981,90, ,
981,91, ,
981,92, ,
981,93, ,
981,94, ,
981,95, ,
981,96, ,
981,97, ,
981,98, ,
981,99, ,
981,100, ,
981,101, ,
981,102, ,
981,103, ,
981,104, ,
981,105, ,
981,106, ,
981,107, ,
981,108, ,
981,109, ,
981,110, ,
981,111, ,
981,112, ,
981,113, ,
981,114, ,
981,115, ,
981,116, ,
981,117, ,
981,118, ,
981,119, ,
981,120, ,
981,121, ,
981,122, ,
981,123, ,
981,124, ,
981,125, ,
981,126, ,
981,127, ,
981,128, ,
981,129, ,
981,130, ,
981,131, ,
981,132, ,
981,133, ,
981,134, ,
981,135, ,
981,136, ,
981,137, ,
981,138, ,
981,139, ,
981,140, ,
981,141, ,
981,142, ,
981,143, ,
981,144, ,
981,145, ,
981,146, ,
981,147, ,
981,148, ,
981,149, ,
981,150, ,
981,151, ,
981,152, ,
981,153, ,
981,154, ,
981,155, ,
981,156, ,
981,157, ,
981,158, ,
981,159, ,
981,160, ,
981,161, ,
981,162, ,
981,163, ,
981,164, ,
981,165, ,
981,166, ,
981,167, ,
981,168, ,
981,169, ,
981,170, ,
981,171, ,
981,172, ,
981,173, ,
981,174, ,
981,175, ,
981,176, ,
981,177, ,
981,178, ,
981,179, ,
981,180, ,
981,181, ,
981,182, ,
981,183, ,
981,184, ,
981,185, ,
981,186, ,
981,187, ,
981,188, ,
981,189, ,
981,190, ,
981,191, ,
981,192, ,
981,193, ,
981,194, ,
981,195, ,
981,196, ,
981,197, ,
981,198, ,
981,199, ,
981,200, ,
981,201, ,
981,202, ,
981,203, ,
981,204, ,
981,205, ,
981,206, ,
981,207, ,
981,208, ,
981,209, ,
981,210, ,
981,211, ,
981,212, ,
981,213, ,
981,214, ,
981,215, ,
981,216, ,
981,217, ,
981,218, ,
981,219, ,
981,220, ,
981,221, ,
981,222, ,
981,223, ,
981,224, ,
981,225, ,
981,226, ,
981,227, ,
981,228, ,
981,229, ,
981,230, ,
981,231, ,
981,232, ,
981,233, ,
981,234, ,
981,235, ,
981,236, ,
981,237, ,
981,238, ,
981,239, ,
981,240, ,
981,241, ,
981,242, ,
981,243, ,
981,244, ,
981,245, ,
981,246, ,
981,247, ,
981,248, ,
981,249, ,
981,250, ,
981,251, ,
981,252, ,
981,253, ,
981,254, ,
981,255, ,
981,256, ,
981,257, ,
981,258, ,
981,259, ,
981,260, ,
981,261, ,
981,262, ,
981,263, ,
981,264, ,
981,265, ,
981,266, ,
981,267, ,
981,268, ,
981,269, ,
981,270, ,
981,271, ,
981,272, ,
981,273, ,
981,274, ,
981,275, ,
981,276, ,
981,277, ,
981,278, ,
981,279, ,
981,280, ,
981,281, ,
981,282, ,
981,283, ,
981,284, ,
981,285, ,
981,286, ,
981,287, ,
981,288, ,
981,289, ,
981,290, ,
981,291, ,
981,292, ,
981,293, ,
981,294, ,
981,295, ,
981,296, ,
981,297, ,
981,298, ,
981,299, ,
981,300, ,
981,301, ,
981,302, ,
981,303, ,
981,304, ,
981,305, ,
981,306, ,
981,307, ,
981,308, ,
981,309, ,
981,310, ,
981,311, ,
981,312, ,
981,313, ,
981,314, ,
981,315, ,
982,0, ,
982,1, ,
982,2, ,
982,3, ,
982,4, ,
982,5, ,
982,6, ,
982,7, ,
982,8, ,
982,9, ,
982,10, ,
982,11, ,
982,12, ,
982,13, ,
982,14, ,
982,15, ,
982,16, ,
982,17, ,
982,18, ,
982,19, ,
982,20, ,
982,21, ,
982,22, ,
982,23, ,
982,24, ,
982,25, ,
982,26, ,
982,27, ,
982,28, ,
982,29, ,
982,30, ,
982,31, ,
982,32, ,
982,33, ,
982,34, ,
982,35, ,
982,36, ,
982,37, ,
982,38, ,
982,39, ,
982,40, ,
982,41, ,
982,42, ,
982,43, ,
982,44, ,
982,45, ,
982,46, ,
982,47, ,
982,48, ,
982,49, ,
982,50, ,
982,51, ,
982,52, ,
982,53, ,
982,54, ,
983,0, ,
983,1, ,
983,2, ,
983,3, ,
983,4, ,
983,5, ,
983,6, ,
983,7, ,
983,8, ,
983,9, ,
983,10, ,
983,11, ,
983,12, ,
984,0, ,
984,1, ,
984,2, ,
984,3, ,
984,4, ,
984,5, ,
984,6, ,
984,7, ,
984,8, ,
984,9, ,
984,10, ,
984,11, ,
984,12, ,
984,13, ,
984,14, ,
984,15, ,
984,16, ,
984,17, ,
984,18, ,
984,19, ,
984,20, ,
985,0, ,
985,21, ,
985,22, ,
985,23, ,
985,24, ,
985,25, ,
985,26, ,
985,27, ,
985,28, ,
985,29, ,
985,30, ,
985,41, ,
985,42, ,
985,43, ,
985,44, ,
985,45, ,
985,46, ,
985,47, ,
985,48, ,
985,49, ,
985,50, ,
985,71, ,
985,72, ,
985,73, ,
985,74, ,
985,75, ,
985,76, ,
985,77, ,
985,78, ,
985,79, ,
985,80, ,
986,0, ,
986,1, ,
986,2, ,
986,3, ,
986,4, ,
986,5, ,
986,6, ,
986,7, ,
986,8, ,
986,9, ,
986,10, ,
986,11, ,
986,12, ,
986,13, ,
986,14, ,
986,15, ,
986,16, ,
986,17, ,
986,18, ,
986,19, ,
986,20, ,
986,21, ,
986,22, ,
986,23, ,
986,24, ,
986,25, ,
986,26, ,
986,27, ,
986,28, ,
986,29, ,
986,30, ,
986,31, ,
986,32, ,
986,33, ,
986,34, ,
986,35, ,
986,36, ,
986,37, ,
986,38, ,
986,39, ,
986,40, ,
986,41, ,
986,42, ,
986,43, ,
986,44, ,
986,45, ,
986,46, ,
986,47, ,
986,48, ,
986,49, ,
986,50, ,
986,51, ,
986,52, ,
986,53, ,
986,54, ,
986,55, ,
986,56, ,
986,57, ,
986,58, ,
986,59, ,
986,60, ,
986,61, ,
986,62, ,
986,63, ,
990,0, ,
990,1, ,
990,2, ,
990,3, ,
990,4, ,
990,5, ,
990,6, ,
990,7, ,
990,8, ,
990,9, ,
990,10, ,
990,11, ,
990,12, ,
990,13, ,
990,14, ,
990,15, ,
990,16, ,
990,17, ,
990,18, ,
990,19, ,
990,20, ,
990,21, ,
990,22, ,
990,23, ,
990,24, ,
990,25, ,
990,26, ,
990,27, ,
990,28, ,
990,29, ,
990,30, ,
990,31, ,
990,32, ,
990,33, ,
990,34, ,
990,35, ,
990,36, ,
990,37, ,
990,38, ,
990,39, ,
990,40, ,
990,41, ,
990,42, ,
990,43, ,
990,44, ,
990,45, ,
990,46, ,
990,47, ,
990,48, ,
990,49, ,
990,50, ,
990,51, ,
990,52, ,
990,53, ,
990,54, ,
990,55, ,
990,56, ,
990,57, ,
990,58, ,
990,59, ,
990,60, ,
990,61, ,
990,62, ,
990,63, ,
990,64, ,
990,65, ,
990,66, ,
990,67, ,
990,68, ,
990,69, ,
990,70, ,
990,71, ,
990,72, ,
990,73, ,
990,74, ,
990,75, ,
990,76, ,
990,77, ,
990,78, ,
990,79, ,
990,80, ,
990,81, ,
990,82, ,
990,83, ,
990,84, ,
990,85, ,
990,86, ,
990,87, ,
990,88, ,
990,89, ,
990,90, ,
990,91, ,
990,92, ,
990,93, ,
990,94, ,
990,95, ,
990,96, ,
990,97, ,
990,98, ,
990,99, ,
990,100, ,
990,101, ,
990,102, ,
990,103, ,
990,104, ,
990,105, ,
990,106, ,
990,107, ,
990,108, ,
990,109, ,
990,110, ,
990,111, ,
990,112, ,
990,113, ,
990,114, ,
990,115, ,
990,116, ,
990,117, ,
990,118, ,
990,119, ,
990,120, ,
990,121, ,
990,122, ,
990,123, ,
990,124, ,
990,125, ,
990,126, ,
990,127, ,
990,128, ,
990,129, ,
990,130, ,
990,131, ,
990,132, ,
990,133, ,
990,134, ,
990,135, ,
990,136, ,
990,137, ,
990,138, ,
990,139, ,
990,140, ,
990,141, ,
990,142, ,
990,143, ,
990,144, ,
990,145, ,
990,146, ,
990,147, ,
990,148, ,
990,149, ,
990,150, ,
990,151, ,
990,152, ,
990,153, ,
990,154, ,
990,155, ,
990,156, ,
990,157, ,
990,158, ,
990,159, ,
990,160, ,
990,161, ,
990,162, ,
990,163, ,
990,164, ,
990,165, ,
990,166, ,
990,167, ,
990,168, ,
990,169, ,
990,170, ,
990,171, ,
990,172, ,
990,173, ,
990,174, ,
990,235, ,
990,236, ,
990,237, ,
990,238, ,
990,239, ,
990,240, ,
990,259, ,
990,260, ,
990,261, ,
990,262, ,
990,263, ,
990,264, ,
990,283, ,
990,284, ,
990,285, ,
990,286, ,
990,287, ,
990,288, ,
990,295, ,
990,296, ,
990,297, ,
990,298, ,
990,299, ,
990,300, ,
990,301, ,
990,302, ,
990,303, ,
990,304, ,
990,305, ,
990,306, ,
990,307, ,
990,308, ,
990,309, ,
990,310, ,
990,311, ,
990,312, ,
991,0, ,
991,1, ,
991,2, ,
991,3, ,
991,4, ,
991,5, ,
991,6, ,
992,0, ,
992,1, ,
992,2, ,
992,3, ,
992,4, ,
992,5, ,
992,6, ,
992,7, ,
992,8, ,
992,9, ,
992,10, ,
992,11, ,
992,12, ,
992,13, ,
992,14, ,
992,15, ,
992,16, ,
992,17, ,
992,18, ,
992,19, ,
992,20, ,
992,21, ,
992,22, ,
992,23, ,
992,24, ,
992,25, ,
992,26, ,
992,27, ,
992,28, ,
992,29, ,
992,40, ,
992,44, ,
992,48, ,
992,50, ,
992,51, ,
993,0, ,
993,1, ,
993,2, ,
993,3, ,
993,4, ,
993,5, ,
993,6, ,
993,7, ,
993,8, ,
993,9, ,
993,10, ,
993,11, ,
993,12, ,
993,13, ,
993,14, ,
993,15, ,
993,16, ,
993,17, ,
993,18, ,
993,19, ,
993,20, ,
993,21, ,
993,22, ,
993,23, ,
993,24, ,
993,25, ,
993,26, ,
993,27, ,
993,28, ,
993,29, ,
993,30, ,
993,31, ,
993,32, ,
993,33, ,
993,34, ,
993,35, ,
993,36, ,
993,37, ,
993,38, ,
993,39, ,
993,40, ,
993,41, ,
993,42, ,
993,43, ,
993,44, ,
993,45, ,
993,46, ,
993,47, ,
993,48, ,
993,49, ,
993,50, ,
993,51, ,
993,52, ,
993,53, ,
993,54, ,
993,55, ,
993,56, ,
993,57, ,
993,58, ,
993,59, ,
993,60, ,
993,61, ,
993,62, ,
993,63, ,
993,64, ,
993,65, ,
993,66, ,
993,67, ,
993,68, ,
993,69, ,
993,70, ,
993,71, ,
993,72, ,
993,79, ,
993,80, ,
993,81, ,
993,82, ,
993,83, ,
993,84, ,
993,85, ,
993,86, ,
993,87, ,
993,88, ,
993,89, ,
993,90, ,
993,91, ,
993,92, ,
993,93, ,
993,94, ,
993,95, ,
993,96, ,
993,97, ,
993,98, ,
993,99, ,
993,100, ,
993,101, ,
993,102, ,
993,103, ,
993,104, ,
993,105, ,
993,106, ,
993,107, ,
993,108, ,
993,109, ,
993,110, ,
993,111, ,
993,112, ,
993,113, ,
993,114, ,
993,127, ,
993,128, ,
993,129, ,
993,130, ,
993,131, ,
993,132, ,
993,133, ,
993,134, ,
993,135, ,
993,136, ,
993,137, ,
993,138, ,
993,145, ,
993,146, ,
993,147, ,
993,148, ,
993,149, ,
993,150, ,
994,0, ,
995,0, ,
995,1, ,
995,2, ,
995,3, ,
995,4, ,
995,5, ,
995,6, ,
995,7, ,
995,8, ,
995,9, ,
995,10, ,
995,11, ,
995,12, ,
995,14, ,
995,15, ,
995,16, ,
995,17, ,
995,18, ,
995,19, ,
995,22, ,
995,23, ,
995,25, ,
1011,0, ,
1011,1,randomOption_Armor.bin,
1011,2,randomOption_Armor.bin,
1011,3,randomOption_Armor.bin,
1011,4,randomOption_Armor.bin,
1011,5,randomOption_Armor.bin,
1011,6,randomOption_Armor.bin,
1011,7,randomOption_Armor.bin,
1011,8,randomOption_Armor.bin,
1011,9,randomOption_Armor.bin,
1011,10,randomOption_Armor.bin,
1011,11,randomOption_Armor.bin,
1011,12,randomOption_Armor.bin,
1011,13,randomOption_Armor.bin,
1011,14,randomOption_Armor.bin,
1011,15,randomOption_Armor.bin,
1011,16,randomOption_Armor.bin,
1011,17,randomOption_Armor.bin,
1011,18,randomOption_Armor.bin,
1011,19,randomOption_Armor.bin,
1011,20,randomOption_Armor.bin,
1011,21,randomOption_Armor.bin,
1011,22,randomOption_Armor.bin,
1011,23,randomOption_Armor.bin,
1011,24,randomOption_Armor.bin,
1011,25,randomOption_Armor.bin,
1011,26,randomOption_Armor.bin,
1011,27,randomOption_Armor.bin,
1011,28,randomOption_Armor.bin,
1011,29,randomOption_Weapon.bin,
1011,30,randomOption_Weapon.bin,
1011,31,randomOption_Weapon.bin,
1011,32,randomOption_Weapon.bin,
1011,33,randomOption_Weapon.bin,
1011,34,randomOption_Weapon.bin,
1011,35,randomOption_Weapon.bin,
1011,36,randomOption_Weapon.bin,
1011,37,randomOption_Weapon.bin,
1011,38,randomOption_Weapon.bin,
1011,39,randomOption_Weapon.bin,
1011,40,randomOption_Weapon.bin,
1011,41,randomOption_Weapon.bin,
1011,42,randomOption_Weapon.bin,
1011,43,randomOption_Weapon.bin,
1011,44,randomOption_Weapon.bin,
1011,45,randomOption_Weapon.bin,
1011,49,randomOption_Necklace.bin,
1011,50,randomOption_Bracelet.bin,
1011,51,randomOption_Ring.bin,
1011,52,randomOption_Belt.bin,
1011,53,randomOption_Earrings.bin,
1011,54, ,
1011,55, ,
1011,56, ,
1011,57, ,
1011,58, ,
1011,59, ,
1011,60, ,
1011,61, ,
1011,62, ,
1011,102, ,
1011,103, ,
1011,104, ,
1011,105, ,
1011,106, ,
1011,107, ,
1011,108, ,
1011,109, ,
1011,110, ,
1011,111, ,
1011,112, ,
1011,201, ,
1011,202, ,
1011,203, ,
1011,204, ,
1011,205, ,
1011,206, ,
1011,208, ,
1011,301,randomOption_ArmorDS.bin,
1011,302,randomOption_ArmorDS.bin,
1011,303,randomOption_ArmorDS.bin,
1011,304,randomOption_ArmorDS.bin,
1011,305,randomOption_ArmorDS.bin,
1011,306,randomOption_ArmorDS.bin,
1011,307,randomOption_ArmorDS.bin,
1011,308,randomOption_ArmorDS.bin,
1011,309,randomOption_ArmorDS.bin,
1011,310,randomOption_ArmorDS.bin,
1011,311,randomOption_ArmorDS.bin,
1011,312,randomOption_ArmorDS.bin,
1011,313,randomOption_ArmorDS.bin,
1011,314,randomOption_ArmorDS.bin,
1011,315,randomOption_ArmorDS.bin,
1011,316,randomOption_ArmorDS.bin,
1011,317,randomOption_ArmorDS.bin,
1011,318,randomOption_ArmorDS.bin,
1011,319,randomOption_ArmorDS.bin,
1011,320,randomOption_ArmorDS.bin,
1011,321,randomOption_ArmorDS.bin,
1011,322,randomOption_ArmorDS.bin,
1011,323,randomOption_ArmorDS.bin,
1011,324,randomOption_ArmorDS.bin,
1011,329,randomOption_WeaponDS.bin,
1011,330,randomOption_WeaponDS.bin,
1011,331,randomOption_WeaponDS.bin,
1011,332,randomOption_WeaponDS.bin,
1011,333,randomOption_WeaponDS.bin,
1011,334,randomOption_WeaponDS.bin,
1011,335,randomOption_WeaponDS.bin,
1011,336,randomOption_WeaponDS.bin,
1011,337,randomOption_WeaponDS.bin,
1011,338,randomOption_WeaponDS.bin,
1011,339,randomOption_WeaponDS.bin,
1011,340,randomOption_WeaponDS.bin,
1011,341,randomOption_WeaponDS.bin,
1011,342,randomOption_WeaponDS.bin,
1011,346,randomOption_WeaponDS.bin,
1011,347,randomOption_WeaponDS.bin,
1011,348,randomOption_WeaponDS.bin,
1011,349,randomOption_Necklace.bin,
1011,350,randomOption_Bracelet.bin,
1011,351,randomOption_Ring.bin,
1011,352,randomOption_Belt.bin,
1011,353,randomOption_Earrings.bin,
1011,401, ,
1011,402, ,
1011,403, ,
1011,404, ,
1011,405, ,
1011,406, ,
1019,0, ,
1019,1, ,
1019,2, ,
1019,3, ,
1019,4, ,
1019,5, ,
1019,6, ,
1019,7, ,
1019,21, ,
1019,22, ,
1019,23, ,
1019,24, ,
1019,25, ,
1019,26, ,
1019,27, ,
1019,28, ,
1020,0, ,
1020,1, ,
1020,2, ,
1020,3, ,
1020,4, ,
1020,5, ,
1020,6, ,
1020,7, ,
1020,8, ,
1020,9, ,
1020,10, ,
1020,11, ,
1020,12, ,
1020,13, ,
1020,14, ,
1020,15, ,
1020,16, ,
1020,17, ,
1020,18, ,
1020,19, ,
1020,20, ,
1020,21, ,
1020,22, ,
1020,23, ,
1020,24, ,
1020,25, ,
1020,26, ,
1020,27, ,
1020,28, ,
1020,29, ,
1020,30, ,
1020,31, ,
1020,32, ,
1020,33, ,
1020,34, ,
1020,35, ,
1020,36, ,
1020,37, ,
1020,38, ,
1020,39, ,
1020,40, ,
1020,41, ,
1020,42, ,
1020,43, ,
1020,44, ,
1020,45, ,
1020,46, ,
1020,47, ,
1020,48, ,
1020,49, ,
1020,50, ,
1020,51, ,
1020,52, ,
1020,53, ,
1020,54, ,
1020,55, ,
1020,56, ,
1020,57, ,
1020,58, ,
1020,59, ,
1020,60, ,
1020,61, ,
1020,62, ,
1020,63, ,
1020,64, ,
1020,65, ,
1020,66, ,
1020,67, ,
1020,68, ,
1020,69, ,
1020,101, ,
1020,102, ,
1020,103, ,
1020,104, ,
1020,105, ,
1020,106, ,
1020,107, ,
1020,108, ,
1020,109, ,
1020,110, ,
1020,111, ,
1020,112, ,
1020,113, ,
1020,114, ,
1020,115, ,
1020,116, ,
1020,117, ,
1020,118, ,
1020,119, ,
1020,120, ,
1020,121, ,
1020,122, ,
1020,123, ,
1020,124, ,
1020,125, ,
1020,126, ,
1020,127, ,
1020,128, ,
1020,129, ,
1020,130, ,
1020,131, ,
1020,132, ,
1020,133, ,
1020,134, ,
1020,135, ,
1020,136, ,
1020,137, ,
1020,138, ,
1020,139, ,
1020,140, ,
1020,141, ,
1020,142, ,
1020,143, ,
1020,144, ,
1020,145, ,
1020,146, ,
1020,147, ,
1020,148, ,
1020,149, ,
1020,150, ,
1020,151, ,
1020,152, ,
1020,153, ,
1020,154, ,
1020,155, ,
1020,156, ,
1020,157, ,
1020,158, ,
1020,159, ,
1020,160, ,
1020,161, ,
1020,162, ,
1020,163, ,
1020,164, ,
1020,165, ,
1020,166, ,
1020,167, ,
1020,168, ,
1020,169, ,
1021,0, ,
1021,1, ,
1021,2, ,
1021,3, ,
1021,4, ,
1021,5, ,
1021,6, ,
1021,7, ,
1021,8, ,
1021,9, ,
1021,10, ,
1021,11, ,
1021,12, ,
1021,101, ,
1021,102, ,
1021,103, ,
1021,104, ,
1021,105, ,
1021,106, ,
1021,107, ,
1021,108, ,
1021,109, ,
1021,110, ,
1021,111, ,
1021,112, ,
1022,0, ,
1022,1,randomOption_ArmorT1.bin,
1022,2,randomOption_ArmorT1.bin,
1022,3,randomOption_ArmorT1.bin,
1022,4,randomOption_ArmorT1.bin,
1022,5,randomOption_ArmorT1.bin,
1022,6,randomOption_ArmorT1.bin,
1022,7,randomOption_ArmorT1.bin,
1022,8,randomOption_ArmorT1.bin,
1022,9,randomOption_ArmorT1.bin,
1022,10,randomOption_ArmorT1.bin,
1022,11,randomOption_ArmorT1.bin,
1022,12,randomOption_ArmorT1.bin,
1022,13,randomOption_ArmorT1.bin,
1022,14,randomOption_ArmorT1.bin,
1022,15,randomOption_ArmorT1.bin,
1022,16,randomOption_ArmorT1.bin,
1022,17,randomOption_ArmorT1.bin,
1022,18,randomOption_ArmorT1.bin,
1022,19,randomOption_ArmorT1.bin,
1022,20,randomOption_ArmorT1.bin,
1022,21,randomOption_ArmorT1.bin,
1022,22,randomOption_ArmorT1.bin,
1022,23,randomOption_ArmorT1.bin,
1022,24,randomOption_ArmorT1.bin,
1022,101,randomOption_ArmorT2.bin,
1022,102,randomOption_ArmorT2.bin,
1022,103,randomOption_ArmorT2.bin,
1022,104,randomOption_ArmorT2.bin,
1022,105,randomOption_ArmorT2.bin,
1022,106,randomOption_ArmorT2.bin,
1022,107,randomOption_ArmorT2.bin,
1022,108,randomOption_ArmorT2.bin,
1022,109,randomOption_ArmorT2.bin,
1022,110,randomOption_ArmorT2.bin,
1022,111,randomOption_ArmorT2.bin,
1022,112,randomOption_ArmorT2.bin,
1022,113,randomOption_ArmorT2.bin,
1022,114,randomOption_ArmorT2.bin,
1022,115,randomOption_ArmorT2.bin,
1022,116,randomOption_ArmorT2.bin,
1022,117,randomOption_ArmorT2.bin,
1022,118,randomOption_ArmorT2.bin,
1022,119,randomOption_ArmorT2.bin,
1022,120,randomOption_ArmorT2.bin,
1022,121,randomOption_ArmorT2.bin,
1022,122,randomOption_ArmorT2.bin,
1022,123,randomOption_ArmorT2.bin,
1022,124,randomOption_ArmorT2.bin,
1022,201,randomOption_ArmorT3.bin,
1022,202,randomOption_ArmorT3.bin,
1022,203,randomOption_ArmorT3.bin,
1022,204,randomOption_ArmorT3.bin,
1022,205,randomOption_ArmorT3.bin,
1022,206,randomOption_ArmorT3.bin,
1022,207,randomOption_ArmorT3.bin,
1022,208,randomOption_ArmorT3.bin,
1022,209,randomOption_ArmorT3.bin,
1022,210,randomOption_ArmorT3.bin,
1022,211,randomOption_ArmorT3.bin,
1022,212,randomOption_ArmorT3.bin,
1022,213,randomOption_ArmorT3.bin,
1022,214,randomOption_ArmorT3.bin,
1022,215,randomOption_ArmorT3.bin,
1022,216,randomOption_ArmorT3.bin,
1022,217,randomOption_ArmorT3.bin,
1022,218,randomOption_ArmorT3.bin,
1022,219,randomOption_ArmorT3.bin,
1022,220,randomOption_ArmorT3.bin,
1022,221,randomOption_ArmorT3.bin,
1022,222,randomOption_ArmorT3.bin,
1022,223,randomOption_ArmorT3.bin,
1022,224,randomOption_ArmorT3.bin,
1022,301,randomOption_ArmorT4.bin,
1022,302,randomOption_ArmorT4.bin,
1022,303,randomOption_ArmorT4.bin,
1022,304,randomOption_ArmorT4.bin,
1022,305,randomOption_ArmorT4.bin,
1022,306,randomOption_ArmorT4.bin,
1022,307,randomOption_ArmorT4.bin,
1022,308,randomOption_ArmorT4.bin,
1022,309,randomOption_ArmorT4.bin,
1022,310,randomOption_ArmorT4.bin,
1022,311,randomOption_ArmorT4.bin,
1022,312,randomOption_ArmorT4.bin,
1022,313,randomOption_ArmorT4.bin,
1022,314,randomOption_ArmorT4.bin,
1022,315,randomOption_ArmorT4.bin,
1022,316,randomOption_ArmorT4.bin,
1022,317,randomOption_ArmorT4.bin,
1022,318,randomOption_ArmorT4.bin,
1022,319,randomOption_ArmorT4.bin,
1022,320,randomOption_ArmorT4.bin,
1022,321,randomOption_ArmorT4.bin,
1022,322,randomOption_ArmorT4.bin,
1022,323,randomOption_ArmorT4.bin,
1022,324,randomOption_ArmorT4.bin,
1022,401,randomOption_ArmorT5.bin,
1022,402,randomOption_ArmorT5.bin,
1022,403,randomOption_ArmorT5.bin,
1022,404,randomOption_ArmorT5.bin,
1022,405,randomOption_ArmorT5.bin,
1022,406,randomOption_ArmorT5.bin,
1022,407,randomOption_ArmorT5.bin,
1022,408,randomOption_ArmorT5.bin,
1022,409,randomOption_ArmorT5.bin,
1022,410,randomOption_ArmorT5.bin,
1022,411,randomOption_ArmorT5.bin,
1022,412,randomOption_ArmorT5.bin,
1022,413,randomOption_ArmorT5.bin,
1022,414,randomOption_ArmorT5.bin,
1022,415,randomOption_ArmorT5.bin,
1022,416,randomOption_ArmorT5.bin,
1022,417,randomOption_ArmorT5.bin,
1022,418,randomOption_ArmorT5.bin,
1022,419,randomOption_ArmorT5.bin,
1022,420,randomOption_ArmorT5.bin,
1022,421,randomOption_ArmorT5.bin,
1022,422,randomOption_ArmorT5.bin,
1022,423,randomOption_ArmorT5.bin,
1022,424,randomOption_ArmorT5.bin,
1022,501,randomOption_ArmorT1.bin,
1022,502,randomOption_ArmorT1.bin,
1022,503,randomOption_ArmorT1.bin,
1022,504,randomOption_ArmorT1.bin,
1022,505,randomOption_ArmorT1.bin,
1022,506,randomOption_ArmorT1.bin,
1022,601,randomOption_ArmorT2.bin,
1022,602,randomOption_ArmorT2.bin,
1022,603,randomOption_ArmorT2.bin,
1022,604,randomOption_ArmorT2.bin,
1022,605,randomOption_ArmorT2.bin,
1022,606,randomOption_ArmorT2.bin,
1022,701,randomOption_ArmorT3.bin,
1022,702,randomOption_ArmorT3.bin,
1022,703,randomOption_ArmorT3.bin,
1022,704,randomOption_ArmorT3.bin,
1022,705,randomOption_ArmorT3.bin,
1022,706,randomOption_ArmorT3.bin,
1022,801,randomOption_ArmorT4.bin,
1022,802,randomOption_ArmorT4.bin,
1022,803,randomOption_ArmorT4.bin,
1022,804,randomOption_ArmorT4.bin,
1022,805,randomOption_ArmorT4.bin,
1022,806,randomOption_ArmorT4.bin,
1022,901,randomOption_ArmorT5.bin,
1022,902,randomOption_ArmorT5.bin,
1022,903,randomOption_ArmorT5.bin,
1022,904,randomOption_ArmorT5.bin,
1022,905,randomOption_ArmorT5.bin,
1022,906,randomOption_ArmorT5.bin,
1023,0, ,
1023,1,randomOption_WeaponT1.bin,
1023,2,randomOption_WeaponT1.bin,
1023,3,randomOption_WeaponT1.bin,
1023,4,randomOption_WeaponT1.bin,
1023,5,randomOption_WeaponT1.bin,
1023,6,randomOption_WeaponT1.bin,
1023,7,randomOption_WeaponT1.bin,
1023,8,randomOption_WeaponT1.bin,
1023,9,randomOption_WeaponT1.bin,
1023,10,randomOption_WeaponT1.bin,
1023,11,randomOption_WeaponT1.bin,
1023,12,randomOption_WeaponT1.bin,
1023,13,randomOption_WeaponT1.bin,
1023,14,randomOption_WeaponT1.bin,
1023,15,randomOption_WeaponT1.bin,
1023,16,randomOption_WeaponT1.bin,
1023,17,randomOption_WeaponT1.bin,
1023,101,randomOption_WeaponT2.bin,
1023,102,randomOption_WeaponT2.bin,
1023,103,randomOption_WeaponT2.bin,
1023,104,randomOption_WeaponT2.bin,
1023,105,randomOption_WeaponT2.bin,
1023,106,randomOption_WeaponT2.bin,
1023,107,randomOption_WeaponT2.bin,
1023,108,randomOption_WeaponT2.bin,
1023,109,randomOption_WeaponT2.bin,
1023,110,randomOption_WeaponT2.bin,
1023,111,randomOption_WeaponT2.bin,
1023,112,randomOption_WeaponT2.bin,
1023,113,randomOption_WeaponT2.bin,
1023,114,randomOption_WeaponT2.bin,
1023,115,randomOption_WeaponT2.bin,
1023,116,randomOption_WeaponT2.bin,
1023,117,randomOption_WeaponT2.bin,
1023,201,randomOption_WeaponT3.bin,
1023,202,randomOption_WeaponT3.bin,
1023,203,randomOption_WeaponT3.bin,
1023,204,randomOption_WeaponT3.bin,
1023,205,randomOption_WeaponT3.bin,
1023,206,randomOption_WeaponT3.bin,
1023,207,randomOption_WeaponT3.bin,
1023,208,randomOption_WeaponT3.bin,
1023,209,randomOption_WeaponT3.bin,
1023,210,randomOption_WeaponT3.bin,
1023,211,randomOption_WeaponT3.bin,
1023,212,randomOption_WeaponT3.bin,
1023,213,randomOption_WeaponT3.bin,
1023,214,randomOption_WeaponT3.bin,
1023,215,randomOption_WeaponT3.bin,
1023,216,randomOption_WeaponT3.bin,
1023,217,randomOption_WeaponT3.bin,
1023,301,randomOption_WeaponT4.bin,
1023,302,randomOption_WeaponT4.bin,
1023,303,randomOption_WeaponT4.bin,
1023,304,randomOption_WeaponT4.bin,
1023,305,randomOption_WeaponT4.bin,
1023,306,randomOption_WeaponT4.bin,
1023,307,randomOption_WeaponT4.bin,
1023,308,randomOption_WeaponT4.bin,
1023,309,randomOption_WeaponT4.bin,
1023,310,randomOption_WeaponT4.bin,
1023,311,randomOption_WeaponT4.bin,
1023,312,randomOption_WeaponT4.bin,
1023,313,randomOption_WeaponT4.bin,
1023,314,randomOption_WeaponT4.bin,
1023,315,randomOption_WeaponT4.bin,
1023,316,randomOption_WeaponT4.bin,
1023,317,randomOption_WeaponT4.bin,
1023,401,randomOption_WeaponT5.bin,
1023,402,randomOption_WeaponT5.bin,
1023,403,randomOption_WeaponT5.bin,
1023,404,randomOption_WeaponT5.bin,
1023,405,randomOption_WeaponT5.bin,
1023,406,randomOption_WeaponT5.bin,
1023,407,randomOption_WeaponT5.bin,
1023,408,randomOption_WeaponT5.bin,
1023,409,randomOption_WeaponT5.bin,
1023,410,randomOption_WeaponT5.bin,
1023,411,randomOption_WeaponT5.bin,
1023,412,randomOption_WeaponT5.bin,
1023,413,randomOption_WeaponT5.bin,
1023,414,randomOption_WeaponT5.bin,
1023,415,randomOption_WeaponT5.bin,
1023,416,randomOption_WeaponT5.bin,
1023,417,randomOption_WeaponT5.bin,
1501,0, ,
1501,1,randomOption_ArmorFaultlessM.bin,
1501,2,randomOption_ArmorFaultlessM.bin,
1501,3,randomOption_ArmorFaultlessM.bin,
1501,4,randomOption_ArmorFaultlessM.bin,
1501,5,randomOption_ArmorFaultlessGM.bin,
1501,6,randomOption_ArmorFaultlessGM.bin,
1501,7,randomOption_ArmorFaultlessGM.bin,
1501,8,randomOption_ArmorFaultlessGM.bin,
1501,9,randomOption_ArmorFaultlessGC.bin,
1501,10,randomOption_ArmorFaultlessGC.bin,
1501,11,randomOption_ArmorFaultlessGC.bin,
1501,12,randomOption_ArmorFaultlessGC.bin,
1501,101,randomOption_ArmorFaultlessM.bin,
1501,102,randomOption_ArmorFaultlessGM.bin,
1501,103,randomOption_ArmorFaultlessGC.bin,
1501,201,randomOption_BeltFaultlessGC.bin,
1501,301,randomOption_NecklaceFaultlessGC.bin,
1501,401,randomOption_WeaponFaultlessGC.bin,
1501,402,randomOption_WeaponFaultlessGC.bin,
1501,403,randomOption_WeaponFaultlessGC.bin,
1501,404,randomOption_WeaponFaultlessGC.bin,
1501,405,randomOption_WeaponFaultlessGC.bin,
1501,406,randomOption_WeaponFaultlessGC.bin,
1501,407,randomOption_WeaponFaultlessGC.bin,
1501,408,randomOption_WeaponFaultlessGC.bin,
1501,409,randomOption_WeaponFaultlessGC.bin,
1501,410,randomOption_WeaponFaultlessGC.bin,
1501,411,randomOption_WeaponFaultlessGC.bin,
1501,412,randomOption_WeaponFaultlessGC.bin,
1501,413,randomOption_WeaponFaultlessGC.bin,
1501,414,randomOption_WeaponFaultlessGC.bin,
1501,415,randomOption_WeaponFaultlessGC.bin,
1501,416,randomOption_WeaponFaultlessGC.bin,
1501,417,randomOption_WeaponFaultlessGC.bin,
1501,501,randomOption_BraceletFaultlessGC.bin,
1501,601,randomOption_RingFaultlessGC.bin,
1501,701,randomOption_EarringsFaultlessGC.bin,
1501,801,randomOption_EarringsFaultlessGC.bin,
1929,0, ,
1929,1, ,
1929,2, ,
1929,3, ,
1929,4, ,
1929,5, ,
1929,19, ,
1929,20, ,
1929,21, ,
1929,22, ,
1929,23, ,
1929,43, ,
1929,44, ,
1929,45, ,
1929,46, ,
1929,47, ,
1929,101, ,
1929,102, ,
1929,103, ,
1990,0, ,
1990,1, ,
1990,2, ,
1990,3, ,
1990,4, ,
1990,5, ,
1990,6, ,
1990,7, ,
1990,8, ,
1990,9, ,
1990,10, ,
1990,11, ,
1990,12, ,
1990,13, ,
1990,14, ,
1990,15, ,
1990,16, ,
1990,17, ,
1990,18, ,
1990,19, ,
1990,20, ,
1990,21, ,
1990,22, ,
1990,23, ,
1990,24, ,
1990,25, ,
1990,26, ,
1990,27, ,
1990,28, ,
1990,29, ,
1990,30, ,
1990,31, ,
1990,32, ,
1990,33, ,
1990,34, ,
1990,35, ,
1990,36, ,
1990,37, ,
1990,38, ,
1990,39, ,
1990,40, ,
1990,41, ,
1990,42, ,
1990,43, ,
1990,44, ,
1990,45, ,
1990,46, ,
1990,47, ,
1990,48, ,
1990,49, ,
1990,50, ,
1990,51, ,
1990,52, ,
1990,53, ,
1990,54, ,
1990,55, ,
1990,56, ,
1990,57, ,
1990,58, ,
1990,59, ,
1990,60, ,
1990,61, ,
1990,62, ,
1990,63, ,
1990,64, ,
1990,65, ,
1990,66, ,
1990,67, ,
1990,68, ,
1990,69, ,
1990,70, ,
1990,71, ,
1990,72, ,
1990,73, ,
1990,74, ,
1990,75, ,
1990,76, ,
1990,77, ,
1990,78, ,
1990,79, ,
1990,80, ,
1990,81, ,
1990,82, ,
1990,83, ,
1990,84, ,
1990,85, ,
1990,86, ,
1990,87, ,
1990,88, ,
1990,89, ,
1990,90, ,
1990,91, ,
1990,92, ,
1990,93, ,
1990,94, ,
1990,95, ,
1990,96, ,
1990,97, ,
1990,98, ,
1990,99, ,
1990,100, ,
1990,101, ,
1990,102, ,
1990,103, ,
1990,104, ,
1990,105, ,
1990,106, ,
1990,107, ,
1990,108, ,
1990,109, ,
1990,110, ,
1990,111, ,
1990,112, ,
1990,113, ,
1990,114, ,
1990,115, ,
1990,116, ,
1990,117, ,
1990,118, ,
1990,119, ,
1990,120, ,
1990,121, ,
1990,122, ,
1990,123, ,
1990,124, ,
1990,125, ,
1990,126, ,
1990,127, ,
1990,128, ,
1990,129, ,
1990,130, ,
1990,131, ,
1990,132, ,
1990,133, ,
1990,134, ,
1990,135, ,
1990,136, ,
1990,137, ,
1990,138, ,
1990,139, ,
1990,140, ,
1990,141, ,
1990,142, ,
1990,143, ,
1990,144, ,
1990,145, ,
1990,146, ,
1990,147, ,
1990,148, ,
1990,149, ,
1990,150, ,
1990,151, ,
1990,152, ,
1990,153, ,
1990,154, ,
1990,155, ,
1990,156, ,
1990,157, ,
1990,158, ,
1990,159, ,
1990,160, ,
1990,161, ,
1990,162, ,
1990,163, ,
1990,164, ,
1990,165, ,
1990,166, ,
1990,167, ,
1990,168, ,
1990,169, ,
1990,170, ,
1990,171, ,
1990,172, ,
1990,173, ,
1990,174, ,
1990,175, ,
1990,176, ,
1990,177, ,
1990,178, ,
1990,179, ,
1990,180, ,
1990,181, ,
1990,182, ,
1990,183, ,
1990,184, ,
1990,185, ,
1990,186, ,
1990,187, ,
1990,188, ,
1990,189, ,
1990,190, ,
1990,191, ,
1990,192, ,
1990,235, ,
1990,236, ,
1990,237, ,
1990,238, ,
1990,239, ,
1990,240, ,
1990,259, ,
1990,260, ,
1990,261, ,
1990,262, ,
1990,263, ,
1990,264, ,
1990,283, ,
1990,284, ,
1990,285, ,
1990,286, ,
1990,287, ,
1990,288, ,
1990,295, ,
1990,296, ,
1990,297, ,
1990,298, ,
1990,299, ,
1990,300, ,
1990,301, ,
1990,302, ,
1990,303, ,
1990,304, ,
1990,305, ,
1990,306, ,
1990,307, ,
1990,308, ,
1990,309, ,
1990,310, ,
1990,311, ,
1990,312, ,
1991,0, ,
1991,1, ,
1991,2, ,
1991,3, ,
1991,4, ,
1991,5, ,
1991,6, ,
1991,7, ,
1992,0, ,
1992,1, ,
1992,2, ,
1992,3, ,
1992,4, ,
1992,5, ,
1992,6, ,
1992,7, ,
1992,8, ,
1992,9, ,
1992,10, ,
1992,11, ,
1992,12, ,
1992,13, ,
1992,14, ,
1992,15, ,
1992,16, ,
1992,17, ,
1992,18, ,
1992,19, ,
1992,20, ,
1992,21, ,
1992,22, ,
1992,23, ,
1992,24, ,
1992,25, ,
1992,26, ,
1992,27, ,
1992,28, ,
1992,29, ,
1992,30, ,
1992,31, ,
1992,32, ,
1992,40, ,
1992,44, ,
1992,48, ,
1992,50, ,
1992,51, ,
1993,0, ,
1993,1, ,
1993,2, ,
1993,3, ,
1993,4, ,
1993,5, ,
1993,6, ,
1993,7, ,
1993,8, ,
1993,9, ,
1993,10, ,
1993,11, ,
1993,12, ,
1993,13, ,
1993,14, ,
1993,15, ,
1993,16, ,
1993,17, ,
1993,18, ,
1993,19, ,
1993,20, ,
1993,21, ,
1993,22, ,
1993,23, ,
1993,24, ,
1993,25, ,
1993,26, ,
1993,27, ,
1993,28, ,
1993,29, ,
1993,30, ,
1993,31, ,
1993,32, ,
1993,33, ,
1993,34, ,
1993,35, ,
1993,36, ,
1993,37, ,
1993,38, ,
1993,39, ,
1993,40, ,
1993,41, ,
1993,42, ,
1993,43, ,
1993,44, ,
1993,45, ,
1993,46, ,
1993,47, ,
1993,48, ,
1993,49, ,
1993,50, ,
1993,51, ,
1993,52, ,
1993,53, ,
1993,54, ,
1993,55, ,
1993,56, ,
1993,57, ,
1993,58, ,
1993,59, ,
1993,60, ,
1993,61, ,
1993,62, ,
1993,63, ,
1993,64, ,
1993,65, ,
1993,66, ,
1993,67, ,
1993,68, ,
1993,69, ,
1993,70, ,
1993,71, ,
1993,72, ,
1993,73, ,
1993,74, ,
1993,75, ,
1993,76, ,
1993,77, ,
1993,78, ,
1993,79, ,
1993,80, ,
1993,81, ,
1993,82, ,
1993,83, ,
1993,84, ,
1993,85, ,
1993,86, ,
1993,87, ,
1993,88, ,
1993,89, ,
1993,90, ,
1993,91, ,
1993,92, ,
1993,93, ,
1993,94, ,
1993,95, ,
1993,96, ,
1993,97, ,
1993,98, ,
1993,99, ,
1993,100, ,
1993,101, ,
1993,102, ,
1993,103, ,
1993,104, ,
1993,105, ,
1993,106, ,
1993,107, ,
1993,108, ,
1993,109, ,
1993,110, ,
1993,111, ,
1993,112, ,
1993,113, ,
1993,114, ,
1993,115, ,
1993,116, ,
1993,117, ,
1993,118, ,
1993,119, ,
1993,120, ,
1993,121, ,
1993,122, ,
1993,123, ,
1993,124, ,
1993,125, ,
1993,126, ,
1993,127, ,
1993,128, ,
1993,129, ,
1993,130, ,
1993,131, ,
1993,132, ,
1993,133, ,
1993,134, ,
1993,135, ,
1993,136, ,
1993,137, ,
1993,138, ,
1993,145, ,
1993,146, ,
1993,147, ,
1993,148, ,
1993,149, ,
1993,150, ,
1994,0, ,
1995,0, ,
1995,1, ,
1995,2, ,
1995,3, ,
1995,4, ,
1995,5, ,
1995,6, ,
1995,7, ,
1995,8, ,
1995,9, ,
1995,10, ,
1995,11, ,
1995,12, ,
1995,13, ,
1995,14, ,
1995,15, ,
1995,16, ,
1995,17, ,
1995,18, ,
1995,19, ,
1995,20, ,
1995,21, ,
1995,22, ,
1995,23, ,
1995,25, ,
1996,0, ,
1996,1, ,
1996,2, ,
1996,3, ,
1996,4, ,
1996,5, ,
1996,6, ,
1996,7, ,
1996,8, ,
1996,9, ,
1996,10, ,
1996,11, ,
1996,12, ,
1996,13, ,
1996,14, ,
1996,15, ,
1996,16, ,
1996,17, ,
1996,18, ,
1996,19, ,
